[2025-12-14T05:31:07.114+0000] {processor.py:186} INFO - Started process (PID=6725) to work on /opt/airflow/dags/socar_seismic_etl_v2.py
[2025-12-14T05:31:07.115+0000] {processor.py:914} INFO - Processing file /opt/airflow/dags/socar_seismic_etl_v2.py for tasks to queue
[2025-12-14T05:31:07.116+0000] {logging_mixin.py:190} INFO - [2025-12-14T05:31:07.116+0000] {dagbag.py:588} INFO - Filling up the DagBag from /opt/airflow/dags/socar_seismic_etl_v2.py
[2025-12-14T05:31:07.309+0000] {processor.py:925} INFO - DAG(s) 'socar_seismic_etl_v2' retrieved from /opt/airflow/dags/socar_seismic_etl_v2.py
[2025-12-14T05:31:07.385+0000] {logging_mixin.py:190} INFO - [2025-12-14T05:31:07.384+0000] {override.py:1911} INFO - Created Permission View: can edit on DAG:socar_seismic_etl_v2
[2025-12-14T05:31:07.392+0000] {logging_mixin.py:190} INFO - [2025-12-14T05:31:07.391+0000] {override.py:1911} INFO - Created Permission View: can read on DAG:socar_seismic_etl_v2
[2025-12-14T05:31:07.396+0000] {logging_mixin.py:190} INFO - [2025-12-14T05:31:07.396+0000] {override.py:1911} INFO - Created Permission View: can delete on DAG:socar_seismic_etl_v2
[2025-12-14T05:31:07.401+0000] {logging_mixin.py:190} INFO - [2025-12-14T05:31:07.401+0000] {override.py:1911} INFO - Created Permission View: can create on DAG Run:socar_seismic_etl_v2
[2025-12-14T05:31:07.405+0000] {logging_mixin.py:190} INFO - [2025-12-14T05:31:07.404+0000] {override.py:1911} INFO - Created Permission View: can delete on DAG Run:socar_seismic_etl_v2
[2025-12-14T05:31:07.409+0000] {logging_mixin.py:190} INFO - [2025-12-14T05:31:07.409+0000] {override.py:1911} INFO - Created Permission View: can read on DAG Run:socar_seismic_etl_v2
[2025-12-14T05:31:07.413+0000] {logging_mixin.py:190} INFO - [2025-12-14T05:31:07.413+0000] {override.py:1911} INFO - Created Permission View: menu access on DAG Run:socar_seismic_etl_v2
[2025-12-14T05:31:07.413+0000] {logging_mixin.py:190} INFO - [2025-12-14T05:31:07.413+0000] {dag.py:3239} INFO - Sync 1 DAGs
[2025-12-14T05:31:07.422+0000] {logging_mixin.py:190} INFO - [2025-12-14T05:31:07.422+0000] {dag.py:3262} INFO - Creating ORM DAG for socar_seismic_etl_v2
[2025-12-14T05:31:07.423+0000] {logging_mixin.py:190} INFO - [2025-12-14T05:31:07.423+0000] {dag.py:4180} INFO - Setting next_dagrun for socar_seismic_etl_v2 to None, run_after=None
[2025-12-14T05:31:07.436+0000] {processor.py:208} INFO - Processing /opt/airflow/dags/socar_seismic_etl_v2.py took 0.325 seconds
[2025-12-14T05:31:37.564+0000] {processor.py:186} INFO - Started process (PID=6743) to work on /opt/airflow/dags/socar_seismic_etl_v2.py
[2025-12-14T05:31:37.565+0000] {processor.py:914} INFO - Processing file /opt/airflow/dags/socar_seismic_etl_v2.py for tasks to queue
[2025-12-14T05:31:37.567+0000] {logging_mixin.py:190} INFO - [2025-12-14T05:31:37.566+0000] {dagbag.py:588} INFO - Filling up the DagBag from /opt/airflow/dags/socar_seismic_etl_v2.py
[2025-12-14T05:31:37.759+0000] {processor.py:925} INFO - DAG(s) 'socar_seismic_etl_v2' retrieved from /opt/airflow/dags/socar_seismic_etl_v2.py
[2025-12-14T05:31:37.780+0000] {logging_mixin.py:190} INFO - [2025-12-14T05:31:37.780+0000] {dag.py:3239} INFO - Sync 1 DAGs
[2025-12-14T05:31:37.792+0000] {logging_mixin.py:190} INFO - [2025-12-14T05:31:37.792+0000] {dag.py:4180} INFO - Setting next_dagrun for socar_seismic_etl_v2 to None, run_after=None
[2025-12-14T05:31:37.804+0000] {processor.py:208} INFO - Processing /opt/airflow/dags/socar_seismic_etl_v2.py took 0.244 seconds
[2025-12-14T05:32:07.938+0000] {processor.py:186} INFO - Started process (PID=6761) to work on /opt/airflow/dags/socar_seismic_etl_v2.py
[2025-12-14T05:32:07.938+0000] {processor.py:914} INFO - Processing file /opt/airflow/dags/socar_seismic_etl_v2.py for tasks to queue
[2025-12-14T05:32:07.940+0000] {logging_mixin.py:190} INFO - [2025-12-14T05:32:07.939+0000] {dagbag.py:588} INFO - Filling up the DagBag from /opt/airflow/dags/socar_seismic_etl_v2.py
[2025-12-14T05:32:08.132+0000] {processor.py:925} INFO - DAG(s) 'socar_seismic_etl_v2' retrieved from /opt/airflow/dags/socar_seismic_etl_v2.py
[2025-12-14T05:32:08.153+0000] {logging_mixin.py:190} INFO - [2025-12-14T05:32:08.153+0000] {dag.py:3239} INFO - Sync 1 DAGs
[2025-12-14T05:32:08.165+0000] {logging_mixin.py:190} INFO - [2025-12-14T05:32:08.165+0000] {dag.py:4180} INFO - Setting next_dagrun for socar_seismic_etl_v2 to None, run_after=None
[2025-12-14T05:32:08.177+0000] {processor.py:208} INFO - Processing /opt/airflow/dags/socar_seismic_etl_v2.py took 0.244 seconds
[2025-12-14T05:32:38.311+0000] {processor.py:186} INFO - Started process (PID=6779) to work on /opt/airflow/dags/socar_seismic_etl_v2.py
[2025-12-14T05:32:38.311+0000] {processor.py:914} INFO - Processing file /opt/airflow/dags/socar_seismic_etl_v2.py for tasks to queue
[2025-12-14T05:32:38.313+0000] {logging_mixin.py:190} INFO - [2025-12-14T05:32:38.313+0000] {dagbag.py:588} INFO - Filling up the DagBag from /opt/airflow/dags/socar_seismic_etl_v2.py
[2025-12-14T05:32:38.505+0000] {processor.py:925} INFO - DAG(s) 'socar_seismic_etl_v2' retrieved from /opt/airflow/dags/socar_seismic_etl_v2.py
[2025-12-14T05:32:38.526+0000] {logging_mixin.py:190} INFO - [2025-12-14T05:32:38.526+0000] {dag.py:3239} INFO - Sync 1 DAGs
[2025-12-14T05:32:38.538+0000] {logging_mixin.py:190} INFO - [2025-12-14T05:32:38.537+0000] {dag.py:4180} INFO - Setting next_dagrun for socar_seismic_etl_v2 to None, run_after=None
[2025-12-14T05:32:38.550+0000] {processor.py:208} INFO - Processing /opt/airflow/dags/socar_seismic_etl_v2.py took 0.244 seconds
[2025-12-14T05:33:08.685+0000] {processor.py:186} INFO - Started process (PID=6797) to work on /opt/airflow/dags/socar_seismic_etl_v2.py
[2025-12-14T05:33:08.686+0000] {processor.py:914} INFO - Processing file /opt/airflow/dags/socar_seismic_etl_v2.py for tasks to queue
[2025-12-14T05:33:08.687+0000] {logging_mixin.py:190} INFO - [2025-12-14T05:33:08.687+0000] {dagbag.py:588} INFO - Filling up the DagBag from /opt/airflow/dags/socar_seismic_etl_v2.py
[2025-12-14T05:33:08.879+0000] {processor.py:925} INFO - DAG(s) 'socar_seismic_etl_v2' retrieved from /opt/airflow/dags/socar_seismic_etl_v2.py
[2025-12-14T05:33:08.900+0000] {logging_mixin.py:190} INFO - [2025-12-14T05:33:08.900+0000] {dag.py:3239} INFO - Sync 1 DAGs
[2025-12-14T05:33:08.913+0000] {logging_mixin.py:190} INFO - [2025-12-14T05:33:08.912+0000] {dag.py:4180} INFO - Setting next_dagrun for socar_seismic_etl_v2 to None, run_after=None
[2025-12-14T05:33:08.925+0000] {processor.py:208} INFO - Processing /opt/airflow/dags/socar_seismic_etl_v2.py took 0.244 seconds
[2025-12-14T05:33:39.054+0000] {processor.py:186} INFO - Started process (PID=6815) to work on /opt/airflow/dags/socar_seismic_etl_v2.py
[2025-12-14T05:33:39.055+0000] {processor.py:914} INFO - Processing file /opt/airflow/dags/socar_seismic_etl_v2.py for tasks to queue
[2025-12-14T05:33:39.057+0000] {logging_mixin.py:190} INFO - [2025-12-14T05:33:39.056+0000] {dagbag.py:588} INFO - Filling up the DagBag from /opt/airflow/dags/socar_seismic_etl_v2.py
[2025-12-14T05:33:39.250+0000] {processor.py:925} INFO - DAG(s) 'socar_seismic_etl_v2' retrieved from /opt/airflow/dags/socar_seismic_etl_v2.py
[2025-12-14T05:33:39.271+0000] {logging_mixin.py:190} INFO - [2025-12-14T05:33:39.270+0000] {dag.py:3239} INFO - Sync 1 DAGs
[2025-12-14T05:33:39.282+0000] {logging_mixin.py:190} INFO - [2025-12-14T05:33:39.282+0000] {dag.py:4180} INFO - Setting next_dagrun for socar_seismic_etl_v2 to None, run_after=None
[2025-12-14T05:33:39.295+0000] {processor.py:208} INFO - Processing /opt/airflow/dags/socar_seismic_etl_v2.py took 0.245 seconds
[2025-12-14T05:34:09.429+0000] {processor.py:186} INFO - Started process (PID=6837) to work on /opt/airflow/dags/socar_seismic_etl_v2.py
[2025-12-14T05:34:09.430+0000] {processor.py:914} INFO - Processing file /opt/airflow/dags/socar_seismic_etl_v2.py for tasks to queue
[2025-12-14T05:34:09.431+0000] {logging_mixin.py:190} INFO - [2025-12-14T05:34:09.431+0000] {dagbag.py:588} INFO - Filling up the DagBag from /opt/airflow/dags/socar_seismic_etl_v2.py
[2025-12-14T05:34:09.623+0000] {processor.py:925} INFO - DAG(s) 'socar_seismic_etl_v2' retrieved from /opt/airflow/dags/socar_seismic_etl_v2.py
[2025-12-14T05:34:09.644+0000] {logging_mixin.py:190} INFO - [2025-12-14T05:34:09.643+0000] {dag.py:3239} INFO - Sync 1 DAGs
[2025-12-14T05:34:09.655+0000] {logging_mixin.py:190} INFO - [2025-12-14T05:34:09.655+0000] {dag.py:4180} INFO - Setting next_dagrun for socar_seismic_etl_v2 to None, run_after=None
[2025-12-14T05:34:09.668+0000] {processor.py:208} INFO - Processing /opt/airflow/dags/socar_seismic_etl_v2.py took 0.243 seconds
[2025-12-14T05:34:39.799+0000] {processor.py:186} INFO - Started process (PID=6855) to work on /opt/airflow/dags/socar_seismic_etl_v2.py
[2025-12-14T05:34:39.800+0000] {processor.py:914} INFO - Processing file /opt/airflow/dags/socar_seismic_etl_v2.py for tasks to queue
[2025-12-14T05:34:39.802+0000] {logging_mixin.py:190} INFO - [2025-12-14T05:34:39.802+0000] {dagbag.py:588} INFO - Filling up the DagBag from /opt/airflow/dags/socar_seismic_etl_v2.py
[2025-12-14T05:34:39.994+0000] {processor.py:925} INFO - DAG(s) 'socar_seismic_etl_v2' retrieved from /opt/airflow/dags/socar_seismic_etl_v2.py
[2025-12-14T05:34:40.015+0000] {logging_mixin.py:190} INFO - [2025-12-14T05:34:40.015+0000] {dag.py:3239} INFO - Sync 1 DAGs
[2025-12-14T05:34:40.027+0000] {logging_mixin.py:190} INFO - [2025-12-14T05:34:40.026+0000] {dag.py:4180} INFO - Setting next_dagrun for socar_seismic_etl_v2 to None, run_after=None
[2025-12-14T05:34:40.039+0000] {processor.py:208} INFO - Processing /opt/airflow/dags/socar_seismic_etl_v2.py took 0.244 seconds
[2025-12-14T05:35:10.174+0000] {processor.py:186} INFO - Started process (PID=6873) to work on /opt/airflow/dags/socar_seismic_etl_v2.py
[2025-12-14T05:35:10.175+0000] {processor.py:914} INFO - Processing file /opt/airflow/dags/socar_seismic_etl_v2.py for tasks to queue
[2025-12-14T05:35:10.176+0000] {logging_mixin.py:190} INFO - [2025-12-14T05:35:10.176+0000] {dagbag.py:588} INFO - Filling up the DagBag from /opt/airflow/dags/socar_seismic_etl_v2.py
[2025-12-14T05:35:10.368+0000] {processor.py:925} INFO - DAG(s) 'socar_seismic_etl_v2' retrieved from /opt/airflow/dags/socar_seismic_etl_v2.py
[2025-12-14T05:35:10.390+0000] {logging_mixin.py:190} INFO - [2025-12-14T05:35:10.390+0000] {dag.py:3239} INFO - Sync 1 DAGs
[2025-12-14T05:35:10.402+0000] {logging_mixin.py:190} INFO - [2025-12-14T05:35:10.402+0000] {dag.py:4180} INFO - Setting next_dagrun for socar_seismic_etl_v2 to None, run_after=None
[2025-12-14T05:35:10.415+0000] {processor.py:208} INFO - Processing /opt/airflow/dags/socar_seismic_etl_v2.py took 0.245 seconds
[2025-12-14T05:35:40.550+0000] {processor.py:186} INFO - Started process (PID=6891) to work on /opt/airflow/dags/socar_seismic_etl_v2.py
[2025-12-14T05:35:40.550+0000] {processor.py:914} INFO - Processing file /opt/airflow/dags/socar_seismic_etl_v2.py for tasks to queue
[2025-12-14T05:35:40.552+0000] {logging_mixin.py:190} INFO - [2025-12-14T05:35:40.551+0000] {dagbag.py:588} INFO - Filling up the DagBag from /opt/airflow/dags/socar_seismic_etl_v2.py
[2025-12-14T05:35:40.743+0000] {processor.py:925} INFO - DAG(s) 'socar_seismic_etl_v2' retrieved from /opt/airflow/dags/socar_seismic_etl_v2.py
[2025-12-14T05:35:40.765+0000] {logging_mixin.py:190} INFO - [2025-12-14T05:35:40.764+0000] {dag.py:3239} INFO - Sync 1 DAGs
[2025-12-14T05:35:40.776+0000] {logging_mixin.py:190} INFO - [2025-12-14T05:35:40.776+0000] {dag.py:4180} INFO - Setting next_dagrun for socar_seismic_etl_v2 to None, run_after=None
[2025-12-14T05:35:40.789+0000] {processor.py:208} INFO - Processing /opt/airflow/dags/socar_seismic_etl_v2.py took 0.244 seconds
[2025-12-14T05:36:10.929+0000] {processor.py:186} INFO - Started process (PID=6909) to work on /opt/airflow/dags/socar_seismic_etl_v2.py
[2025-12-14T05:36:10.930+0000] {processor.py:914} INFO - Processing file /opt/airflow/dags/socar_seismic_etl_v2.py for tasks to queue
[2025-12-14T05:36:10.931+0000] {logging_mixin.py:190} INFO - [2025-12-14T05:36:10.931+0000] {dagbag.py:588} INFO - Filling up the DagBag from /opt/airflow/dags/socar_seismic_etl_v2.py
[2025-12-14T05:36:11.123+0000] {processor.py:925} INFO - DAG(s) 'socar_seismic_etl_v2' retrieved from /opt/airflow/dags/socar_seismic_etl_v2.py
[2025-12-14T05:36:11.144+0000] {logging_mixin.py:190} INFO - [2025-12-14T05:36:11.144+0000] {dag.py:3239} INFO - Sync 1 DAGs
[2025-12-14T05:36:11.156+0000] {logging_mixin.py:190} INFO - [2025-12-14T05:36:11.155+0000] {dag.py:4180} INFO - Setting next_dagrun for socar_seismic_etl_v2 to None, run_after=None
[2025-12-14T05:36:11.168+0000] {processor.py:208} INFO - Processing /opt/airflow/dags/socar_seismic_etl_v2.py took 0.244 seconds
[2025-12-14T05:36:41.302+0000] {processor.py:186} INFO - Started process (PID=6927) to work on /opt/airflow/dags/socar_seismic_etl_v2.py
[2025-12-14T05:36:41.303+0000] {processor.py:914} INFO - Processing file /opt/airflow/dags/socar_seismic_etl_v2.py for tasks to queue
[2025-12-14T05:36:41.304+0000] {logging_mixin.py:190} INFO - [2025-12-14T05:36:41.304+0000] {dagbag.py:588} INFO - Filling up the DagBag from /opt/airflow/dags/socar_seismic_etl_v2.py
[2025-12-14T05:36:41.496+0000] {processor.py:925} INFO - DAG(s) 'socar_seismic_etl_v2' retrieved from /opt/airflow/dags/socar_seismic_etl_v2.py
[2025-12-14T05:36:41.518+0000] {logging_mixin.py:190} INFO - [2025-12-14T05:36:41.518+0000] {dag.py:3239} INFO - Sync 1 DAGs
[2025-12-14T05:36:41.666+0000] {logging_mixin.py:190} INFO - [2025-12-14T05:36:41.666+0000] {dag.py:4180} INFO - Setting next_dagrun for socar_seismic_etl_v2 to None, run_after=None
[2025-12-14T05:36:41.678+0000] {processor.py:208} INFO - Processing /opt/airflow/dags/socar_seismic_etl_v2.py took 0.380 seconds
[2025-12-14T05:37:11.801+0000] {processor.py:186} INFO - Started process (PID=6945) to work on /opt/airflow/dags/socar_seismic_etl_v2.py
[2025-12-14T05:37:11.802+0000] {processor.py:914} INFO - Processing file /opt/airflow/dags/socar_seismic_etl_v2.py for tasks to queue
[2025-12-14T05:37:11.803+0000] {logging_mixin.py:190} INFO - [2025-12-14T05:37:11.803+0000] {dagbag.py:588} INFO - Filling up the DagBag from /opt/airflow/dags/socar_seismic_etl_v2.py
[2025-12-14T05:37:11.999+0000] {processor.py:925} INFO - DAG(s) 'socar_seismic_etl_v2' retrieved from /opt/airflow/dags/socar_seismic_etl_v2.py
[2025-12-14T05:37:12.023+0000] {logging_mixin.py:190} INFO - [2025-12-14T05:37:12.022+0000] {dag.py:3239} INFO - Sync 1 DAGs
[2025-12-14T05:37:12.034+0000] {logging_mixin.py:190} INFO - [2025-12-14T05:37:12.034+0000] {dag.py:4180} INFO - Setting next_dagrun for socar_seismic_etl_v2 to None, run_after=None
[2025-12-14T05:37:12.047+0000] {processor.py:208} INFO - Processing /opt/airflow/dags/socar_seismic_etl_v2.py took 0.251 seconds
[2025-12-14T05:37:42.184+0000] {processor.py:186} INFO - Started process (PID=6963) to work on /opt/airflow/dags/socar_seismic_etl_v2.py
[2025-12-14T05:37:42.184+0000] {processor.py:914} INFO - Processing file /opt/airflow/dags/socar_seismic_etl_v2.py for tasks to queue
[2025-12-14T05:37:42.186+0000] {logging_mixin.py:190} INFO - [2025-12-14T05:37:42.186+0000] {dagbag.py:588} INFO - Filling up the DagBag from /opt/airflow/dags/socar_seismic_etl_v2.py
[2025-12-14T05:37:42.379+0000] {processor.py:925} INFO - DAG(s) 'socar_seismic_etl_v2' retrieved from /opt/airflow/dags/socar_seismic_etl_v2.py
[2025-12-14T05:37:42.401+0000] {logging_mixin.py:190} INFO - [2025-12-14T05:37:42.400+0000] {dag.py:3239} INFO - Sync 1 DAGs
[2025-12-14T05:37:42.547+0000] {logging_mixin.py:190} INFO - [2025-12-14T05:37:42.547+0000] {dag.py:4180} INFO - Setting next_dagrun for socar_seismic_etl_v2 to None, run_after=None
[2025-12-14T05:37:42.559+0000] {processor.py:208} INFO - Processing /opt/airflow/dags/socar_seismic_etl_v2.py took 0.379 seconds
[2025-12-14T05:38:12.693+0000] {processor.py:186} INFO - Started process (PID=6987) to work on /opt/airflow/dags/socar_seismic_etl_v2.py
[2025-12-14T05:38:12.694+0000] {processor.py:914} INFO - Processing file /opt/airflow/dags/socar_seismic_etl_v2.py for tasks to queue
[2025-12-14T05:38:12.695+0000] {logging_mixin.py:190} INFO - [2025-12-14T05:38:12.695+0000] {dagbag.py:588} INFO - Filling up the DagBag from /opt/airflow/dags/socar_seismic_etl_v2.py
[2025-12-14T05:38:12.886+0000] {processor.py:925} INFO - DAG(s) 'socar_seismic_etl_v2' retrieved from /opt/airflow/dags/socar_seismic_etl_v2.py
[2025-12-14T05:38:12.907+0000] {logging_mixin.py:190} INFO - [2025-12-14T05:38:12.907+0000] {dag.py:3239} INFO - Sync 1 DAGs
[2025-12-14T05:38:12.919+0000] {logging_mixin.py:190} INFO - [2025-12-14T05:38:12.918+0000] {dag.py:4180} INFO - Setting next_dagrun for socar_seismic_etl_v2 to None, run_after=None
[2025-12-14T05:38:12.931+0000] {processor.py:208} INFO - Processing /opt/airflow/dags/socar_seismic_etl_v2.py took 0.242 seconds
[2025-12-14T05:38:43.059+0000] {processor.py:186} INFO - Started process (PID=7009) to work on /opt/airflow/dags/socar_seismic_etl_v2.py
[2025-12-14T05:38:43.060+0000] {processor.py:914} INFO - Processing file /opt/airflow/dags/socar_seismic_etl_v2.py for tasks to queue
[2025-12-14T05:38:43.061+0000] {logging_mixin.py:190} INFO - [2025-12-14T05:38:43.061+0000] {dagbag.py:588} INFO - Filling up the DagBag from /opt/airflow/dags/socar_seismic_etl_v2.py
[2025-12-14T05:38:43.254+0000] {processor.py:925} INFO - DAG(s) 'socar_seismic_etl_v2' retrieved from /opt/airflow/dags/socar_seismic_etl_v2.py
[2025-12-14T05:38:43.418+0000] {logging_mixin.py:190} INFO - [2025-12-14T05:38:43.418+0000] {dag.py:3239} INFO - Sync 1 DAGs
[2025-12-14T05:38:43.429+0000] {logging_mixin.py:190} INFO - [2025-12-14T05:38:43.429+0000] {dag.py:4180} INFO - Setting next_dagrun for socar_seismic_etl_v2 to None, run_after=None
[2025-12-14T05:38:43.441+0000] {processor.py:208} INFO - Processing /opt/airflow/dags/socar_seismic_etl_v2.py took 0.386 seconds
[2025-12-14T05:39:13.577+0000] {processor.py:186} INFO - Started process (PID=7027) to work on /opt/airflow/dags/socar_seismic_etl_v2.py
[2025-12-14T05:39:13.583+0000] {processor.py:914} INFO - Processing file /opt/airflow/dags/socar_seismic_etl_v2.py for tasks to queue
[2025-12-14T05:39:13.584+0000] {logging_mixin.py:190} INFO - [2025-12-14T05:39:13.584+0000] {dagbag.py:588} INFO - Filling up the DagBag from /opt/airflow/dags/socar_seismic_etl_v2.py
[2025-12-14T05:39:13.776+0000] {processor.py:925} INFO - DAG(s) 'socar_seismic_etl_v2' retrieved from /opt/airflow/dags/socar_seismic_etl_v2.py
[2025-12-14T05:39:13.797+0000] {logging_mixin.py:190} INFO - [2025-12-14T05:39:13.797+0000] {dag.py:3239} INFO - Sync 1 DAGs
[2025-12-14T05:39:13.809+0000] {logging_mixin.py:190} INFO - [2025-12-14T05:39:13.809+0000] {dag.py:4180} INFO - Setting next_dagrun for socar_seismic_etl_v2 to None, run_after=None
[2025-12-14T05:39:13.958+0000] {processor.py:208} INFO - Processing /opt/airflow/dags/socar_seismic_etl_v2.py took 0.385 seconds
[2025-12-14T05:39:44.093+0000] {processor.py:186} INFO - Started process (PID=7045) to work on /opt/airflow/dags/socar_seismic_etl_v2.py
[2025-12-14T05:39:44.094+0000] {processor.py:914} INFO - Processing file /opt/airflow/dags/socar_seismic_etl_v2.py for tasks to queue
[2025-12-14T05:39:44.095+0000] {logging_mixin.py:190} INFO - [2025-12-14T05:39:44.095+0000] {dagbag.py:588} INFO - Filling up the DagBag from /opt/airflow/dags/socar_seismic_etl_v2.py
[2025-12-14T05:39:44.429+0000] {processor.py:925} INFO - DAG(s) 'socar_seismic_etl_v2' retrieved from /opt/airflow/dags/socar_seismic_etl_v2.py
[2025-12-14T05:39:44.448+0000] {logging_mixin.py:190} INFO - [2025-12-14T05:39:44.448+0000] {dag.py:3239} INFO - Sync 1 DAGs
[2025-12-14T05:39:44.458+0000] {logging_mixin.py:190} INFO - [2025-12-14T05:39:44.458+0000] {dag.py:4180} INFO - Setting next_dagrun for socar_seismic_etl_v2 to None, run_after=None
[2025-12-14T05:39:44.469+0000] {processor.py:208} INFO - Processing /opt/airflow/dags/socar_seismic_etl_v2.py took 0.381 seconds
[2025-12-14T05:40:14.606+0000] {processor.py:186} INFO - Started process (PID=7063) to work on /opt/airflow/dags/socar_seismic_etl_v2.py
[2025-12-14T05:40:14.606+0000] {processor.py:914} INFO - Processing file /opt/airflow/dags/socar_seismic_etl_v2.py for tasks to queue
[2025-12-14T05:40:14.608+0000] {logging_mixin.py:190} INFO - [2025-12-14T05:40:14.608+0000] {dagbag.py:588} INFO - Filling up the DagBag from /opt/airflow/dags/socar_seismic_etl_v2.py
[2025-12-14T05:40:14.800+0000] {processor.py:925} INFO - DAG(s) 'socar_seismic_etl_v2' retrieved from /opt/airflow/dags/socar_seismic_etl_v2.py
[2025-12-14T05:40:14.822+0000] {logging_mixin.py:190} INFO - [2025-12-14T05:40:14.821+0000] {dag.py:3239} INFO - Sync 1 DAGs
[2025-12-14T05:40:14.967+0000] {logging_mixin.py:190} INFO - [2025-12-14T05:40:14.967+0000] {dag.py:4180} INFO - Setting next_dagrun for socar_seismic_etl_v2 to None, run_after=None
[2025-12-14T05:40:14.979+0000] {processor.py:208} INFO - Processing /opt/airflow/dags/socar_seismic_etl_v2.py took 0.378 seconds
[2025-12-14T05:40:45.114+0000] {processor.py:186} INFO - Started process (PID=7081) to work on /opt/airflow/dags/socar_seismic_etl_v2.py
[2025-12-14T05:40:45.115+0000] {processor.py:914} INFO - Processing file /opt/airflow/dags/socar_seismic_etl_v2.py for tasks to queue
[2025-12-14T05:40:45.116+0000] {logging_mixin.py:190} INFO - [2025-12-14T05:40:45.116+0000] {dagbag.py:588} INFO - Filling up the DagBag from /opt/airflow/dags/socar_seismic_etl_v2.py
[2025-12-14T05:40:45.445+0000] {processor.py:925} INFO - DAG(s) 'socar_seismic_etl_v2' retrieved from /opt/airflow/dags/socar_seismic_etl_v2.py
[2025-12-14T05:40:45.464+0000] {logging_mixin.py:190} INFO - [2025-12-14T05:40:45.463+0000] {dag.py:3239} INFO - Sync 1 DAGs
[2025-12-14T05:40:45.473+0000] {logging_mixin.py:190} INFO - [2025-12-14T05:40:45.473+0000] {dag.py:4180} INFO - Setting next_dagrun for socar_seismic_etl_v2 to None, run_after=None
[2025-12-14T05:40:45.485+0000] {processor.py:208} INFO - Processing /opt/airflow/dags/socar_seismic_etl_v2.py took 0.376 seconds
[2025-12-14T05:41:15.626+0000] {processor.py:186} INFO - Started process (PID=7099) to work on /opt/airflow/dags/socar_seismic_etl_v2.py
[2025-12-14T05:41:15.627+0000] {processor.py:914} INFO - Processing file /opt/airflow/dags/socar_seismic_etl_v2.py for tasks to queue
[2025-12-14T05:41:15.628+0000] {logging_mixin.py:190} INFO - [2025-12-14T05:41:15.628+0000] {dagbag.py:588} INFO - Filling up the DagBag from /opt/airflow/dags/socar_seismic_etl_v2.py
[2025-12-14T05:41:15.820+0000] {processor.py:925} INFO - DAG(s) 'socar_seismic_etl_v2' retrieved from /opt/airflow/dags/socar_seismic_etl_v2.py
[2025-12-14T05:41:15.977+0000] {logging_mixin.py:190} INFO - [2025-12-14T05:41:15.842+0000] {dag.py:3239} INFO - Sync 1 DAGs
[2025-12-14T05:41:15.987+0000] {logging_mixin.py:190} INFO - [2025-12-14T05:41:15.987+0000] {dag.py:4180} INFO - Setting next_dagrun for socar_seismic_etl_v2 to None, run_after=None
[2025-12-14T05:41:15.999+0000] {processor.py:208} INFO - Processing /opt/airflow/dags/socar_seismic_etl_v2.py took 0.377 seconds
[2025-12-14T05:41:46.137+0000] {processor.py:186} INFO - Started process (PID=7117) to work on /opt/airflow/dags/socar_seismic_etl_v2.py
[2025-12-14T05:41:46.138+0000] {processor.py:914} INFO - Processing file /opt/airflow/dags/socar_seismic_etl_v2.py for tasks to queue
[2025-12-14T05:41:46.139+0000] {logging_mixin.py:190} INFO - [2025-12-14T05:41:46.139+0000] {dagbag.py:588} INFO - Filling up the DagBag from /opt/airflow/dags/socar_seismic_etl_v2.py
[2025-12-14T05:41:46.471+0000] {processor.py:925} INFO - DAG(s) 'socar_seismic_etl_v2' retrieved from /opt/airflow/dags/socar_seismic_etl_v2.py
[2025-12-14T05:41:46.490+0000] {logging_mixin.py:190} INFO - [2025-12-14T05:41:46.490+0000] {dag.py:3239} INFO - Sync 1 DAGs
[2025-12-14T05:41:46.499+0000] {logging_mixin.py:190} INFO - [2025-12-14T05:41:46.499+0000] {dag.py:4180} INFO - Setting next_dagrun for socar_seismic_etl_v2 to None, run_after=None
[2025-12-14T05:41:46.511+0000] {processor.py:208} INFO - Processing /opt/airflow/dags/socar_seismic_etl_v2.py took 0.378 seconds
[2025-12-14T05:42:16.646+0000] {processor.py:186} INFO - Started process (PID=7135) to work on /opt/airflow/dags/socar_seismic_etl_v2.py
[2025-12-14T05:42:16.647+0000] {processor.py:914} INFO - Processing file /opt/airflow/dags/socar_seismic_etl_v2.py for tasks to queue
[2025-12-14T05:42:16.649+0000] {logging_mixin.py:190} INFO - [2025-12-14T05:42:16.648+0000] {dagbag.py:588} INFO - Filling up the DagBag from /opt/airflow/dags/socar_seismic_etl_v2.py
[2025-12-14T05:42:16.841+0000] {processor.py:925} INFO - DAG(s) 'socar_seismic_etl_v2' retrieved from /opt/airflow/dags/socar_seismic_etl_v2.py
[2025-12-14T05:42:16.996+0000] {logging_mixin.py:190} INFO - [2025-12-14T05:42:16.996+0000] {dag.py:3239} INFO - Sync 1 DAGs
[2025-12-14T05:42:17.006+0000] {logging_mixin.py:190} INFO - [2025-12-14T05:42:17.006+0000] {dag.py:4180} INFO - Setting next_dagrun for socar_seismic_etl_v2 to None, run_after=None
[2025-12-14T05:42:17.018+0000] {processor.py:208} INFO - Processing /opt/airflow/dags/socar_seismic_etl_v2.py took 0.376 seconds
[2025-12-14T05:42:47.157+0000] {processor.py:186} INFO - Started process (PID=7153) to work on /opt/airflow/dags/socar_seismic_etl_v2.py
[2025-12-14T05:42:47.158+0000] {processor.py:914} INFO - Processing file /opt/airflow/dags/socar_seismic_etl_v2.py for tasks to queue
[2025-12-14T05:42:47.159+0000] {logging_mixin.py:190} INFO - [2025-12-14T05:42:47.159+0000] {dagbag.py:588} INFO - Filling up the DagBag from /opt/airflow/dags/socar_seismic_etl_v2.py
[2025-12-14T05:42:47.489+0000] {processor.py:925} INFO - DAG(s) 'socar_seismic_etl_v2' retrieved from /opt/airflow/dags/socar_seismic_etl_v2.py
[2025-12-14T05:42:47.508+0000] {logging_mixin.py:190} INFO - [2025-12-14T05:42:47.508+0000] {dag.py:3239} INFO - Sync 1 DAGs
[2025-12-14T05:42:47.518+0000] {logging_mixin.py:190} INFO - [2025-12-14T05:42:47.518+0000] {dag.py:4180} INFO - Setting next_dagrun for socar_seismic_etl_v2 to None, run_after=None
[2025-12-14T05:42:47.530+0000] {processor.py:208} INFO - Processing /opt/airflow/dags/socar_seismic_etl_v2.py took 0.377 seconds
[2025-12-14T05:43:17.664+0000] {processor.py:186} INFO - Started process (PID=7171) to work on /opt/airflow/dags/socar_seismic_etl_v2.py
[2025-12-14T05:43:17.665+0000] {processor.py:914} INFO - Processing file /opt/airflow/dags/socar_seismic_etl_v2.py for tasks to queue
[2025-12-14T05:43:17.666+0000] {logging_mixin.py:190} INFO - [2025-12-14T05:43:17.666+0000] {dagbag.py:588} INFO - Filling up the DagBag from /opt/airflow/dags/socar_seismic_etl_v2.py
[2025-12-14T05:43:17.995+0000] {processor.py:925} INFO - DAG(s) 'socar_seismic_etl_v2' retrieved from /opt/airflow/dags/socar_seismic_etl_v2.py
[2025-12-14T05:43:18.014+0000] {logging_mixin.py:190} INFO - [2025-12-14T05:43:18.014+0000] {dag.py:3239} INFO - Sync 1 DAGs
[2025-12-14T05:43:18.024+0000] {logging_mixin.py:190} INFO - [2025-12-14T05:43:18.024+0000] {dag.py:4180} INFO - Setting next_dagrun for socar_seismic_etl_v2 to None, run_after=None
[2025-12-14T05:43:18.035+0000] {processor.py:208} INFO - Processing /opt/airflow/dags/socar_seismic_etl_v2.py took 0.375 seconds
[2025-12-14T05:43:48.172+0000] {processor.py:186} INFO - Started process (PID=7193) to work on /opt/airflow/dags/socar_seismic_etl_v2.py
[2025-12-14T05:43:48.173+0000] {processor.py:914} INFO - Processing file /opt/airflow/dags/socar_seismic_etl_v2.py for tasks to queue
[2025-12-14T05:43:48.174+0000] {logging_mixin.py:190} INFO - [2025-12-14T05:43:48.174+0000] {dagbag.py:588} INFO - Filling up the DagBag from /opt/airflow/dags/socar_seismic_etl_v2.py
[2025-12-14T05:43:48.504+0000] {processor.py:925} INFO - DAG(s) 'socar_seismic_etl_v2' retrieved from /opt/airflow/dags/socar_seismic_etl_v2.py
[2025-12-14T05:43:48.523+0000] {logging_mixin.py:190} INFO - [2025-12-14T05:43:48.523+0000] {dag.py:3239} INFO - Sync 1 DAGs
[2025-12-14T05:43:48.534+0000] {logging_mixin.py:190} INFO - [2025-12-14T05:43:48.534+0000] {dag.py:4180} INFO - Setting next_dagrun for socar_seismic_etl_v2 to None, run_after=None
[2025-12-14T05:43:48.548+0000] {processor.py:208} INFO - Processing /opt/airflow/dags/socar_seismic_etl_v2.py took 0.380 seconds
[2025-12-14T05:44:18.686+0000] {processor.py:186} INFO - Started process (PID=7211) to work on /opt/airflow/dags/socar_seismic_etl_v2.py
[2025-12-14T05:44:18.687+0000] {processor.py:914} INFO - Processing file /opt/airflow/dags/socar_seismic_etl_v2.py for tasks to queue
[2025-12-14T05:44:18.689+0000] {logging_mixin.py:190} INFO - [2025-12-14T05:44:18.688+0000] {dagbag.py:588} INFO - Filling up the DagBag from /opt/airflow/dags/socar_seismic_etl_v2.py
[2025-12-14T05:44:19.017+0000] {processor.py:925} INFO - DAG(s) 'socar_seismic_etl_v2' retrieved from /opt/airflow/dags/socar_seismic_etl_v2.py
[2025-12-14T05:44:19.037+0000] {logging_mixin.py:190} INFO - [2025-12-14T05:44:19.036+0000] {dag.py:3239} INFO - Sync 1 DAGs
[2025-12-14T05:44:19.047+0000] {logging_mixin.py:190} INFO - [2025-12-14T05:44:19.047+0000] {dag.py:4180} INFO - Setting next_dagrun for socar_seismic_etl_v2 to None, run_after=None
[2025-12-14T05:44:19.059+0000] {processor.py:208} INFO - Processing /opt/airflow/dags/socar_seismic_etl_v2.py took 0.377 seconds
[2025-12-14T05:44:49.196+0000] {processor.py:186} INFO - Started process (PID=7229) to work on /opt/airflow/dags/socar_seismic_etl_v2.py
[2025-12-14T05:44:49.197+0000] {processor.py:914} INFO - Processing file /opt/airflow/dags/socar_seismic_etl_v2.py for tasks to queue
[2025-12-14T05:44:49.198+0000] {logging_mixin.py:190} INFO - [2025-12-14T05:44:49.198+0000] {dagbag.py:588} INFO - Filling up the DagBag from /opt/airflow/dags/socar_seismic_etl_v2.py
[2025-12-14T05:44:49.527+0000] {processor.py:925} INFO - DAG(s) 'socar_seismic_etl_v2' retrieved from /opt/airflow/dags/socar_seismic_etl_v2.py
[2025-12-14T05:44:49.547+0000] {logging_mixin.py:190} INFO - [2025-12-14T05:44:49.546+0000] {dag.py:3239} INFO - Sync 1 DAGs
[2025-12-14T05:44:49.556+0000] {logging_mixin.py:190} INFO - [2025-12-14T05:44:49.556+0000] {dag.py:4180} INFO - Setting next_dagrun for socar_seismic_etl_v2 to None, run_after=None
[2025-12-14T05:44:49.568+0000] {processor.py:208} INFO - Processing /opt/airflow/dags/socar_seismic_etl_v2.py took 0.376 seconds
[2025-12-14T05:45:19.707+0000] {processor.py:186} INFO - Started process (PID=7247) to work on /opt/airflow/dags/socar_seismic_etl_v2.py
[2025-12-14T05:45:19.711+0000] {processor.py:914} INFO - Processing file /opt/airflow/dags/socar_seismic_etl_v2.py for tasks to queue
[2025-12-14T05:45:19.712+0000] {logging_mixin.py:190} INFO - [2025-12-14T05:45:19.712+0000] {dagbag.py:588} INFO - Filling up the DagBag from /opt/airflow/dags/socar_seismic_etl_v2.py
[2025-12-14T05:45:20.043+0000] {processor.py:925} INFO - DAG(s) 'socar_seismic_etl_v2' retrieved from /opt/airflow/dags/socar_seismic_etl_v2.py
[2025-12-14T05:45:20.061+0000] {logging_mixin.py:190} INFO - [2025-12-14T05:45:20.061+0000] {dag.py:3239} INFO - Sync 1 DAGs
[2025-12-14T05:45:20.071+0000] {logging_mixin.py:190} INFO - [2025-12-14T05:45:20.071+0000] {dag.py:4180} INFO - Setting next_dagrun for socar_seismic_etl_v2 to None, run_after=None
[2025-12-14T05:45:20.083+0000] {processor.py:208} INFO - Processing /opt/airflow/dags/socar_seismic_etl_v2.py took 0.381 seconds
[2025-12-14T05:45:50.219+0000] {processor.py:186} INFO - Started process (PID=7265) to work on /opt/airflow/dags/socar_seismic_etl_v2.py
[2025-12-14T05:45:50.220+0000] {processor.py:914} INFO - Processing file /opt/airflow/dags/socar_seismic_etl_v2.py for tasks to queue
[2025-12-14T05:45:50.221+0000] {logging_mixin.py:190} INFO - [2025-12-14T05:45:50.221+0000] {dagbag.py:588} INFO - Filling up the DagBag from /opt/airflow/dags/socar_seismic_etl_v2.py
[2025-12-14T05:45:50.556+0000] {processor.py:925} INFO - DAG(s) 'socar_seismic_etl_v2' retrieved from /opt/airflow/dags/socar_seismic_etl_v2.py
[2025-12-14T05:45:50.575+0000] {logging_mixin.py:190} INFO - [2025-12-14T05:45:50.574+0000] {dag.py:3239} INFO - Sync 1 DAGs
[2025-12-14T05:45:50.584+0000] {logging_mixin.py:190} INFO - [2025-12-14T05:45:50.584+0000] {dag.py:4180} INFO - Setting next_dagrun for socar_seismic_etl_v2 to None, run_after=None
[2025-12-14T05:45:50.596+0000] {processor.py:208} INFO - Processing /opt/airflow/dags/socar_seismic_etl_v2.py took 0.381 seconds
[2025-12-14T05:46:20.745+0000] {processor.py:186} INFO - Started process (PID=7283) to work on /opt/airflow/dags/socar_seismic_etl_v2.py
[2025-12-14T05:46:20.746+0000] {processor.py:914} INFO - Processing file /opt/airflow/dags/socar_seismic_etl_v2.py for tasks to queue
[2025-12-14T05:46:20.748+0000] {logging_mixin.py:190} INFO - [2025-12-14T05:46:20.747+0000] {dagbag.py:588} INFO - Filling up the DagBag from /opt/airflow/dags/socar_seismic_etl_v2.py
[2025-12-14T05:46:21.075+0000] {processor.py:925} INFO - DAG(s) 'socar_seismic_etl_v2' retrieved from /opt/airflow/dags/socar_seismic_etl_v2.py
[2025-12-14T05:46:21.094+0000] {logging_mixin.py:190} INFO - [2025-12-14T05:46:21.094+0000] {dag.py:3239} INFO - Sync 1 DAGs
[2025-12-14T05:46:21.106+0000] {logging_mixin.py:190} INFO - [2025-12-14T05:46:21.106+0000] {dag.py:4180} INFO - Setting next_dagrun for socar_seismic_etl_v2 to None, run_after=None
[2025-12-14T05:46:21.119+0000] {processor.py:208} INFO - Processing /opt/airflow/dags/socar_seismic_etl_v2.py took 0.378 seconds
[2025-12-14T05:46:51.263+0000] {processor.py:186} INFO - Started process (PID=7305) to work on /opt/airflow/dags/socar_seismic_etl_v2.py
[2025-12-14T05:46:51.263+0000] {processor.py:914} INFO - Processing file /opt/airflow/dags/socar_seismic_etl_v2.py for tasks to queue
[2025-12-14T05:46:51.265+0000] {logging_mixin.py:190} INFO - [2025-12-14T05:46:51.264+0000] {dagbag.py:588} INFO - Filling up the DagBag from /opt/airflow/dags/socar_seismic_etl_v2.py
[2025-12-14T05:46:51.591+0000] {processor.py:925} INFO - DAG(s) 'socar_seismic_etl_v2' retrieved from /opt/airflow/dags/socar_seismic_etl_v2.py
[2025-12-14T05:46:51.610+0000] {logging_mixin.py:190} INFO - [2025-12-14T05:46:51.609+0000] {dag.py:3239} INFO - Sync 1 DAGs
[2025-12-14T05:46:51.620+0000] {logging_mixin.py:190} INFO - [2025-12-14T05:46:51.619+0000] {dag.py:4180} INFO - Setting next_dagrun for socar_seismic_etl_v2 to None, run_after=None
[2025-12-14T05:46:51.632+0000] {processor.py:208} INFO - Processing /opt/airflow/dags/socar_seismic_etl_v2.py took 0.374 seconds
[2025-12-14T05:47:21.774+0000] {processor.py:186} INFO - Started process (PID=7323) to work on /opt/airflow/dags/socar_seismic_etl_v2.py
[2025-12-14T05:47:21.774+0000] {processor.py:914} INFO - Processing file /opt/airflow/dags/socar_seismic_etl_v2.py for tasks to queue
[2025-12-14T05:47:21.776+0000] {logging_mixin.py:190} INFO - [2025-12-14T05:47:21.776+0000] {dagbag.py:588} INFO - Filling up the DagBag from /opt/airflow/dags/socar_seismic_etl_v2.py
[2025-12-14T05:47:22.101+0000] {processor.py:925} INFO - DAG(s) 'socar_seismic_etl_v2' retrieved from /opt/airflow/dags/socar_seismic_etl_v2.py
[2025-12-14T05:47:22.121+0000] {logging_mixin.py:190} INFO - [2025-12-14T05:47:22.120+0000] {dag.py:3239} INFO - Sync 1 DAGs
[2025-12-14T05:47:22.130+0000] {logging_mixin.py:190} INFO - [2025-12-14T05:47:22.130+0000] {dag.py:4180} INFO - Setting next_dagrun for socar_seismic_etl_v2 to None, run_after=None
[2025-12-14T05:47:22.145+0000] {processor.py:208} INFO - Processing /opt/airflow/dags/socar_seismic_etl_v2.py took 0.376 seconds
[2025-12-14T05:47:52.286+0000] {processor.py:186} INFO - Started process (PID=7341) to work on /opt/airflow/dags/socar_seismic_etl_v2.py
[2025-12-14T05:47:52.287+0000] {processor.py:914} INFO - Processing file /opt/airflow/dags/socar_seismic_etl_v2.py for tasks to queue
[2025-12-14T05:47:52.288+0000] {logging_mixin.py:190} INFO - [2025-12-14T05:47:52.288+0000] {dagbag.py:588} INFO - Filling up the DagBag from /opt/airflow/dags/socar_seismic_etl_v2.py
[2025-12-14T05:47:52.615+0000] {processor.py:925} INFO - DAG(s) 'socar_seismic_etl_v2' retrieved from /opt/airflow/dags/socar_seismic_etl_v2.py
[2025-12-14T05:47:52.634+0000] {logging_mixin.py:190} INFO - [2025-12-14T05:47:52.633+0000] {dag.py:3239} INFO - Sync 1 DAGs
[2025-12-14T05:47:52.643+0000] {logging_mixin.py:190} INFO - [2025-12-14T05:47:52.643+0000] {dag.py:4180} INFO - Setting next_dagrun for socar_seismic_etl_v2 to None, run_after=None
[2025-12-14T05:47:52.655+0000] {processor.py:208} INFO - Processing /opt/airflow/dags/socar_seismic_etl_v2.py took 0.374 seconds
[2025-12-14T05:48:22.795+0000] {processor.py:186} INFO - Started process (PID=7359) to work on /opt/airflow/dags/socar_seismic_etl_v2.py
[2025-12-14T05:48:22.796+0000] {processor.py:914} INFO - Processing file /opt/airflow/dags/socar_seismic_etl_v2.py for tasks to queue
[2025-12-14T05:48:22.797+0000] {logging_mixin.py:190} INFO - [2025-12-14T05:48:22.797+0000] {dagbag.py:588} INFO - Filling up the DagBag from /opt/airflow/dags/socar_seismic_etl_v2.py
[2025-12-14T05:48:23.124+0000] {processor.py:925} INFO - DAG(s) 'socar_seismic_etl_v2' retrieved from /opt/airflow/dags/socar_seismic_etl_v2.py
[2025-12-14T05:48:23.143+0000] {logging_mixin.py:190} INFO - [2025-12-14T05:48:23.142+0000] {dag.py:3239} INFO - Sync 1 DAGs
[2025-12-14T05:48:23.153+0000] {logging_mixin.py:190} INFO - [2025-12-14T05:48:23.152+0000] {dag.py:4180} INFO - Setting next_dagrun for socar_seismic_etl_v2 to None, run_after=None
[2025-12-14T05:48:23.165+0000] {processor.py:208} INFO - Processing /opt/airflow/dags/socar_seismic_etl_v2.py took 0.374 seconds
[2025-12-14T05:48:53.307+0000] {processor.py:186} INFO - Started process (PID=7377) to work on /opt/airflow/dags/socar_seismic_etl_v2.py
[2025-12-14T05:48:53.307+0000] {processor.py:914} INFO - Processing file /opt/airflow/dags/socar_seismic_etl_v2.py for tasks to queue
[2025-12-14T05:48:53.309+0000] {logging_mixin.py:190} INFO - [2025-12-14T05:48:53.308+0000] {dagbag.py:588} INFO - Filling up the DagBag from /opt/airflow/dags/socar_seismic_etl_v2.py
[2025-12-14T05:48:53.635+0000] {processor.py:925} INFO - DAG(s) 'socar_seismic_etl_v2' retrieved from /opt/airflow/dags/socar_seismic_etl_v2.py
[2025-12-14T05:48:53.654+0000] {logging_mixin.py:190} INFO - [2025-12-14T05:48:53.653+0000] {dag.py:3239} INFO - Sync 1 DAGs
[2025-12-14T05:48:53.664+0000] {logging_mixin.py:190} INFO - [2025-12-14T05:48:53.664+0000] {dag.py:4180} INFO - Setting next_dagrun for socar_seismic_etl_v2 to None, run_after=None
[2025-12-14T05:48:53.676+0000] {processor.py:208} INFO - Processing /opt/airflow/dags/socar_seismic_etl_v2.py took 0.374 seconds
[2025-12-14T05:49:23.818+0000] {processor.py:186} INFO - Started process (PID=7395) to work on /opt/airflow/dags/socar_seismic_etl_v2.py
[2025-12-14T05:49:23.819+0000] {processor.py:914} INFO - Processing file /opt/airflow/dags/socar_seismic_etl_v2.py for tasks to queue
[2025-12-14T05:49:23.820+0000] {logging_mixin.py:190} INFO - [2025-12-14T05:49:23.820+0000] {dagbag.py:588} INFO - Filling up the DagBag from /opt/airflow/dags/socar_seismic_etl_v2.py
[2025-12-14T05:49:24.146+0000] {processor.py:925} INFO - DAG(s) 'socar_seismic_etl_v2' retrieved from /opt/airflow/dags/socar_seismic_etl_v2.py
[2025-12-14T05:49:24.165+0000] {logging_mixin.py:190} INFO - [2025-12-14T05:49:24.164+0000] {dag.py:3239} INFO - Sync 1 DAGs
[2025-12-14T05:49:24.174+0000] {logging_mixin.py:190} INFO - [2025-12-14T05:49:24.174+0000] {dag.py:4180} INFO - Setting next_dagrun for socar_seismic_etl_v2 to None, run_after=None
[2025-12-14T05:49:24.185+0000] {processor.py:208} INFO - Processing /opt/airflow/dags/socar_seismic_etl_v2.py took 0.372 seconds
[2025-12-14T05:49:54.328+0000] {processor.py:186} INFO - Started process (PID=7413) to work on /opt/airflow/dags/socar_seismic_etl_v2.py
[2025-12-14T05:49:54.328+0000] {processor.py:914} INFO - Processing file /opt/airflow/dags/socar_seismic_etl_v2.py for tasks to queue
[2025-12-14T05:49:54.330+0000] {logging_mixin.py:190} INFO - [2025-12-14T05:49:54.330+0000] {dagbag.py:588} INFO - Filling up the DagBag from /opt/airflow/dags/socar_seismic_etl_v2.py
[2025-12-14T05:49:54.655+0000] {processor.py:925} INFO - DAG(s) 'socar_seismic_etl_v2' retrieved from /opt/airflow/dags/socar_seismic_etl_v2.py
[2025-12-14T05:49:54.674+0000] {logging_mixin.py:190} INFO - [2025-12-14T05:49:54.674+0000] {dag.py:3239} INFO - Sync 1 DAGs
[2025-12-14T05:49:54.685+0000] {logging_mixin.py:190} INFO - [2025-12-14T05:49:54.685+0000] {dag.py:4180} INFO - Setting next_dagrun for socar_seismic_etl_v2 to None, run_after=None
[2025-12-14T05:49:54.696+0000] {processor.py:208} INFO - Processing /opt/airflow/dags/socar_seismic_etl_v2.py took 0.373 seconds
[2025-12-14T05:50:24.839+0000] {processor.py:186} INFO - Started process (PID=7431) to work on /opt/airflow/dags/socar_seismic_etl_v2.py
[2025-12-14T05:50:24.840+0000] {processor.py:914} INFO - Processing file /opt/airflow/dags/socar_seismic_etl_v2.py for tasks to queue
[2025-12-14T05:50:24.841+0000] {logging_mixin.py:190} INFO - [2025-12-14T05:50:24.841+0000] {dagbag.py:588} INFO - Filling up the DagBag from /opt/airflow/dags/socar_seismic_etl_v2.py
[2025-12-14T05:50:25.166+0000] {processor.py:925} INFO - DAG(s) 'socar_seismic_etl_v2' retrieved from /opt/airflow/dags/socar_seismic_etl_v2.py
[2025-12-14T05:50:25.185+0000] {logging_mixin.py:190} INFO - [2025-12-14T05:50:25.184+0000] {dag.py:3239} INFO - Sync 1 DAGs
[2025-12-14T05:50:25.195+0000] {logging_mixin.py:190} INFO - [2025-12-14T05:50:25.194+0000] {dag.py:4180} INFO - Setting next_dagrun for socar_seismic_etl_v2 to None, run_after=None
[2025-12-14T05:50:25.206+0000] {processor.py:208} INFO - Processing /opt/airflow/dags/socar_seismic_etl_v2.py took 0.371 seconds
[2025-12-14T05:50:55.346+0000] {processor.py:186} INFO - Started process (PID=7449) to work on /opt/airflow/dags/socar_seismic_etl_v2.py
[2025-12-14T05:50:55.347+0000] {processor.py:914} INFO - Processing file /opt/airflow/dags/socar_seismic_etl_v2.py for tasks to queue
[2025-12-14T05:50:55.348+0000] {logging_mixin.py:190} INFO - [2025-12-14T05:50:55.348+0000] {dagbag.py:588} INFO - Filling up the DagBag from /opt/airflow/dags/socar_seismic_etl_v2.py
[2025-12-14T05:50:55.675+0000] {processor.py:925} INFO - DAG(s) 'socar_seismic_etl_v2' retrieved from /opt/airflow/dags/socar_seismic_etl_v2.py
[2025-12-14T05:50:55.694+0000] {logging_mixin.py:190} INFO - [2025-12-14T05:50:55.694+0000] {dag.py:3239} INFO - Sync 1 DAGs
[2025-12-14T05:50:55.704+0000] {logging_mixin.py:190} INFO - [2025-12-14T05:50:55.704+0000] {dag.py:4180} INFO - Setting next_dagrun for socar_seismic_etl_v2 to None, run_after=None
[2025-12-14T05:50:55.716+0000] {processor.py:208} INFO - Processing /opt/airflow/dags/socar_seismic_etl_v2.py took 0.375 seconds
[2025-12-14T05:51:25.863+0000] {processor.py:186} INFO - Started process (PID=7467) to work on /opt/airflow/dags/socar_seismic_etl_v2.py
[2025-12-14T05:51:25.863+0000] {processor.py:914} INFO - Processing file /opt/airflow/dags/socar_seismic_etl_v2.py for tasks to queue
[2025-12-14T05:51:25.865+0000] {logging_mixin.py:190} INFO - [2025-12-14T05:51:25.865+0000] {dagbag.py:588} INFO - Filling up the DagBag from /opt/airflow/dags/socar_seismic_etl_v2.py
[2025-12-14T05:51:26.195+0000] {processor.py:925} INFO - DAG(s) 'socar_seismic_etl_v2' retrieved from /opt/airflow/dags/socar_seismic_etl_v2.py
[2025-12-14T05:51:26.214+0000] {logging_mixin.py:190} INFO - [2025-12-14T05:51:26.213+0000] {dag.py:3239} INFO - Sync 1 DAGs
[2025-12-14T05:51:26.223+0000] {logging_mixin.py:190} INFO - [2025-12-14T05:51:26.223+0000] {dag.py:4180} INFO - Setting next_dagrun for socar_seismic_etl_v2 to None, run_after=None
[2025-12-14T05:51:26.236+0000] {processor.py:208} INFO - Processing /opt/airflow/dags/socar_seismic_etl_v2.py took 0.378 seconds
[2025-12-14T05:51:56.376+0000] {processor.py:186} INFO - Started process (PID=7489) to work on /opt/airflow/dags/socar_seismic_etl_v2.py
[2025-12-14T05:51:56.377+0000] {processor.py:914} INFO - Processing file /opt/airflow/dags/socar_seismic_etl_v2.py for tasks to queue
[2025-12-14T05:51:56.378+0000] {logging_mixin.py:190} INFO - [2025-12-14T05:51:56.378+0000] {dagbag.py:588} INFO - Filling up the DagBag from /opt/airflow/dags/socar_seismic_etl_v2.py
[2025-12-14T05:51:56.701+0000] {processor.py:925} INFO - DAG(s) 'socar_seismic_etl_v2' retrieved from /opt/airflow/dags/socar_seismic_etl_v2.py
[2025-12-14T05:51:56.720+0000] {logging_mixin.py:190} INFO - [2025-12-14T05:51:56.720+0000] {dag.py:3239} INFO - Sync 1 DAGs
[2025-12-14T05:51:56.730+0000] {logging_mixin.py:190} INFO - [2025-12-14T05:51:56.730+0000] {dag.py:4180} INFO - Setting next_dagrun for socar_seismic_etl_v2 to None, run_after=None
[2025-12-14T05:51:56.741+0000] {processor.py:208} INFO - Processing /opt/airflow/dags/socar_seismic_etl_v2.py took 0.370 seconds
[2025-12-14T05:52:26.885+0000] {processor.py:186} INFO - Started process (PID=7507) to work on /opt/airflow/dags/socar_seismic_etl_v2.py
[2025-12-14T05:52:26.886+0000] {processor.py:914} INFO - Processing file /opt/airflow/dags/socar_seismic_etl_v2.py for tasks to queue
[2025-12-14T05:52:26.887+0000] {logging_mixin.py:190} INFO - [2025-12-14T05:52:26.887+0000] {dagbag.py:588} INFO - Filling up the DagBag from /opt/airflow/dags/socar_seismic_etl_v2.py
[2025-12-14T05:52:27.212+0000] {processor.py:925} INFO - DAG(s) 'socar_seismic_etl_v2' retrieved from /opt/airflow/dags/socar_seismic_etl_v2.py
[2025-12-14T05:52:27.231+0000] {logging_mixin.py:190} INFO - [2025-12-14T05:52:27.231+0000] {dag.py:3239} INFO - Sync 1 DAGs
[2025-12-14T05:52:27.242+0000] {logging_mixin.py:190} INFO - [2025-12-14T05:52:27.241+0000] {dag.py:4180} INFO - Setting next_dagrun for socar_seismic_etl_v2 to None, run_after=None
[2025-12-14T05:52:27.253+0000] {processor.py:208} INFO - Processing /opt/airflow/dags/socar_seismic_etl_v2.py took 0.373 seconds
[2025-12-14T05:52:57.396+0000] {processor.py:186} INFO - Started process (PID=7525) to work on /opt/airflow/dags/socar_seismic_etl_v2.py
[2025-12-14T05:52:57.396+0000] {processor.py:914} INFO - Processing file /opt/airflow/dags/socar_seismic_etl_v2.py for tasks to queue
[2025-12-14T05:52:57.398+0000] {logging_mixin.py:190} INFO - [2025-12-14T05:52:57.398+0000] {dagbag.py:588} INFO - Filling up the DagBag from /opt/airflow/dags/socar_seismic_etl_v2.py
[2025-12-14T05:52:57.723+0000] {processor.py:925} INFO - DAG(s) 'socar_seismic_etl_v2' retrieved from /opt/airflow/dags/socar_seismic_etl_v2.py
[2025-12-14T05:52:57.741+0000] {logging_mixin.py:190} INFO - [2025-12-14T05:52:57.741+0000] {dag.py:3239} INFO - Sync 1 DAGs
[2025-12-14T05:52:57.751+0000] {logging_mixin.py:190} INFO - [2025-12-14T05:52:57.751+0000] {dag.py:4180} INFO - Setting next_dagrun for socar_seismic_etl_v2 to None, run_after=None
[2025-12-14T05:52:57.763+0000] {processor.py:208} INFO - Processing /opt/airflow/dags/socar_seismic_etl_v2.py took 0.371 seconds
[2025-12-14T05:53:27.907+0000] {processor.py:186} INFO - Started process (PID=7543) to work on /opt/airflow/dags/socar_seismic_etl_v2.py
[2025-12-14T05:53:27.908+0000] {processor.py:914} INFO - Processing file /opt/airflow/dags/socar_seismic_etl_v2.py for tasks to queue
[2025-12-14T05:53:27.909+0000] {logging_mixin.py:190} INFO - [2025-12-14T05:53:27.909+0000] {dagbag.py:588} INFO - Filling up the DagBag from /opt/airflow/dags/socar_seismic_etl_v2.py
[2025-12-14T05:53:28.236+0000] {processor.py:925} INFO - DAG(s) 'socar_seismic_etl_v2' retrieved from /opt/airflow/dags/socar_seismic_etl_v2.py
[2025-12-14T05:53:28.255+0000] {logging_mixin.py:190} INFO - [2025-12-14T05:53:28.254+0000] {dag.py:3239} INFO - Sync 1 DAGs
[2025-12-14T05:53:28.265+0000] {logging_mixin.py:190} INFO - [2025-12-14T05:53:28.265+0000] {dag.py:4180} INFO - Setting next_dagrun for socar_seismic_etl_v2 to None, run_after=None
[2025-12-14T05:53:28.276+0000] {processor.py:208} INFO - Processing /opt/airflow/dags/socar_seismic_etl_v2.py took 0.374 seconds
[2025-12-14T05:53:58.419+0000] {processor.py:186} INFO - Started process (PID=7561) to work on /opt/airflow/dags/socar_seismic_etl_v2.py
[2025-12-14T05:53:58.420+0000] {processor.py:914} INFO - Processing file /opt/airflow/dags/socar_seismic_etl_v2.py for tasks to queue
[2025-12-14T05:53:58.421+0000] {logging_mixin.py:190} INFO - [2025-12-14T05:53:58.421+0000] {dagbag.py:588} INFO - Filling up the DagBag from /opt/airflow/dags/socar_seismic_etl_v2.py
[2025-12-14T05:53:58.743+0000] {processor.py:925} INFO - DAG(s) 'socar_seismic_etl_v2' retrieved from /opt/airflow/dags/socar_seismic_etl_v2.py
[2025-12-14T05:53:58.762+0000] {logging_mixin.py:190} INFO - [2025-12-14T05:53:58.761+0000] {dag.py:3239} INFO - Sync 1 DAGs
[2025-12-14T05:53:58.772+0000] {logging_mixin.py:190} INFO - [2025-12-14T05:53:58.771+0000] {dag.py:4180} INFO - Setting next_dagrun for socar_seismic_etl_v2 to None, run_after=None
[2025-12-14T05:53:58.783+0000] {processor.py:208} INFO - Processing /opt/airflow/dags/socar_seismic_etl_v2.py took 0.368 seconds
[2025-12-14T05:54:28.925+0000] {processor.py:186} INFO - Started process (PID=7579) to work on /opt/airflow/dags/socar_seismic_etl_v2.py
[2025-12-14T05:54:28.926+0000] {processor.py:914} INFO - Processing file /opt/airflow/dags/socar_seismic_etl_v2.py for tasks to queue
[2025-12-14T05:54:28.927+0000] {logging_mixin.py:190} INFO - [2025-12-14T05:54:28.927+0000] {dagbag.py:588} INFO - Filling up the DagBag from /opt/airflow/dags/socar_seismic_etl_v2.py
[2025-12-14T05:54:29.255+0000] {processor.py:925} INFO - DAG(s) 'socar_seismic_etl_v2' retrieved from /opt/airflow/dags/socar_seismic_etl_v2.py
[2025-12-14T05:54:29.274+0000] {logging_mixin.py:190} INFO - [2025-12-14T05:54:29.274+0000] {dag.py:3239} INFO - Sync 1 DAGs
[2025-12-14T05:54:29.284+0000] {logging_mixin.py:190} INFO - [2025-12-14T05:54:29.284+0000] {dag.py:4180} INFO - Setting next_dagrun for socar_seismic_etl_v2 to None, run_after=None
[2025-12-14T05:54:29.296+0000] {processor.py:208} INFO - Processing /opt/airflow/dags/socar_seismic_etl_v2.py took 0.375 seconds
[2025-12-14T05:54:59.438+0000] {processor.py:186} INFO - Started process (PID=7597) to work on /opt/airflow/dags/socar_seismic_etl_v2.py
[2025-12-14T05:54:59.444+0000] {processor.py:914} INFO - Processing file /opt/airflow/dags/socar_seismic_etl_v2.py for tasks to queue
[2025-12-14T05:54:59.445+0000] {logging_mixin.py:190} INFO - [2025-12-14T05:54:59.445+0000] {dagbag.py:588} INFO - Filling up the DagBag from /opt/airflow/dags/socar_seismic_etl_v2.py
[2025-12-14T05:54:59.770+0000] {processor.py:925} INFO - DAG(s) 'socar_seismic_etl_v2' retrieved from /opt/airflow/dags/socar_seismic_etl_v2.py
[2025-12-14T05:54:59.789+0000] {logging_mixin.py:190} INFO - [2025-12-14T05:54:59.788+0000] {dag.py:3239} INFO - Sync 1 DAGs
[2025-12-14T05:54:59.799+0000] {logging_mixin.py:190} INFO - [2025-12-14T05:54:59.799+0000] {dag.py:4180} INFO - Setting next_dagrun for socar_seismic_etl_v2 to None, run_after=None
[2025-12-14T05:54:59.811+0000] {processor.py:208} INFO - Processing /opt/airflow/dags/socar_seismic_etl_v2.py took 0.378 seconds
[2025-12-14T05:55:29.950+0000] {processor.py:186} INFO - Started process (PID=7615) to work on /opt/airflow/dags/socar_seismic_etl_v2.py
[2025-12-14T05:55:29.950+0000] {processor.py:914} INFO - Processing file /opt/airflow/dags/socar_seismic_etl_v2.py for tasks to queue
[2025-12-14T05:55:29.952+0000] {logging_mixin.py:190} INFO - [2025-12-14T05:55:29.951+0000] {dagbag.py:588} INFO - Filling up the DagBag from /opt/airflow/dags/socar_seismic_etl_v2.py
[2025-12-14T05:55:30.276+0000] {processor.py:925} INFO - DAG(s) 'socar_seismic_etl_v2' retrieved from /opt/airflow/dags/socar_seismic_etl_v2.py
[2025-12-14T05:55:30.296+0000] {logging_mixin.py:190} INFO - [2025-12-14T05:55:30.296+0000] {dag.py:3239} INFO - Sync 1 DAGs
[2025-12-14T05:55:30.307+0000] {logging_mixin.py:190} INFO - [2025-12-14T05:55:30.306+0000] {dag.py:4180} INFO - Setting next_dagrun for socar_seismic_etl_v2 to None, run_after=None
[2025-12-14T05:55:30.319+0000] {processor.py:208} INFO - Processing /opt/airflow/dags/socar_seismic_etl_v2.py took 0.374 seconds
[2025-12-14T05:56:00.461+0000] {processor.py:186} INFO - Started process (PID=7633) to work on /opt/airflow/dags/socar_seismic_etl_v2.py
[2025-12-14T05:56:00.461+0000] {processor.py:914} INFO - Processing file /opt/airflow/dags/socar_seismic_etl_v2.py for tasks to queue
[2025-12-14T05:56:00.462+0000] {logging_mixin.py:190} INFO - [2025-12-14T05:56:00.462+0000] {dagbag.py:588} INFO - Filling up the DagBag from /opt/airflow/dags/socar_seismic_etl_v2.py
[2025-12-14T05:56:00.784+0000] {processor.py:925} INFO - DAG(s) 'socar_seismic_etl_v2' retrieved from /opt/airflow/dags/socar_seismic_etl_v2.py
[2025-12-14T05:56:00.803+0000] {logging_mixin.py:190} INFO - [2025-12-14T05:56:00.803+0000] {dag.py:3239} INFO - Sync 1 DAGs
[2025-12-14T05:56:00.814+0000] {logging_mixin.py:190} INFO - [2025-12-14T05:56:00.814+0000] {dag.py:4180} INFO - Setting next_dagrun for socar_seismic_etl_v2 to None, run_after=None
[2025-12-14T05:56:00.826+0000] {processor.py:208} INFO - Processing /opt/airflow/dags/socar_seismic_etl_v2.py took 0.370 seconds
[2025-12-14T05:56:30.972+0000] {processor.py:186} INFO - Started process (PID=7651) to work on /opt/airflow/dags/socar_seismic_etl_v2.py
[2025-12-14T05:56:30.973+0000] {processor.py:914} INFO - Processing file /opt/airflow/dags/socar_seismic_etl_v2.py for tasks to queue
[2025-12-14T05:56:30.974+0000] {logging_mixin.py:190} INFO - [2025-12-14T05:56:30.974+0000] {dagbag.py:588} INFO - Filling up the DagBag from /opt/airflow/dags/socar_seismic_etl_v2.py
[2025-12-14T05:56:31.299+0000] {processor.py:925} INFO - DAG(s) 'socar_seismic_etl_v2' retrieved from /opt/airflow/dags/socar_seismic_etl_v2.py
[2025-12-14T05:56:31.317+0000] {logging_mixin.py:190} INFO - [2025-12-14T05:56:31.317+0000] {dag.py:3239} INFO - Sync 1 DAGs
[2025-12-14T05:56:31.327+0000] {logging_mixin.py:190} INFO - [2025-12-14T05:56:31.327+0000] {dag.py:4180} INFO - Setting next_dagrun for socar_seismic_etl_v2 to None, run_after=None
[2025-12-14T05:56:31.339+0000] {processor.py:208} INFO - Processing /opt/airflow/dags/socar_seismic_etl_v2.py took 0.371 seconds
[2025-12-14T05:57:01.478+0000] {processor.py:186} INFO - Started process (PID=7673) to work on /opt/airflow/dags/socar_seismic_etl_v2.py
[2025-12-14T05:57:01.482+0000] {processor.py:914} INFO - Processing file /opt/airflow/dags/socar_seismic_etl_v2.py for tasks to queue
[2025-12-14T05:57:01.483+0000] {logging_mixin.py:190} INFO - [2025-12-14T05:57:01.483+0000] {dagbag.py:588} INFO - Filling up the DagBag from /opt/airflow/dags/socar_seismic_etl_v2.py
[2025-12-14T05:57:01.807+0000] {processor.py:925} INFO - DAG(s) 'socar_seismic_etl_v2' retrieved from /opt/airflow/dags/socar_seismic_etl_v2.py
[2025-12-14T05:57:01.826+0000] {logging_mixin.py:190} INFO - [2025-12-14T05:57:01.826+0000] {dag.py:3239} INFO - Sync 1 DAGs
[2025-12-14T05:57:01.836+0000] {logging_mixin.py:190} INFO - [2025-12-14T05:57:01.835+0000] {dag.py:4180} INFO - Setting next_dagrun for socar_seismic_etl_v2 to None, run_after=None
[2025-12-14T05:57:01.847+0000] {processor.py:208} INFO - Processing /opt/airflow/dags/socar_seismic_etl_v2.py took 0.374 seconds
[2025-12-14T05:57:31.990+0000] {processor.py:186} INFO - Started process (PID=7691) to work on /opt/airflow/dags/socar_seismic_etl_v2.py
[2025-12-14T05:57:31.990+0000] {processor.py:914} INFO - Processing file /opt/airflow/dags/socar_seismic_etl_v2.py for tasks to queue
[2025-12-14T05:57:31.992+0000] {logging_mixin.py:190} INFO - [2025-12-14T05:57:31.991+0000] {dagbag.py:588} INFO - Filling up the DagBag from /opt/airflow/dags/socar_seismic_etl_v2.py
[2025-12-14T05:57:32.313+0000] {processor.py:925} INFO - DAG(s) 'socar_seismic_etl_v2' retrieved from /opt/airflow/dags/socar_seismic_etl_v2.py
[2025-12-14T05:57:32.332+0000] {logging_mixin.py:190} INFO - [2025-12-14T05:57:32.331+0000] {dag.py:3239} INFO - Sync 1 DAGs
[2025-12-14T05:57:32.341+0000] {logging_mixin.py:190} INFO - [2025-12-14T05:57:32.341+0000] {dag.py:4180} INFO - Setting next_dagrun for socar_seismic_etl_v2 to None, run_after=None
[2025-12-14T05:57:32.354+0000] {processor.py:208} INFO - Processing /opt/airflow/dags/socar_seismic_etl_v2.py took 0.369 seconds
[2025-12-14T05:58:02.500+0000] {processor.py:186} INFO - Started process (PID=7709) to work on /opt/airflow/dags/socar_seismic_etl_v2.py
[2025-12-14T05:58:02.501+0000] {processor.py:914} INFO - Processing file /opt/airflow/dags/socar_seismic_etl_v2.py for tasks to queue
[2025-12-14T05:58:02.502+0000] {logging_mixin.py:190} INFO - [2025-12-14T05:58:02.502+0000] {dagbag.py:588} INFO - Filling up the DagBag from /opt/airflow/dags/socar_seismic_etl_v2.py
[2025-12-14T05:58:02.829+0000] {processor.py:925} INFO - DAG(s) 'socar_seismic_etl_v2' retrieved from /opt/airflow/dags/socar_seismic_etl_v2.py
[2025-12-14T05:58:02.848+0000] {logging_mixin.py:190} INFO - [2025-12-14T05:58:02.847+0000] {dag.py:3239} INFO - Sync 1 DAGs
[2025-12-14T05:58:02.857+0000] {logging_mixin.py:190} INFO - [2025-12-14T05:58:02.857+0000] {dag.py:4180} INFO - Setting next_dagrun for socar_seismic_etl_v2 to None, run_after=None
[2025-12-14T05:58:02.869+0000] {processor.py:208} INFO - Processing /opt/airflow/dags/socar_seismic_etl_v2.py took 0.373 seconds
[2025-12-14T05:58:33.006+0000] {processor.py:186} INFO - Started process (PID=7727) to work on /opt/airflow/dags/socar_seismic_etl_v2.py
[2025-12-14T05:58:33.006+0000] {processor.py:914} INFO - Processing file /opt/airflow/dags/socar_seismic_etl_v2.py for tasks to queue
[2025-12-14T05:58:33.008+0000] {logging_mixin.py:190} INFO - [2025-12-14T05:58:33.007+0000] {dagbag.py:588} INFO - Filling up the DagBag from /opt/airflow/dags/socar_seismic_etl_v2.py
[2025-12-14T05:58:33.327+0000] {processor.py:925} INFO - DAG(s) 'socar_seismic_etl_v2' retrieved from /opt/airflow/dags/socar_seismic_etl_v2.py
[2025-12-14T05:58:33.346+0000] {logging_mixin.py:190} INFO - [2025-12-14T05:58:33.345+0000] {dag.py:3239} INFO - Sync 1 DAGs
[2025-12-14T05:58:33.356+0000] {logging_mixin.py:190} INFO - [2025-12-14T05:58:33.356+0000] {dag.py:4180} INFO - Setting next_dagrun for socar_seismic_etl_v2 to None, run_after=None
[2025-12-14T05:58:33.368+0000] {processor.py:208} INFO - Processing /opt/airflow/dags/socar_seismic_etl_v2.py took 0.367 seconds
[2025-12-14T05:59:03.508+0000] {processor.py:186} INFO - Started process (PID=7745) to work on /opt/airflow/dags/socar_seismic_etl_v2.py
[2025-12-14T05:59:03.509+0000] {processor.py:914} INFO - Processing file /opt/airflow/dags/socar_seismic_etl_v2.py for tasks to queue
[2025-12-14T05:59:03.510+0000] {logging_mixin.py:190} INFO - [2025-12-14T05:59:03.510+0000] {dagbag.py:588} INFO - Filling up the DagBag from /opt/airflow/dags/socar_seismic_etl_v2.py
[2025-12-14T05:59:03.832+0000] {processor.py:925} INFO - DAG(s) 'socar_seismic_etl_v2' retrieved from /opt/airflow/dags/socar_seismic_etl_v2.py
[2025-12-14T05:59:03.851+0000] {logging_mixin.py:190} INFO - [2025-12-14T05:59:03.850+0000] {dag.py:3239} INFO - Sync 1 DAGs
[2025-12-14T05:59:03.860+0000] {logging_mixin.py:190} INFO - [2025-12-14T05:59:03.860+0000] {dag.py:4180} INFO - Setting next_dagrun for socar_seismic_etl_v2 to None, run_after=None
[2025-12-14T05:59:03.873+0000] {processor.py:208} INFO - Processing /opt/airflow/dags/socar_seismic_etl_v2.py took 0.369 seconds
[2025-12-14T05:59:34.015+0000] {processor.py:186} INFO - Started process (PID=7763) to work on /opt/airflow/dags/socar_seismic_etl_v2.py
[2025-12-14T05:59:34.016+0000] {processor.py:914} INFO - Processing file /opt/airflow/dags/socar_seismic_etl_v2.py for tasks to queue
[2025-12-14T05:59:34.017+0000] {logging_mixin.py:190} INFO - [2025-12-14T05:59:34.017+0000] {dagbag.py:588} INFO - Filling up the DagBag from /opt/airflow/dags/socar_seismic_etl_v2.py
[2025-12-14T05:59:34.339+0000] {processor.py:925} INFO - DAG(s) 'socar_seismic_etl_v2' retrieved from /opt/airflow/dags/socar_seismic_etl_v2.py
[2025-12-14T05:59:34.359+0000] {logging_mixin.py:190} INFO - [2025-12-14T05:59:34.358+0000] {dag.py:3239} INFO - Sync 1 DAGs
[2025-12-14T05:59:34.368+0000] {logging_mixin.py:190} INFO - [2025-12-14T05:59:34.368+0000] {dag.py:4180} INFO - Setting next_dagrun for socar_seismic_etl_v2 to None, run_after=None
[2025-12-14T05:59:34.380+0000] {processor.py:208} INFO - Processing /opt/airflow/dags/socar_seismic_etl_v2.py took 0.369 seconds
[2025-12-14T06:00:04.521+0000] {processor.py:186} INFO - Started process (PID=7781) to work on /opt/airflow/dags/socar_seismic_etl_v2.py
[2025-12-14T06:00:04.522+0000] {processor.py:914} INFO - Processing file /opt/airflow/dags/socar_seismic_etl_v2.py for tasks to queue
[2025-12-14T06:00:04.523+0000] {logging_mixin.py:190} INFO - [2025-12-14T06:00:04.523+0000] {dagbag.py:588} INFO - Filling up the DagBag from /opt/airflow/dags/socar_seismic_etl_v2.py
[2025-12-14T06:00:04.843+0000] {processor.py:925} INFO - DAG(s) 'socar_seismic_etl_v2' retrieved from /opt/airflow/dags/socar_seismic_etl_v2.py
[2025-12-14T06:00:04.862+0000] {logging_mixin.py:190} INFO - [2025-12-14T06:00:04.862+0000] {dag.py:3239} INFO - Sync 1 DAGs
[2025-12-14T06:00:04.872+0000] {logging_mixin.py:190} INFO - [2025-12-14T06:00:04.872+0000] {dag.py:4180} INFO - Setting next_dagrun for socar_seismic_etl_v2 to None, run_after=None
[2025-12-14T06:00:04.883+0000] {processor.py:208} INFO - Processing /opt/airflow/dags/socar_seismic_etl_v2.py took 0.367 seconds
[2025-12-14T06:00:35.027+0000] {processor.py:186} INFO - Started process (PID=7799) to work on /opt/airflow/dags/socar_seismic_etl_v2.py
[2025-12-14T06:00:35.027+0000] {processor.py:914} INFO - Processing file /opt/airflow/dags/socar_seismic_etl_v2.py for tasks to queue
[2025-12-14T06:00:35.029+0000] {logging_mixin.py:190} INFO - [2025-12-14T06:00:35.029+0000] {dagbag.py:588} INFO - Filling up the DagBag from /opt/airflow/dags/socar_seismic_etl_v2.py
[2025-12-14T06:00:35.348+0000] {processor.py:925} INFO - DAG(s) 'socar_seismic_etl_v2' retrieved from /opt/airflow/dags/socar_seismic_etl_v2.py
[2025-12-14T06:00:35.367+0000] {logging_mixin.py:190} INFO - [2025-12-14T06:00:35.367+0000] {dag.py:3239} INFO - Sync 1 DAGs
[2025-12-14T06:00:35.377+0000] {logging_mixin.py:190} INFO - [2025-12-14T06:00:35.377+0000] {dag.py:4180} INFO - Setting next_dagrun for socar_seismic_etl_v2 to None, run_after=None
[2025-12-14T06:00:35.389+0000] {processor.py:208} INFO - Processing /opt/airflow/dags/socar_seismic_etl_v2.py took 0.366 seconds
[2025-12-14T06:01:05.540+0000] {processor.py:186} INFO - Started process (PID=7817) to work on /opt/airflow/dags/socar_seismic_etl_v2.py
[2025-12-14T06:01:05.541+0000] {processor.py:914} INFO - Processing file /opt/airflow/dags/socar_seismic_etl_v2.py for tasks to queue
[2025-12-14T06:01:05.542+0000] {logging_mixin.py:190} INFO - [2025-12-14T06:01:05.542+0000] {dagbag.py:588} INFO - Filling up the DagBag from /opt/airflow/dags/socar_seismic_etl_v2.py
[2025-12-14T06:01:05.863+0000] {processor.py:925} INFO - DAG(s) 'socar_seismic_etl_v2' retrieved from /opt/airflow/dags/socar_seismic_etl_v2.py
[2025-12-14T06:01:05.881+0000] {logging_mixin.py:190} INFO - [2025-12-14T06:01:05.881+0000] {dag.py:3239} INFO - Sync 1 DAGs
[2025-12-14T06:01:05.891+0000] {logging_mixin.py:190} INFO - [2025-12-14T06:01:05.891+0000] {dag.py:4180} INFO - Setting next_dagrun for socar_seismic_etl_v2 to None, run_after=None
[2025-12-14T06:01:05.903+0000] {processor.py:208} INFO - Processing /opt/airflow/dags/socar_seismic_etl_v2.py took 0.368 seconds
[2025-12-14T06:01:36.049+0000] {processor.py:186} INFO - Started process (PID=7835) to work on /opt/airflow/dags/socar_seismic_etl_v2.py
[2025-12-14T06:01:36.049+0000] {processor.py:914} INFO - Processing file /opt/airflow/dags/socar_seismic_etl_v2.py for tasks to queue
[2025-12-14T06:01:36.051+0000] {logging_mixin.py:190} INFO - [2025-12-14T06:01:36.051+0000] {dagbag.py:588} INFO - Filling up the DagBag from /opt/airflow/dags/socar_seismic_etl_v2.py
[2025-12-14T06:01:36.373+0000] {processor.py:925} INFO - DAG(s) 'socar_seismic_etl_v2' retrieved from /opt/airflow/dags/socar_seismic_etl_v2.py
[2025-12-14T06:01:36.392+0000] {logging_mixin.py:190} INFO - [2025-12-14T06:01:36.391+0000] {dag.py:3239} INFO - Sync 1 DAGs
[2025-12-14T06:01:36.401+0000] {logging_mixin.py:190} INFO - [2025-12-14T06:01:36.401+0000] {dag.py:4180} INFO - Setting next_dagrun for socar_seismic_etl_v2 to None, run_after=None
[2025-12-14T06:01:36.413+0000] {processor.py:208} INFO - Processing /opt/airflow/dags/socar_seismic_etl_v2.py took 0.369 seconds
[2025-12-14T06:02:06.555+0000] {processor.py:186} INFO - Started process (PID=7853) to work on /opt/airflow/dags/socar_seismic_etl_v2.py
[2025-12-14T06:02:06.556+0000] {processor.py:914} INFO - Processing file /opt/airflow/dags/socar_seismic_etl_v2.py for tasks to queue
[2025-12-14T06:02:06.557+0000] {logging_mixin.py:190} INFO - [2025-12-14T06:02:06.557+0000] {dagbag.py:588} INFO - Filling up the DagBag from /opt/airflow/dags/socar_seismic_etl_v2.py
[2025-12-14T06:02:06.877+0000] {processor.py:925} INFO - DAG(s) 'socar_seismic_etl_v2' retrieved from /opt/airflow/dags/socar_seismic_etl_v2.py
[2025-12-14T06:02:06.896+0000] {logging_mixin.py:190} INFO - [2025-12-14T06:02:06.895+0000] {dag.py:3239} INFO - Sync 1 DAGs
[2025-12-14T06:02:06.906+0000] {logging_mixin.py:190} INFO - [2025-12-14T06:02:06.906+0000] {dag.py:4180} INFO - Setting next_dagrun for socar_seismic_etl_v2 to None, run_after=None
[2025-12-14T06:02:06.918+0000] {processor.py:208} INFO - Processing /opt/airflow/dags/socar_seismic_etl_v2.py took 0.367 seconds
[2025-12-14T06:02:37.058+0000] {processor.py:186} INFO - Started process (PID=7871) to work on /opt/airflow/dags/socar_seismic_etl_v2.py
[2025-12-14T06:02:37.058+0000] {processor.py:914} INFO - Processing file /opt/airflow/dags/socar_seismic_etl_v2.py for tasks to queue
[2025-12-14T06:02:37.060+0000] {logging_mixin.py:190} INFO - [2025-12-14T06:02:37.060+0000] {dagbag.py:588} INFO - Filling up the DagBag from /opt/airflow/dags/socar_seismic_etl_v2.py
[2025-12-14T06:02:37.382+0000] {processor.py:925} INFO - DAG(s) 'socar_seismic_etl_v2' retrieved from /opt/airflow/dags/socar_seismic_etl_v2.py
[2025-12-14T06:02:37.401+0000] {logging_mixin.py:190} INFO - [2025-12-14T06:02:37.401+0000] {dag.py:3239} INFO - Sync 1 DAGs
[2025-12-14T06:02:37.411+0000] {logging_mixin.py:190} INFO - [2025-12-14T06:02:37.411+0000] {dag.py:4180} INFO - Setting next_dagrun for socar_seismic_etl_v2 to None, run_after=None
[2025-12-14T06:02:37.422+0000] {processor.py:208} INFO - Processing /opt/airflow/dags/socar_seismic_etl_v2.py took 0.369 seconds
[2025-12-14T06:03:07.567+0000] {processor.py:186} INFO - Started process (PID=7889) to work on /opt/airflow/dags/socar_seismic_etl_v2.py
[2025-12-14T06:03:07.568+0000] {processor.py:914} INFO - Processing file /opt/airflow/dags/socar_seismic_etl_v2.py for tasks to queue
[2025-12-14T06:03:07.569+0000] {logging_mixin.py:190} INFO - [2025-12-14T06:03:07.569+0000] {dagbag.py:588} INFO - Filling up the DagBag from /opt/airflow/dags/socar_seismic_etl_v2.py
[2025-12-14T06:03:07.890+0000] {processor.py:925} INFO - DAG(s) 'socar_seismic_etl_v2' retrieved from /opt/airflow/dags/socar_seismic_etl_v2.py
[2025-12-14T06:03:07.909+0000] {logging_mixin.py:190} INFO - [2025-12-14T06:03:07.909+0000] {dag.py:3239} INFO - Sync 1 DAGs
[2025-12-14T06:03:07.919+0000] {logging_mixin.py:190} INFO - [2025-12-14T06:03:07.919+0000] {dag.py:4180} INFO - Setting next_dagrun for socar_seismic_etl_v2 to None, run_after=None
[2025-12-14T06:03:07.930+0000] {processor.py:208} INFO - Processing /opt/airflow/dags/socar_seismic_etl_v2.py took 0.368 seconds
[2025-12-14T06:03:38.071+0000] {processor.py:186} INFO - Started process (PID=7907) to work on /opt/airflow/dags/socar_seismic_etl_v2.py
[2025-12-14T06:03:38.072+0000] {processor.py:914} INFO - Processing file /opt/airflow/dags/socar_seismic_etl_v2.py for tasks to queue
[2025-12-14T06:03:38.073+0000] {logging_mixin.py:190} INFO - [2025-12-14T06:03:38.073+0000] {dagbag.py:588} INFO - Filling up the DagBag from /opt/airflow/dags/socar_seismic_etl_v2.py
[2025-12-14T06:03:38.394+0000] {processor.py:925} INFO - DAG(s) 'socar_seismic_etl_v2' retrieved from /opt/airflow/dags/socar_seismic_etl_v2.py
[2025-12-14T06:03:38.412+0000] {logging_mixin.py:190} INFO - [2025-12-14T06:03:38.412+0000] {dag.py:3239} INFO - Sync 1 DAGs
[2025-12-14T06:03:38.423+0000] {logging_mixin.py:190} INFO - [2025-12-14T06:03:38.423+0000] {dag.py:4180} INFO - Setting next_dagrun for socar_seismic_etl_v2 to None, run_after=None
[2025-12-14T06:03:38.434+0000] {processor.py:208} INFO - Processing /opt/airflow/dags/socar_seismic_etl_v2.py took 0.368 seconds
[2025-12-14T06:04:08.577+0000] {processor.py:186} INFO - Started process (PID=7925) to work on /opt/airflow/dags/socar_seismic_etl_v2.py
[2025-12-14T06:04:08.578+0000] {processor.py:914} INFO - Processing file /opt/airflow/dags/socar_seismic_etl_v2.py for tasks to queue
[2025-12-14T06:04:08.580+0000] {logging_mixin.py:190} INFO - [2025-12-14T06:04:08.579+0000] {dagbag.py:588} INFO - Filling up the DagBag from /opt/airflow/dags/socar_seismic_etl_v2.py
[2025-12-14T06:04:08.897+0000] {processor.py:925} INFO - DAG(s) 'socar_seismic_etl_v2' retrieved from /opt/airflow/dags/socar_seismic_etl_v2.py
[2025-12-14T06:04:08.916+0000] {logging_mixin.py:190} INFO - [2025-12-14T06:04:08.916+0000] {dag.py:3239} INFO - Sync 1 DAGs
[2025-12-14T06:04:08.926+0000] {logging_mixin.py:190} INFO - [2025-12-14T06:04:08.926+0000] {dag.py:4180} INFO - Setting next_dagrun for socar_seismic_etl_v2 to None, run_after=None
[2025-12-14T06:04:08.938+0000] {processor.py:208} INFO - Processing /opt/airflow/dags/socar_seismic_etl_v2.py took 0.365 seconds
[2025-12-14T06:04:39.077+0000] {processor.py:186} INFO - Started process (PID=7943) to work on /opt/airflow/dags/socar_seismic_etl_v2.py
[2025-12-14T06:04:39.078+0000] {processor.py:914} INFO - Processing file /opt/airflow/dags/socar_seismic_etl_v2.py for tasks to queue
[2025-12-14T06:04:39.079+0000] {logging_mixin.py:190} INFO - [2025-12-14T06:04:39.079+0000] {dagbag.py:588} INFO - Filling up the DagBag from /opt/airflow/dags/socar_seismic_etl_v2.py
[2025-12-14T06:04:39.403+0000] {processor.py:925} INFO - DAG(s) 'socar_seismic_etl_v2' retrieved from /opt/airflow/dags/socar_seismic_etl_v2.py
[2025-12-14T06:04:39.421+0000] {logging_mixin.py:190} INFO - [2025-12-14T06:04:39.421+0000] {dag.py:3239} INFO - Sync 1 DAGs
[2025-12-14T06:04:39.432+0000] {logging_mixin.py:190} INFO - [2025-12-14T06:04:39.432+0000] {dag.py:4180} INFO - Setting next_dagrun for socar_seismic_etl_v2 to None, run_after=None
[2025-12-14T06:04:39.444+0000] {processor.py:208} INFO - Processing /opt/airflow/dags/socar_seismic_etl_v2.py took 0.371 seconds
[2025-12-14T06:05:09.583+0000] {processor.py:186} INFO - Started process (PID=7961) to work on /opt/airflow/dags/socar_seismic_etl_v2.py
[2025-12-14T06:05:09.584+0000] {processor.py:914} INFO - Processing file /opt/airflow/dags/socar_seismic_etl_v2.py for tasks to queue
[2025-12-14T06:05:09.586+0000] {logging_mixin.py:190} INFO - [2025-12-14T06:05:09.585+0000] {dagbag.py:588} INFO - Filling up the DagBag from /opt/airflow/dags/socar_seismic_etl_v2.py
[2025-12-14T06:05:09.909+0000] {processor.py:925} INFO - DAG(s) 'socar_seismic_etl_v2' retrieved from /opt/airflow/dags/socar_seismic_etl_v2.py
[2025-12-14T06:05:09.929+0000] {logging_mixin.py:190} INFO - [2025-12-14T06:05:09.929+0000] {dag.py:3239} INFO - Sync 1 DAGs
[2025-12-14T06:05:09.940+0000] {logging_mixin.py:190} INFO - [2025-12-14T06:05:09.940+0000] {dag.py:4180} INFO - Setting next_dagrun for socar_seismic_etl_v2 to None, run_after=None
[2025-12-14T06:05:09.953+0000] {processor.py:208} INFO - Processing /opt/airflow/dags/socar_seismic_etl_v2.py took 0.375 seconds
[2025-12-14T06:05:40.094+0000] {processor.py:186} INFO - Started process (PID=7979) to work on /opt/airflow/dags/socar_seismic_etl_v2.py
[2025-12-14T06:05:40.095+0000] {processor.py:914} INFO - Processing file /opt/airflow/dags/socar_seismic_etl_v2.py for tasks to queue
[2025-12-14T06:05:40.096+0000] {logging_mixin.py:190} INFO - [2025-12-14T06:05:40.096+0000] {dagbag.py:588} INFO - Filling up the DagBag from /opt/airflow/dags/socar_seismic_etl_v2.py
[2025-12-14T06:05:40.415+0000] {processor.py:925} INFO - DAG(s) 'socar_seismic_etl_v2' retrieved from /opt/airflow/dags/socar_seismic_etl_v2.py
[2025-12-14T06:05:40.434+0000] {logging_mixin.py:190} INFO - [2025-12-14T06:05:40.433+0000] {dag.py:3239} INFO - Sync 1 DAGs
[2025-12-14T06:05:40.443+0000] {logging_mixin.py:190} INFO - [2025-12-14T06:05:40.443+0000] {dag.py:4180} INFO - Setting next_dagrun for socar_seismic_etl_v2 to None, run_after=None
[2025-12-14T06:05:40.455+0000] {processor.py:208} INFO - Processing /opt/airflow/dags/socar_seismic_etl_v2.py took 0.366 seconds
[2025-12-14T06:06:10.601+0000] {processor.py:186} INFO - Started process (PID=7997) to work on /opt/airflow/dags/socar_seismic_etl_v2.py
[2025-12-14T06:06:10.602+0000] {processor.py:914} INFO - Processing file /opt/airflow/dags/socar_seismic_etl_v2.py for tasks to queue
[2025-12-14T06:06:10.604+0000] {logging_mixin.py:190} INFO - [2025-12-14T06:06:10.603+0000] {dagbag.py:588} INFO - Filling up the DagBag from /opt/airflow/dags/socar_seismic_etl_v2.py
[2025-12-14T06:06:10.924+0000] {processor.py:925} INFO - DAG(s) 'socar_seismic_etl_v2' retrieved from /opt/airflow/dags/socar_seismic_etl_v2.py
[2025-12-14T06:06:10.942+0000] {logging_mixin.py:190} INFO - [2025-12-14T06:06:10.942+0000] {dag.py:3239} INFO - Sync 1 DAGs
[2025-12-14T06:06:10.952+0000] {logging_mixin.py:190} INFO - [2025-12-14T06:06:10.952+0000] {dag.py:4180} INFO - Setting next_dagrun for socar_seismic_etl_v2 to None, run_after=None
[2025-12-14T06:06:10.965+0000] {processor.py:208} INFO - Processing /opt/airflow/dags/socar_seismic_etl_v2.py took 0.368 seconds
[2025-12-14T06:06:41.107+0000] {processor.py:186} INFO - Started process (PID=8015) to work on /opt/airflow/dags/socar_seismic_etl_v2.py
[2025-12-14T06:06:41.107+0000] {processor.py:914} INFO - Processing file /opt/airflow/dags/socar_seismic_etl_v2.py for tasks to queue
[2025-12-14T06:06:41.109+0000] {logging_mixin.py:190} INFO - [2025-12-14T06:06:41.109+0000] {dagbag.py:588} INFO - Filling up the DagBag from /opt/airflow/dags/socar_seismic_etl_v2.py
[2025-12-14T06:06:41.430+0000] {processor.py:925} INFO - DAG(s) 'socar_seismic_etl_v2' retrieved from /opt/airflow/dags/socar_seismic_etl_v2.py
[2025-12-14T06:06:41.448+0000] {logging_mixin.py:190} INFO - [2025-12-14T06:06:41.448+0000] {dag.py:3239} INFO - Sync 1 DAGs
[2025-12-14T06:06:41.458+0000] {logging_mixin.py:190} INFO - [2025-12-14T06:06:41.458+0000] {dag.py:4180} INFO - Setting next_dagrun for socar_seismic_etl_v2 to None, run_after=None
[2025-12-14T06:06:41.470+0000] {processor.py:208} INFO - Processing /opt/airflow/dags/socar_seismic_etl_v2.py took 0.368 seconds
[2025-12-14T06:07:11.595+0000] {processor.py:186} INFO - Started process (PID=8033) to work on /opt/airflow/dags/socar_seismic_etl_v2.py
[2025-12-14T06:07:11.596+0000] {processor.py:914} INFO - Processing file /opt/airflow/dags/socar_seismic_etl_v2.py for tasks to queue
[2025-12-14T06:07:11.598+0000] {logging_mixin.py:190} INFO - [2025-12-14T06:07:11.597+0000] {dagbag.py:588} INFO - Filling up the DagBag from /opt/airflow/dags/socar_seismic_etl_v2.py
[2025-12-14T06:07:11.790+0000] {processor.py:925} INFO - DAG(s) 'socar_seismic_etl_v2' retrieved from /opt/airflow/dags/socar_seismic_etl_v2.py
[2025-12-14T06:07:11.814+0000] {logging_mixin.py:190} INFO - [2025-12-14T06:07:11.813+0000] {dag.py:3239} INFO - Sync 1 DAGs
[2025-12-14T06:07:11.825+0000] {logging_mixin.py:190} INFO - [2025-12-14T06:07:11.825+0000] {dag.py:4180} INFO - Setting next_dagrun for socar_seismic_etl_v2 to None, run_after=None
[2025-12-14T06:07:11.838+0000] {processor.py:208} INFO - Processing /opt/airflow/dags/socar_seismic_etl_v2.py took 0.247 seconds
[2025-12-14T06:07:41.974+0000] {processor.py:186} INFO - Started process (PID=8051) to work on /opt/airflow/dags/socar_seismic_etl_v2.py
[2025-12-14T06:07:41.975+0000] {processor.py:914} INFO - Processing file /opt/airflow/dags/socar_seismic_etl_v2.py for tasks to queue
[2025-12-14T06:07:41.976+0000] {logging_mixin.py:190} INFO - [2025-12-14T06:07:41.976+0000] {dagbag.py:588} INFO - Filling up the DagBag from /opt/airflow/dags/socar_seismic_etl_v2.py
[2025-12-14T06:07:42.169+0000] {processor.py:925} INFO - DAG(s) 'socar_seismic_etl_v2' retrieved from /opt/airflow/dags/socar_seismic_etl_v2.py
[2025-12-14T06:07:42.190+0000] {logging_mixin.py:190} INFO - [2025-12-14T06:07:42.190+0000] {dag.py:3239} INFO - Sync 1 DAGs
[2025-12-14T06:07:42.201+0000] {logging_mixin.py:190} INFO - [2025-12-14T06:07:42.201+0000] {dag.py:4180} INFO - Setting next_dagrun for socar_seismic_etl_v2 to None, run_after=None
[2025-12-14T06:07:42.215+0000] {processor.py:208} INFO - Processing /opt/airflow/dags/socar_seismic_etl_v2.py took 0.245 seconds
[2025-12-14T06:08:12.355+0000] {processor.py:186} INFO - Started process (PID=8069) to work on /opt/airflow/dags/socar_seismic_etl_v2.py
[2025-12-14T06:08:12.356+0000] {processor.py:914} INFO - Processing file /opt/airflow/dags/socar_seismic_etl_v2.py for tasks to queue
[2025-12-14T06:08:12.357+0000] {logging_mixin.py:190} INFO - [2025-12-14T06:08:12.357+0000] {dagbag.py:588} INFO - Filling up the DagBag from /opt/airflow/dags/socar_seismic_etl_v2.py
[2025-12-14T06:08:12.549+0000] {processor.py:925} INFO - DAG(s) 'socar_seismic_etl_v2' retrieved from /opt/airflow/dags/socar_seismic_etl_v2.py
[2025-12-14T06:08:12.571+0000] {logging_mixin.py:190} INFO - [2025-12-14T06:08:12.570+0000] {dag.py:3239} INFO - Sync 1 DAGs
[2025-12-14T06:08:12.582+0000] {logging_mixin.py:190} INFO - [2025-12-14T06:08:12.582+0000] {dag.py:4180} INFO - Setting next_dagrun for socar_seismic_etl_v2 to None, run_after=None
[2025-12-14T06:08:12.595+0000] {processor.py:208} INFO - Processing /opt/airflow/dags/socar_seismic_etl_v2.py took 0.244 seconds
[2025-12-14T06:08:42.732+0000] {processor.py:186} INFO - Started process (PID=8087) to work on /opt/airflow/dags/socar_seismic_etl_v2.py
[2025-12-14T06:08:42.733+0000] {processor.py:914} INFO - Processing file /opt/airflow/dags/socar_seismic_etl_v2.py for tasks to queue
[2025-12-14T06:08:42.734+0000] {logging_mixin.py:190} INFO - [2025-12-14T06:08:42.734+0000] {dagbag.py:588} INFO - Filling up the DagBag from /opt/airflow/dags/socar_seismic_etl_v2.py
[2025-12-14T06:08:42.926+0000] {processor.py:925} INFO - DAG(s) 'socar_seismic_etl_v2' retrieved from /opt/airflow/dags/socar_seismic_etl_v2.py
[2025-12-14T06:08:42.948+0000] {logging_mixin.py:190} INFO - [2025-12-14T06:08:42.947+0000] {dag.py:3239} INFO - Sync 1 DAGs
[2025-12-14T06:08:42.959+0000] {logging_mixin.py:190} INFO - [2025-12-14T06:08:42.959+0000] {dag.py:4180} INFO - Setting next_dagrun for socar_seismic_etl_v2 to None, run_after=None
[2025-12-14T06:08:42.972+0000] {processor.py:208} INFO - Processing /opt/airflow/dags/socar_seismic_etl_v2.py took 0.245 seconds
[2025-12-14T06:09:13.109+0000] {processor.py:186} INFO - Started process (PID=8105) to work on /opt/airflow/dags/socar_seismic_etl_v2.py
[2025-12-14T06:09:13.109+0000] {processor.py:914} INFO - Processing file /opt/airflow/dags/socar_seismic_etl_v2.py for tasks to queue
[2025-12-14T06:09:13.111+0000] {logging_mixin.py:190} INFO - [2025-12-14T06:09:13.111+0000] {dagbag.py:588} INFO - Filling up the DagBag from /opt/airflow/dags/socar_seismic_etl_v2.py
[2025-12-14T06:09:13.303+0000] {processor.py:925} INFO - DAG(s) 'socar_seismic_etl_v2' retrieved from /opt/airflow/dags/socar_seismic_etl_v2.py
[2025-12-14T06:09:13.325+0000] {logging_mixin.py:190} INFO - [2025-12-14T06:09:13.324+0000] {dag.py:3239} INFO - Sync 1 DAGs
[2025-12-14T06:09:13.336+0000] {logging_mixin.py:190} INFO - [2025-12-14T06:09:13.336+0000] {dag.py:4180} INFO - Setting next_dagrun for socar_seismic_etl_v2 to None, run_after=None
[2025-12-14T06:09:13.348+0000] {processor.py:208} INFO - Processing /opt/airflow/dags/socar_seismic_etl_v2.py took 0.244 seconds
[2025-12-14T06:09:43.486+0000] {processor.py:186} INFO - Started process (PID=8123) to work on /opt/airflow/dags/socar_seismic_etl_v2.py
[2025-12-14T06:09:43.487+0000] {processor.py:914} INFO - Processing file /opt/airflow/dags/socar_seismic_etl_v2.py for tasks to queue
[2025-12-14T06:09:43.488+0000] {logging_mixin.py:190} INFO - [2025-12-14T06:09:43.488+0000] {dagbag.py:588} INFO - Filling up the DagBag from /opt/airflow/dags/socar_seismic_etl_v2.py
[2025-12-14T06:09:43.680+0000] {processor.py:925} INFO - DAG(s) 'socar_seismic_etl_v2' retrieved from /opt/airflow/dags/socar_seismic_etl_v2.py
[2025-12-14T06:09:43.701+0000] {logging_mixin.py:190} INFO - [2025-12-14T06:09:43.701+0000] {dag.py:3239} INFO - Sync 1 DAGs
[2025-12-14T06:09:43.713+0000] {logging_mixin.py:190} INFO - [2025-12-14T06:09:43.713+0000] {dag.py:4180} INFO - Setting next_dagrun for socar_seismic_etl_v2 to None, run_after=None
[2025-12-14T06:09:43.725+0000] {processor.py:208} INFO - Processing /opt/airflow/dags/socar_seismic_etl_v2.py took 0.244 seconds
[2025-12-14T06:10:13.858+0000] {processor.py:186} INFO - Started process (PID=8141) to work on /opt/airflow/dags/socar_seismic_etl_v2.py
[2025-12-14T06:10:13.859+0000] {processor.py:914} INFO - Processing file /opt/airflow/dags/socar_seismic_etl_v2.py for tasks to queue
[2025-12-14T06:10:13.860+0000] {logging_mixin.py:190} INFO - [2025-12-14T06:10:13.860+0000] {dagbag.py:588} INFO - Filling up the DagBag from /opt/airflow/dags/socar_seismic_etl_v2.py
[2025-12-14T06:10:14.054+0000] {processor.py:925} INFO - DAG(s) 'socar_seismic_etl_v2' retrieved from /opt/airflow/dags/socar_seismic_etl_v2.py
[2025-12-14T06:10:14.075+0000] {logging_mixin.py:190} INFO - [2025-12-14T06:10:14.075+0000] {dag.py:3239} INFO - Sync 1 DAGs
[2025-12-14T06:10:14.087+0000] {logging_mixin.py:190} INFO - [2025-12-14T06:10:14.087+0000] {dag.py:4180} INFO - Setting next_dagrun for socar_seismic_etl_v2 to None, run_after=None
[2025-12-14T06:10:14.099+0000] {processor.py:208} INFO - Processing /opt/airflow/dags/socar_seismic_etl_v2.py took 0.245 seconds
[2025-12-14T06:10:44.237+0000] {processor.py:186} INFO - Started process (PID=8159) to work on /opt/airflow/dags/socar_seismic_etl_v2.py
[2025-12-14T06:10:44.238+0000] {processor.py:914} INFO - Processing file /opt/airflow/dags/socar_seismic_etl_v2.py for tasks to queue
[2025-12-14T06:10:44.240+0000] {logging_mixin.py:190} INFO - [2025-12-14T06:10:44.239+0000] {dagbag.py:588} INFO - Filling up the DagBag from /opt/airflow/dags/socar_seismic_etl_v2.py
[2025-12-14T06:10:44.432+0000] {processor.py:925} INFO - DAG(s) 'socar_seismic_etl_v2' retrieved from /opt/airflow/dags/socar_seismic_etl_v2.py
[2025-12-14T06:10:44.454+0000] {logging_mixin.py:190} INFO - [2025-12-14T06:10:44.453+0000] {dag.py:3239} INFO - Sync 1 DAGs
[2025-12-14T06:10:44.465+0000] {logging_mixin.py:190} INFO - [2025-12-14T06:10:44.465+0000] {dag.py:4180} INFO - Setting next_dagrun for socar_seismic_etl_v2 to None, run_after=None
[2025-12-14T06:10:44.478+0000] {processor.py:208} INFO - Processing /opt/airflow/dags/socar_seismic_etl_v2.py took 0.245 seconds
[2025-12-14T06:11:14.620+0000] {processor.py:186} INFO - Started process (PID=8177) to work on /opt/airflow/dags/socar_seismic_etl_v2.py
[2025-12-14T06:11:14.621+0000] {processor.py:914} INFO - Processing file /opt/airflow/dags/socar_seismic_etl_v2.py for tasks to queue
[2025-12-14T06:11:14.622+0000] {logging_mixin.py:190} INFO - [2025-12-14T06:11:14.622+0000] {dagbag.py:588} INFO - Filling up the DagBag from /opt/airflow/dags/socar_seismic_etl_v2.py
[2025-12-14T06:11:14.815+0000] {processor.py:925} INFO - DAG(s) 'socar_seismic_etl_v2' retrieved from /opt/airflow/dags/socar_seismic_etl_v2.py
[2025-12-14T06:11:14.836+0000] {logging_mixin.py:190} INFO - [2025-12-14T06:11:14.836+0000] {dag.py:3239} INFO - Sync 1 DAGs
[2025-12-14T06:11:14.847+0000] {logging_mixin.py:190} INFO - [2025-12-14T06:11:14.847+0000] {dag.py:4180} INFO - Setting next_dagrun for socar_seismic_etl_v2 to None, run_after=None
[2025-12-14T06:11:14.861+0000] {processor.py:208} INFO - Processing /opt/airflow/dags/socar_seismic_etl_v2.py took 0.246 seconds
[2025-12-14T06:11:45.000+0000] {processor.py:186} INFO - Started process (PID=8195) to work on /opt/airflow/dags/socar_seismic_etl_v2.py
[2025-12-14T06:11:45.001+0000] {processor.py:914} INFO - Processing file /opt/airflow/dags/socar_seismic_etl_v2.py for tasks to queue
[2025-12-14T06:11:45.002+0000] {logging_mixin.py:190} INFO - [2025-12-14T06:11:45.002+0000] {dagbag.py:588} INFO - Filling up the DagBag from /opt/airflow/dags/socar_seismic_etl_v2.py
[2025-12-14T06:11:45.196+0000] {processor.py:925} INFO - DAG(s) 'socar_seismic_etl_v2' retrieved from /opt/airflow/dags/socar_seismic_etl_v2.py
[2025-12-14T06:11:45.217+0000] {logging_mixin.py:190} INFO - [2025-12-14T06:11:45.217+0000] {dag.py:3239} INFO - Sync 1 DAGs
[2025-12-14T06:11:45.229+0000] {logging_mixin.py:190} INFO - [2025-12-14T06:11:45.229+0000] {dag.py:4180} INFO - Setting next_dagrun for socar_seismic_etl_v2 to None, run_after=None
[2025-12-14T06:11:45.242+0000] {processor.py:208} INFO - Processing /opt/airflow/dags/socar_seismic_etl_v2.py took 0.247 seconds
[2025-12-14T06:12:15.381+0000] {processor.py:186} INFO - Started process (PID=8219) to work on /opt/airflow/dags/socar_seismic_etl_v2.py
[2025-12-14T06:12:15.381+0000] {processor.py:914} INFO - Processing file /opt/airflow/dags/socar_seismic_etl_v2.py for tasks to queue
[2025-12-14T06:12:15.382+0000] {logging_mixin.py:190} INFO - [2025-12-14T06:12:15.382+0000] {dagbag.py:588} INFO - Filling up the DagBag from /opt/airflow/dags/socar_seismic_etl_v2.py
[2025-12-14T06:12:15.576+0000] {processor.py:925} INFO - DAG(s) 'socar_seismic_etl_v2' retrieved from /opt/airflow/dags/socar_seismic_etl_v2.py
[2025-12-14T06:12:15.597+0000] {logging_mixin.py:190} INFO - [2025-12-14T06:12:15.597+0000] {dag.py:3239} INFO - Sync 1 DAGs
[2025-12-14T06:12:15.609+0000] {logging_mixin.py:190} INFO - [2025-12-14T06:12:15.609+0000] {dag.py:4180} INFO - Setting next_dagrun for socar_seismic_etl_v2 to None, run_after=None
[2025-12-14T06:12:15.622+0000] {processor.py:208} INFO - Processing /opt/airflow/dags/socar_seismic_etl_v2.py took 0.246 seconds
[2025-12-14T06:12:45.757+0000] {processor.py:186} INFO - Started process (PID=8237) to work on /opt/airflow/dags/socar_seismic_etl_v2.py
[2025-12-14T06:12:45.758+0000] {processor.py:914} INFO - Processing file /opt/airflow/dags/socar_seismic_etl_v2.py for tasks to queue
[2025-12-14T06:12:45.759+0000] {logging_mixin.py:190} INFO - [2025-12-14T06:12:45.759+0000] {dagbag.py:588} INFO - Filling up the DagBag from /opt/airflow/dags/socar_seismic_etl_v2.py
[2025-12-14T06:12:45.952+0000] {processor.py:925} INFO - DAG(s) 'socar_seismic_etl_v2' retrieved from /opt/airflow/dags/socar_seismic_etl_v2.py
[2025-12-14T06:12:45.973+0000] {logging_mixin.py:190} INFO - [2025-12-14T06:12:45.973+0000] {dag.py:3239} INFO - Sync 1 DAGs
[2025-12-14T06:12:45.984+0000] {logging_mixin.py:190} INFO - [2025-12-14T06:12:45.984+0000] {dag.py:4180} INFO - Setting next_dagrun for socar_seismic_etl_v2 to None, run_after=None
[2025-12-14T06:12:45.997+0000] {processor.py:208} INFO - Processing /opt/airflow/dags/socar_seismic_etl_v2.py took 0.245 seconds
[2025-12-14T06:13:16.133+0000] {processor.py:186} INFO - Started process (PID=8255) to work on /opt/airflow/dags/socar_seismic_etl_v2.py
[2025-12-14T06:13:16.133+0000] {processor.py:914} INFO - Processing file /opt/airflow/dags/socar_seismic_etl_v2.py for tasks to queue
[2025-12-14T06:13:16.135+0000] {logging_mixin.py:190} INFO - [2025-12-14T06:13:16.134+0000] {dagbag.py:588} INFO - Filling up the DagBag from /opt/airflow/dags/socar_seismic_etl_v2.py
[2025-12-14T06:13:16.326+0000] {processor.py:925} INFO - DAG(s) 'socar_seismic_etl_v2' retrieved from /opt/airflow/dags/socar_seismic_etl_v2.py
[2025-12-14T06:13:16.348+0000] {logging_mixin.py:190} INFO - [2025-12-14T06:13:16.347+0000] {dag.py:3239} INFO - Sync 1 DAGs
[2025-12-14T06:13:16.360+0000] {logging_mixin.py:190} INFO - [2025-12-14T06:13:16.360+0000] {dag.py:4180} INFO - Setting next_dagrun for socar_seismic_etl_v2 to None, run_after=None
[2025-12-14T06:13:16.372+0000] {processor.py:208} INFO - Processing /opt/airflow/dags/socar_seismic_etl_v2.py took 0.244 seconds
[2025-12-14T06:13:46.510+0000] {processor.py:186} INFO - Started process (PID=8273) to work on /opt/airflow/dags/socar_seismic_etl_v2.py
[2025-12-14T06:13:46.510+0000] {processor.py:914} INFO - Processing file /opt/airflow/dags/socar_seismic_etl_v2.py for tasks to queue
[2025-12-14T06:13:46.512+0000] {logging_mixin.py:190} INFO - [2025-12-14T06:13:46.511+0000] {dagbag.py:588} INFO - Filling up the DagBag from /opt/airflow/dags/socar_seismic_etl_v2.py
[2025-12-14T06:13:46.705+0000] {processor.py:925} INFO - DAG(s) 'socar_seismic_etl_v2' retrieved from /opt/airflow/dags/socar_seismic_etl_v2.py
[2025-12-14T06:13:46.726+0000] {logging_mixin.py:190} INFO - [2025-12-14T06:13:46.726+0000] {dag.py:3239} INFO - Sync 1 DAGs
[2025-12-14T06:13:46.738+0000] {logging_mixin.py:190} INFO - [2025-12-14T06:13:46.738+0000] {dag.py:4180} INFO - Setting next_dagrun for socar_seismic_etl_v2 to None, run_after=None
[2025-12-14T06:13:46.751+0000] {processor.py:208} INFO - Processing /opt/airflow/dags/socar_seismic_etl_v2.py took 0.246 seconds
[2025-12-14T06:14:16.887+0000] {processor.py:186} INFO - Started process (PID=8291) to work on /opt/airflow/dags/socar_seismic_etl_v2.py
[2025-12-14T06:14:16.888+0000] {processor.py:914} INFO - Processing file /opt/airflow/dags/socar_seismic_etl_v2.py for tasks to queue
[2025-12-14T06:14:16.889+0000] {logging_mixin.py:190} INFO - [2025-12-14T06:14:16.889+0000] {dagbag.py:588} INFO - Filling up the DagBag from /opt/airflow/dags/socar_seismic_etl_v2.py
[2025-12-14T06:14:17.080+0000] {processor.py:925} INFO - DAG(s) 'socar_seismic_etl_v2' retrieved from /opt/airflow/dags/socar_seismic_etl_v2.py
[2025-12-14T06:14:17.102+0000] {logging_mixin.py:190} INFO - [2025-12-14T06:14:17.102+0000] {dag.py:3239} INFO - Sync 1 DAGs
[2025-12-14T06:14:17.114+0000] {logging_mixin.py:190} INFO - [2025-12-14T06:14:17.114+0000] {dag.py:4180} INFO - Setting next_dagrun for socar_seismic_etl_v2 to None, run_after=None
[2025-12-14T06:14:17.126+0000] {processor.py:208} INFO - Processing /opt/airflow/dags/socar_seismic_etl_v2.py took 0.244 seconds
[2025-12-14T06:14:47.260+0000] {processor.py:186} INFO - Started process (PID=8309) to work on /opt/airflow/dags/socar_seismic_etl_v2.py
[2025-12-14T06:14:47.261+0000] {processor.py:914} INFO - Processing file /opt/airflow/dags/socar_seismic_etl_v2.py for tasks to queue
[2025-12-14T06:14:47.262+0000] {logging_mixin.py:190} INFO - [2025-12-14T06:14:47.262+0000] {dagbag.py:588} INFO - Filling up the DagBag from /opt/airflow/dags/socar_seismic_etl_v2.py
[2025-12-14T06:14:47.455+0000] {processor.py:925} INFO - DAG(s) 'socar_seismic_etl_v2' retrieved from /opt/airflow/dags/socar_seismic_etl_v2.py
[2025-12-14T06:14:47.476+0000] {logging_mixin.py:190} INFO - [2025-12-14T06:14:47.476+0000] {dag.py:3239} INFO - Sync 1 DAGs
[2025-12-14T06:14:47.488+0000] {logging_mixin.py:190} INFO - [2025-12-14T06:14:47.487+0000] {dag.py:4180} INFO - Setting next_dagrun for socar_seismic_etl_v2 to None, run_after=None
[2025-12-14T06:14:47.501+0000] {processor.py:208} INFO - Processing /opt/airflow/dags/socar_seismic_etl_v2.py took 0.246 seconds
[2025-12-14T06:15:17.639+0000] {processor.py:186} INFO - Started process (PID=8327) to work on /opt/airflow/dags/socar_seismic_etl_v2.py
[2025-12-14T06:15:17.639+0000] {processor.py:914} INFO - Processing file /opt/airflow/dags/socar_seismic_etl_v2.py for tasks to queue
[2025-12-14T06:15:17.641+0000] {logging_mixin.py:190} INFO - [2025-12-14T06:15:17.641+0000] {dagbag.py:588} INFO - Filling up the DagBag from /opt/airflow/dags/socar_seismic_etl_v2.py
[2025-12-14T06:15:17.833+0000] {processor.py:925} INFO - DAG(s) 'socar_seismic_etl_v2' retrieved from /opt/airflow/dags/socar_seismic_etl_v2.py
[2025-12-14T06:15:17.854+0000] {logging_mixin.py:190} INFO - [2025-12-14T06:15:17.854+0000] {dag.py:3239} INFO - Sync 1 DAGs
[2025-12-14T06:15:17.866+0000] {logging_mixin.py:190} INFO - [2025-12-14T06:15:17.865+0000] {dag.py:4180} INFO - Setting next_dagrun for socar_seismic_etl_v2 to None, run_after=None
[2025-12-14T06:15:17.878+0000] {processor.py:208} INFO - Processing /opt/airflow/dags/socar_seismic_etl_v2.py took 0.244 seconds
[2025-12-14T06:15:48.016+0000] {processor.py:186} INFO - Started process (PID=8345) to work on /opt/airflow/dags/socar_seismic_etl_v2.py
[2025-12-14T06:15:48.016+0000] {processor.py:914} INFO - Processing file /opt/airflow/dags/socar_seismic_etl_v2.py for tasks to queue
[2025-12-14T06:15:48.018+0000] {logging_mixin.py:190} INFO - [2025-12-14T06:15:48.017+0000] {dagbag.py:588} INFO - Filling up the DagBag from /opt/airflow/dags/socar_seismic_etl_v2.py
[2025-12-14T06:15:48.209+0000] {processor.py:925} INFO - DAG(s) 'socar_seismic_etl_v2' retrieved from /opt/airflow/dags/socar_seismic_etl_v2.py
[2025-12-14T06:15:48.230+0000] {logging_mixin.py:190} INFO - [2025-12-14T06:15:48.230+0000] {dag.py:3239} INFO - Sync 1 DAGs
[2025-12-14T06:15:48.242+0000] {logging_mixin.py:190} INFO - [2025-12-14T06:15:48.242+0000] {dag.py:4180} INFO - Setting next_dagrun for socar_seismic_etl_v2 to None, run_after=None
[2025-12-14T06:15:48.255+0000] {processor.py:208} INFO - Processing /opt/airflow/dags/socar_seismic_etl_v2.py took 0.244 seconds
[2025-12-14T06:16:18.398+0000] {processor.py:186} INFO - Started process (PID=8363) to work on /opt/airflow/dags/socar_seismic_etl_v2.py
[2025-12-14T06:16:18.399+0000] {processor.py:914} INFO - Processing file /opt/airflow/dags/socar_seismic_etl_v2.py for tasks to queue
[2025-12-14T06:16:18.400+0000] {logging_mixin.py:190} INFO - [2025-12-14T06:16:18.400+0000] {dagbag.py:588} INFO - Filling up the DagBag from /opt/airflow/dags/socar_seismic_etl_v2.py
[2025-12-14T06:16:18.593+0000] {processor.py:925} INFO - DAG(s) 'socar_seismic_etl_v2' retrieved from /opt/airflow/dags/socar_seismic_etl_v2.py
[2025-12-14T06:16:18.614+0000] {logging_mixin.py:190} INFO - [2025-12-14T06:16:18.614+0000] {dag.py:3239} INFO - Sync 1 DAGs
[2025-12-14T06:16:18.625+0000] {logging_mixin.py:190} INFO - [2025-12-14T06:16:18.625+0000] {dag.py:4180} INFO - Setting next_dagrun for socar_seismic_etl_v2 to None, run_after=None
[2025-12-14T06:16:18.638+0000] {processor.py:208} INFO - Processing /opt/airflow/dags/socar_seismic_etl_v2.py took 0.245 seconds
[2025-12-14T06:16:48.777+0000] {processor.py:186} INFO - Started process (PID=8381) to work on /opt/airflow/dags/socar_seismic_etl_v2.py
[2025-12-14T06:16:48.777+0000] {processor.py:914} INFO - Processing file /opt/airflow/dags/socar_seismic_etl_v2.py for tasks to queue
[2025-12-14T06:16:48.779+0000] {logging_mixin.py:190} INFO - [2025-12-14T06:16:48.778+0000] {dagbag.py:588} INFO - Filling up the DagBag from /opt/airflow/dags/socar_seismic_etl_v2.py
[2025-12-14T06:16:48.972+0000] {processor.py:925} INFO - DAG(s) 'socar_seismic_etl_v2' retrieved from /opt/airflow/dags/socar_seismic_etl_v2.py
[2025-12-14T06:16:48.994+0000] {logging_mixin.py:190} INFO - [2025-12-14T06:16:48.993+0000] {dag.py:3239} INFO - Sync 1 DAGs
[2025-12-14T06:16:49.005+0000] {logging_mixin.py:190} INFO - [2025-12-14T06:16:49.005+0000] {dag.py:4180} INFO - Setting next_dagrun for socar_seismic_etl_v2 to None, run_after=None
[2025-12-14T06:16:49.018+0000] {processor.py:208} INFO - Processing /opt/airflow/dags/socar_seismic_etl_v2.py took 0.246 seconds
[2025-12-14T06:17:19.150+0000] {processor.py:186} INFO - Started process (PID=8399) to work on /opt/airflow/dags/socar_seismic_etl_v2.py
[2025-12-14T06:17:19.151+0000] {processor.py:914} INFO - Processing file /opt/airflow/dags/socar_seismic_etl_v2.py for tasks to queue
[2025-12-14T06:17:19.153+0000] {logging_mixin.py:190} INFO - [2025-12-14T06:17:19.152+0000] {dagbag.py:588} INFO - Filling up the DagBag from /opt/airflow/dags/socar_seismic_etl_v2.py
[2025-12-14T06:17:19.346+0000] {processor.py:925} INFO - DAG(s) 'socar_seismic_etl_v2' retrieved from /opt/airflow/dags/socar_seismic_etl_v2.py
[2025-12-14T06:17:19.368+0000] {logging_mixin.py:190} INFO - [2025-12-14T06:17:19.367+0000] {dag.py:3239} INFO - Sync 1 DAGs
[2025-12-14T06:17:19.379+0000] {logging_mixin.py:190} INFO - [2025-12-14T06:17:19.379+0000] {dag.py:4180} INFO - Setting next_dagrun for socar_seismic_etl_v2 to None, run_after=None
[2025-12-14T06:17:19.392+0000] {processor.py:208} INFO - Processing /opt/airflow/dags/socar_seismic_etl_v2.py took 0.246 seconds
[2025-12-14T06:17:49.529+0000] {processor.py:186} INFO - Started process (PID=8417) to work on /opt/airflow/dags/socar_seismic_etl_v2.py
[2025-12-14T06:17:49.529+0000] {processor.py:914} INFO - Processing file /opt/airflow/dags/socar_seismic_etl_v2.py for tasks to queue
[2025-12-14T06:17:49.531+0000] {logging_mixin.py:190} INFO - [2025-12-14T06:17:49.530+0000] {dagbag.py:588} INFO - Filling up the DagBag from /opt/airflow/dags/socar_seismic_etl_v2.py
[2025-12-14T06:17:49.722+0000] {processor.py:925} INFO - DAG(s) 'socar_seismic_etl_v2' retrieved from /opt/airflow/dags/socar_seismic_etl_v2.py
[2025-12-14T06:17:49.744+0000] {logging_mixin.py:190} INFO - [2025-12-14T06:17:49.744+0000] {dag.py:3239} INFO - Sync 1 DAGs
[2025-12-14T06:17:49.755+0000] {logging_mixin.py:190} INFO - [2025-12-14T06:17:49.755+0000] {dag.py:4180} INFO - Setting next_dagrun for socar_seismic_etl_v2 to None, run_after=None
[2025-12-14T06:17:49.768+0000] {processor.py:208} INFO - Processing /opt/airflow/dags/socar_seismic_etl_v2.py took 0.244 seconds
[2025-12-14T06:18:19.906+0000] {processor.py:186} INFO - Started process (PID=8435) to work on /opt/airflow/dags/socar_seismic_etl_v2.py
[2025-12-14T06:18:19.908+0000] {processor.py:914} INFO - Processing file /opt/airflow/dags/socar_seismic_etl_v2.py for tasks to queue
[2025-12-14T06:18:19.909+0000] {logging_mixin.py:190} INFO - [2025-12-14T06:18:19.909+0000] {dagbag.py:588} INFO - Filling up the DagBag from /opt/airflow/dags/socar_seismic_etl_v2.py
[2025-12-14T06:18:20.101+0000] {processor.py:925} INFO - DAG(s) 'socar_seismic_etl_v2' retrieved from /opt/airflow/dags/socar_seismic_etl_v2.py
[2025-12-14T06:18:20.122+0000] {logging_mixin.py:190} INFO - [2025-12-14T06:18:20.122+0000] {dag.py:3239} INFO - Sync 1 DAGs
[2025-12-14T06:18:20.134+0000] {logging_mixin.py:190} INFO - [2025-12-14T06:18:20.134+0000] {dag.py:4180} INFO - Setting next_dagrun for socar_seismic_etl_v2 to None, run_after=None
[2025-12-14T06:18:20.147+0000] {processor.py:208} INFO - Processing /opt/airflow/dags/socar_seismic_etl_v2.py took 0.245 seconds
[2025-12-14T06:18:50.283+0000] {processor.py:186} INFO - Started process (PID=8453) to work on /opt/airflow/dags/socar_seismic_etl_v2.py
[2025-12-14T06:18:50.284+0000] {processor.py:914} INFO - Processing file /opt/airflow/dags/socar_seismic_etl_v2.py for tasks to queue
[2025-12-14T06:18:50.285+0000] {logging_mixin.py:190} INFO - [2025-12-14T06:18:50.285+0000] {dagbag.py:588} INFO - Filling up the DagBag from /opt/airflow/dags/socar_seismic_etl_v2.py
[2025-12-14T06:18:50.476+0000] {processor.py:925} INFO - DAG(s) 'socar_seismic_etl_v2' retrieved from /opt/airflow/dags/socar_seismic_etl_v2.py
[2025-12-14T06:18:50.498+0000] {logging_mixin.py:190} INFO - [2025-12-14T06:18:50.497+0000] {dag.py:3239} INFO - Sync 1 DAGs
[2025-12-14T06:18:50.509+0000] {logging_mixin.py:190} INFO - [2025-12-14T06:18:50.509+0000] {dag.py:4180} INFO - Setting next_dagrun for socar_seismic_etl_v2 to None, run_after=None
[2025-12-14T06:18:50.522+0000] {processor.py:208} INFO - Processing /opt/airflow/dags/socar_seismic_etl_v2.py took 0.243 seconds
[2025-12-14T06:19:20.658+0000] {processor.py:186} INFO - Started process (PID=8471) to work on /opt/airflow/dags/socar_seismic_etl_v2.py
[2025-12-14T06:19:20.659+0000] {processor.py:914} INFO - Processing file /opt/airflow/dags/socar_seismic_etl_v2.py for tasks to queue
[2025-12-14T06:19:20.661+0000] {logging_mixin.py:190} INFO - [2025-12-14T06:19:20.661+0000] {dagbag.py:588} INFO - Filling up the DagBag from /opt/airflow/dags/socar_seismic_etl_v2.py
[2025-12-14T06:19:20.853+0000] {processor.py:925} INFO - DAG(s) 'socar_seismic_etl_v2' retrieved from /opt/airflow/dags/socar_seismic_etl_v2.py
[2025-12-14T06:19:20.874+0000] {logging_mixin.py:190} INFO - [2025-12-14T06:19:20.874+0000] {dag.py:3239} INFO - Sync 1 DAGs
[2025-12-14T06:19:20.886+0000] {logging_mixin.py:190} INFO - [2025-12-14T06:19:20.886+0000] {dag.py:4180} INFO - Setting next_dagrun for socar_seismic_etl_v2 to None, run_after=None
[2025-12-14T06:19:20.899+0000] {processor.py:208} INFO - Processing /opt/airflow/dags/socar_seismic_etl_v2.py took 0.245 seconds
[2025-12-14T06:19:51.035+0000] {processor.py:186} INFO - Started process (PID=8489) to work on /opt/airflow/dags/socar_seismic_etl_v2.py
[2025-12-14T06:19:51.036+0000] {processor.py:914} INFO - Processing file /opt/airflow/dags/socar_seismic_etl_v2.py for tasks to queue
[2025-12-14T06:19:51.037+0000] {logging_mixin.py:190} INFO - [2025-12-14T06:19:51.037+0000] {dagbag.py:588} INFO - Filling up the DagBag from /opt/airflow/dags/socar_seismic_etl_v2.py
[2025-12-14T06:19:51.230+0000] {processor.py:925} INFO - DAG(s) 'socar_seismic_etl_v2' retrieved from /opt/airflow/dags/socar_seismic_etl_v2.py
[2025-12-14T06:19:51.251+0000] {logging_mixin.py:190} INFO - [2025-12-14T06:19:51.251+0000] {dag.py:3239} INFO - Sync 1 DAGs
[2025-12-14T06:19:51.262+0000] {logging_mixin.py:190} INFO - [2025-12-14T06:19:51.262+0000] {dag.py:4180} INFO - Setting next_dagrun for socar_seismic_etl_v2 to None, run_after=None
[2025-12-14T06:19:51.275+0000] {processor.py:208} INFO - Processing /opt/airflow/dags/socar_seismic_etl_v2.py took 0.245 seconds
[2025-12-14T06:20:21.413+0000] {processor.py:186} INFO - Started process (PID=8507) to work on /opt/airflow/dags/socar_seismic_etl_v2.py
[2025-12-14T06:20:21.414+0000] {processor.py:914} INFO - Processing file /opt/airflow/dags/socar_seismic_etl_v2.py for tasks to queue
[2025-12-14T06:20:21.416+0000] {logging_mixin.py:190} INFO - [2025-12-14T06:20:21.416+0000] {dagbag.py:588} INFO - Filling up the DagBag from /opt/airflow/dags/socar_seismic_etl_v2.py
[2025-12-14T06:20:21.608+0000] {processor.py:925} INFO - DAG(s) 'socar_seismic_etl_v2' retrieved from /opt/airflow/dags/socar_seismic_etl_v2.py
[2025-12-14T06:20:21.630+0000] {logging_mixin.py:190} INFO - [2025-12-14T06:20:21.629+0000] {dag.py:3239} INFO - Sync 1 DAGs
[2025-12-14T06:20:21.642+0000] {logging_mixin.py:190} INFO - [2025-12-14T06:20:21.642+0000] {dag.py:4180} INFO - Setting next_dagrun for socar_seismic_etl_v2 to None, run_after=None
[2025-12-14T06:20:21.654+0000] {processor.py:208} INFO - Processing /opt/airflow/dags/socar_seismic_etl_v2.py took 0.245 seconds
[2025-12-14T06:20:51.791+0000] {processor.py:186} INFO - Started process (PID=8525) to work on /opt/airflow/dags/socar_seismic_etl_v2.py
[2025-12-14T06:20:51.791+0000] {processor.py:914} INFO - Processing file /opt/airflow/dags/socar_seismic_etl_v2.py for tasks to queue
[2025-12-14T06:20:51.793+0000] {logging_mixin.py:190} INFO - [2025-12-14T06:20:51.792+0000] {dagbag.py:588} INFO - Filling up the DagBag from /opt/airflow/dags/socar_seismic_etl_v2.py
[2025-12-14T06:20:51.990+0000] {processor.py:925} INFO - DAG(s) 'socar_seismic_etl_v2' retrieved from /opt/airflow/dags/socar_seismic_etl_v2.py
[2025-12-14T06:20:52.013+0000] {logging_mixin.py:190} INFO - [2025-12-14T06:20:52.013+0000] {dag.py:3239} INFO - Sync 1 DAGs
[2025-12-14T06:20:52.025+0000] {logging_mixin.py:190} INFO - [2025-12-14T06:20:52.025+0000] {dag.py:4180} INFO - Setting next_dagrun for socar_seismic_etl_v2 to None, run_after=None
[2025-12-14T06:20:52.038+0000] {processor.py:208} INFO - Processing /opt/airflow/dags/socar_seismic_etl_v2.py took 0.252 seconds
[2025-12-14T06:21:22.180+0000] {processor.py:186} INFO - Started process (PID=8543) to work on /opt/airflow/dags/socar_seismic_etl_v2.py
[2025-12-14T06:21:22.181+0000] {processor.py:914} INFO - Processing file /opt/airflow/dags/socar_seismic_etl_v2.py for tasks to queue
[2025-12-14T06:21:22.182+0000] {logging_mixin.py:190} INFO - [2025-12-14T06:21:22.182+0000] {dagbag.py:588} INFO - Filling up the DagBag from /opt/airflow/dags/socar_seismic_etl_v2.py
[2025-12-14T06:21:22.374+0000] {processor.py:925} INFO - DAG(s) 'socar_seismic_etl_v2' retrieved from /opt/airflow/dags/socar_seismic_etl_v2.py
[2025-12-14T06:21:22.396+0000] {logging_mixin.py:190} INFO - [2025-12-14T06:21:22.396+0000] {dag.py:3239} INFO - Sync 1 DAGs
[2025-12-14T06:21:22.407+0000] {logging_mixin.py:190} INFO - [2025-12-14T06:21:22.407+0000] {dag.py:4180} INFO - Setting next_dagrun for socar_seismic_etl_v2 to None, run_after=None
[2025-12-14T06:21:22.420+0000] {processor.py:208} INFO - Processing /opt/airflow/dags/socar_seismic_etl_v2.py took 0.244 seconds
[2025-12-14T06:21:52.556+0000] {processor.py:186} INFO - Started process (PID=8561) to work on /opt/airflow/dags/socar_seismic_etl_v2.py
[2025-12-14T06:21:52.556+0000] {processor.py:914} INFO - Processing file /opt/airflow/dags/socar_seismic_etl_v2.py for tasks to queue
[2025-12-14T06:21:52.558+0000] {logging_mixin.py:190} INFO - [2025-12-14T06:21:52.558+0000] {dagbag.py:588} INFO - Filling up the DagBag from /opt/airflow/dags/socar_seismic_etl_v2.py
[2025-12-14T06:21:52.753+0000] {processor.py:925} INFO - DAG(s) 'socar_seismic_etl_v2' retrieved from /opt/airflow/dags/socar_seismic_etl_v2.py
[2025-12-14T06:21:52.775+0000] {logging_mixin.py:190} INFO - [2025-12-14T06:21:52.774+0000] {dag.py:3239} INFO - Sync 1 DAGs
[2025-12-14T06:21:52.787+0000] {logging_mixin.py:190} INFO - [2025-12-14T06:21:52.787+0000] {dag.py:4180} INFO - Setting next_dagrun for socar_seismic_etl_v2 to None, run_after=None
[2025-12-14T06:21:52.800+0000] {processor.py:208} INFO - Processing /opt/airflow/dags/socar_seismic_etl_v2.py took 0.249 seconds
[2025-12-14T06:22:22.934+0000] {processor.py:186} INFO - Started process (PID=8579) to work on /opt/airflow/dags/socar_seismic_etl_v2.py
[2025-12-14T06:22:22.935+0000] {processor.py:914} INFO - Processing file /opt/airflow/dags/socar_seismic_etl_v2.py for tasks to queue
[2025-12-14T06:22:22.936+0000] {logging_mixin.py:190} INFO - [2025-12-14T06:22:22.936+0000] {dagbag.py:588} INFO - Filling up the DagBag from /opt/airflow/dags/socar_seismic_etl_v2.py
[2025-12-14T06:22:23.128+0000] {processor.py:925} INFO - DAG(s) 'socar_seismic_etl_v2' retrieved from /opt/airflow/dags/socar_seismic_etl_v2.py
[2025-12-14T06:22:23.150+0000] {logging_mixin.py:190} INFO - [2025-12-14T06:22:23.149+0000] {dag.py:3239} INFO - Sync 1 DAGs
[2025-12-14T06:22:23.161+0000] {logging_mixin.py:190} INFO - [2025-12-14T06:22:23.161+0000] {dag.py:4180} INFO - Setting next_dagrun for socar_seismic_etl_v2 to None, run_after=None
[2025-12-14T06:22:23.174+0000] {processor.py:208} INFO - Processing /opt/airflow/dags/socar_seismic_etl_v2.py took 0.245 seconds
[2025-12-14T06:22:53.312+0000] {processor.py:186} INFO - Started process (PID=8597) to work on /opt/airflow/dags/socar_seismic_etl_v2.py
[2025-12-14T06:22:53.313+0000] {processor.py:914} INFO - Processing file /opt/airflow/dags/socar_seismic_etl_v2.py for tasks to queue
[2025-12-14T06:22:53.314+0000] {logging_mixin.py:190} INFO - [2025-12-14T06:22:53.314+0000] {dagbag.py:588} INFO - Filling up the DagBag from /opt/airflow/dags/socar_seismic_etl_v2.py
[2025-12-14T06:22:53.506+0000] {processor.py:925} INFO - DAG(s) 'socar_seismic_etl_v2' retrieved from /opt/airflow/dags/socar_seismic_etl_v2.py
[2025-12-14T06:22:53.528+0000] {logging_mixin.py:190} INFO - [2025-12-14T06:22:53.527+0000] {dag.py:3239} INFO - Sync 1 DAGs
[2025-12-14T06:22:53.540+0000] {logging_mixin.py:190} INFO - [2025-12-14T06:22:53.540+0000] {dag.py:4180} INFO - Setting next_dagrun for socar_seismic_etl_v2 to None, run_after=None
[2025-12-14T06:22:53.563+0000] {processor.py:208} INFO - Processing /opt/airflow/dags/socar_seismic_etl_v2.py took 0.255 seconds
[2025-12-14T06:23:23.698+0000] {processor.py:186} INFO - Started process (PID=8615) to work on /opt/airflow/dags/socar_seismic_etl_v2.py
[2025-12-14T06:23:23.698+0000] {processor.py:914} INFO - Processing file /opt/airflow/dags/socar_seismic_etl_v2.py for tasks to queue
[2025-12-14T06:23:23.700+0000] {logging_mixin.py:190} INFO - [2025-12-14T06:23:23.699+0000] {dagbag.py:588} INFO - Filling up the DagBag from /opt/airflow/dags/socar_seismic_etl_v2.py
[2025-12-14T06:23:23.891+0000] {processor.py:925} INFO - DAG(s) 'socar_seismic_etl_v2' retrieved from /opt/airflow/dags/socar_seismic_etl_v2.py
[2025-12-14T06:23:23.912+0000] {logging_mixin.py:190} INFO - [2025-12-14T06:23:23.912+0000] {dag.py:3239} INFO - Sync 1 DAGs
[2025-12-14T06:23:23.924+0000] {logging_mixin.py:190} INFO - [2025-12-14T06:23:23.924+0000] {dag.py:4180} INFO - Setting next_dagrun for socar_seismic_etl_v2 to None, run_after=None
[2025-12-14T06:23:23.937+0000] {processor.py:208} INFO - Processing /opt/airflow/dags/socar_seismic_etl_v2.py took 0.244 seconds
[2025-12-14T06:23:54.072+0000] {processor.py:186} INFO - Started process (PID=8633) to work on /opt/airflow/dags/socar_seismic_etl_v2.py
[2025-12-14T06:23:54.073+0000] {processor.py:914} INFO - Processing file /opt/airflow/dags/socar_seismic_etl_v2.py for tasks to queue
[2025-12-14T06:23:54.074+0000] {logging_mixin.py:190} INFO - [2025-12-14T06:23:54.074+0000] {dagbag.py:588} INFO - Filling up the DagBag from /opt/airflow/dags/socar_seismic_etl_v2.py
[2025-12-14T06:23:54.266+0000] {processor.py:925} INFO - DAG(s) 'socar_seismic_etl_v2' retrieved from /opt/airflow/dags/socar_seismic_etl_v2.py
[2025-12-14T06:23:54.287+0000] {logging_mixin.py:190} INFO - [2025-12-14T06:23:54.287+0000] {dag.py:3239} INFO - Sync 1 DAGs
[2025-12-14T06:23:54.299+0000] {logging_mixin.py:190} INFO - [2025-12-14T06:23:54.299+0000] {dag.py:4180} INFO - Setting next_dagrun for socar_seismic_etl_v2 to None, run_after=None
[2025-12-14T06:23:54.311+0000] {processor.py:208} INFO - Processing /opt/airflow/dags/socar_seismic_etl_v2.py took 0.244 seconds
[2025-12-14T06:24:24.444+0000] {processor.py:186} INFO - Started process (PID=8651) to work on /opt/airflow/dags/socar_seismic_etl_v2.py
[2025-12-14T06:24:24.445+0000] {processor.py:914} INFO - Processing file /opt/airflow/dags/socar_seismic_etl_v2.py for tasks to queue
[2025-12-14T06:24:24.446+0000] {logging_mixin.py:190} INFO - [2025-12-14T06:24:24.446+0000] {dagbag.py:588} INFO - Filling up the DagBag from /opt/airflow/dags/socar_seismic_etl_v2.py
[2025-12-14T06:24:24.638+0000] {processor.py:925} INFO - DAG(s) 'socar_seismic_etl_v2' retrieved from /opt/airflow/dags/socar_seismic_etl_v2.py
[2025-12-14T06:24:24.659+0000] {logging_mixin.py:190} INFO - [2025-12-14T06:24:24.659+0000] {dag.py:3239} INFO - Sync 1 DAGs
[2025-12-14T06:24:24.670+0000] {logging_mixin.py:190} INFO - [2025-12-14T06:24:24.670+0000] {dag.py:4180} INFO - Setting next_dagrun for socar_seismic_etl_v2 to None, run_after=None
[2025-12-14T06:24:24.684+0000] {processor.py:208} INFO - Processing /opt/airflow/dags/socar_seismic_etl_v2.py took 0.244 seconds
[2025-12-14T06:24:54.821+0000] {processor.py:186} INFO - Started process (PID=8669) to work on /opt/airflow/dags/socar_seismic_etl_v2.py
[2025-12-14T06:24:54.822+0000] {processor.py:914} INFO - Processing file /opt/airflow/dags/socar_seismic_etl_v2.py for tasks to queue
[2025-12-14T06:24:54.824+0000] {logging_mixin.py:190} INFO - [2025-12-14T06:24:54.824+0000] {dagbag.py:588} INFO - Filling up the DagBag from /opt/airflow/dags/socar_seismic_etl_v2.py
[2025-12-14T06:24:55.016+0000] {processor.py:925} INFO - DAG(s) 'socar_seismic_etl_v2' retrieved from /opt/airflow/dags/socar_seismic_etl_v2.py
[2025-12-14T06:24:55.038+0000] {logging_mixin.py:190} INFO - [2025-12-14T06:24:55.037+0000] {dag.py:3239} INFO - Sync 1 DAGs
[2025-12-14T06:24:55.049+0000] {logging_mixin.py:190} INFO - [2025-12-14T06:24:55.049+0000] {dag.py:4180} INFO - Setting next_dagrun for socar_seismic_etl_v2 to None, run_after=None
[2025-12-14T06:24:55.061+0000] {processor.py:208} INFO - Processing /opt/airflow/dags/socar_seismic_etl_v2.py took 0.245 seconds
[2025-12-14T06:25:25.198+0000] {processor.py:186} INFO - Started process (PID=8687) to work on /opt/airflow/dags/socar_seismic_etl_v2.py
[2025-12-14T06:25:25.198+0000] {processor.py:914} INFO - Processing file /opt/airflow/dags/socar_seismic_etl_v2.py for tasks to queue
[2025-12-14T06:25:25.200+0000] {logging_mixin.py:190} INFO - [2025-12-14T06:25:25.199+0000] {dagbag.py:588} INFO - Filling up the DagBag from /opt/airflow/dags/socar_seismic_etl_v2.py
[2025-12-14T06:25:25.392+0000] {processor.py:925} INFO - DAG(s) 'socar_seismic_etl_v2' retrieved from /opt/airflow/dags/socar_seismic_etl_v2.py
[2025-12-14T06:25:25.413+0000] {logging_mixin.py:190} INFO - [2025-12-14T06:25:25.413+0000] {dag.py:3239} INFO - Sync 1 DAGs
[2025-12-14T06:25:25.426+0000] {logging_mixin.py:190} INFO - [2025-12-14T06:25:25.425+0000] {dag.py:4180} INFO - Setting next_dagrun for socar_seismic_etl_v2 to None, run_after=None
[2025-12-14T06:25:25.439+0000] {processor.py:208} INFO - Processing /opt/airflow/dags/socar_seismic_etl_v2.py took 0.246 seconds
[2025-12-14T06:25:55.575+0000] {processor.py:186} INFO - Started process (PID=8705) to work on /opt/airflow/dags/socar_seismic_etl_v2.py
[2025-12-14T06:25:55.576+0000] {processor.py:914} INFO - Processing file /opt/airflow/dags/socar_seismic_etl_v2.py for tasks to queue
[2025-12-14T06:25:55.577+0000] {logging_mixin.py:190} INFO - [2025-12-14T06:25:55.577+0000] {dagbag.py:588} INFO - Filling up the DagBag from /opt/airflow/dags/socar_seismic_etl_v2.py
[2025-12-14T06:25:55.769+0000] {processor.py:925} INFO - DAG(s) 'socar_seismic_etl_v2' retrieved from /opt/airflow/dags/socar_seismic_etl_v2.py
[2025-12-14T06:25:55.790+0000] {logging_mixin.py:190} INFO - [2025-12-14T06:25:55.790+0000] {dag.py:3239} INFO - Sync 1 DAGs
[2025-12-14T06:25:55.802+0000] {logging_mixin.py:190} INFO - [2025-12-14T06:25:55.802+0000] {dag.py:4180} INFO - Setting next_dagrun for socar_seismic_etl_v2 to None, run_after=None
[2025-12-14T06:25:55.814+0000] {processor.py:208} INFO - Processing /opt/airflow/dags/socar_seismic_etl_v2.py took 0.244 seconds
[2025-12-14T06:26:25.956+0000] {processor.py:186} INFO - Started process (PID=8723) to work on /opt/airflow/dags/socar_seismic_etl_v2.py
[2025-12-14T06:26:25.956+0000] {processor.py:914} INFO - Processing file /opt/airflow/dags/socar_seismic_etl_v2.py for tasks to queue
[2025-12-14T06:26:25.958+0000] {logging_mixin.py:190} INFO - [2025-12-14T06:26:25.958+0000] {dagbag.py:588} INFO - Filling up the DagBag from /opt/airflow/dags/socar_seismic_etl_v2.py
[2025-12-14T06:26:26.149+0000] {processor.py:925} INFO - DAG(s) 'socar_seismic_etl_v2' retrieved from /opt/airflow/dags/socar_seismic_etl_v2.py
[2025-12-14T06:26:26.171+0000] {logging_mixin.py:190} INFO - [2025-12-14T06:26:26.170+0000] {dag.py:3239} INFO - Sync 1 DAGs
[2025-12-14T06:26:26.183+0000] {logging_mixin.py:190} INFO - [2025-12-14T06:26:26.182+0000] {dag.py:4180} INFO - Setting next_dagrun for socar_seismic_etl_v2 to None, run_after=None
[2025-12-14T06:26:26.195+0000] {processor.py:208} INFO - Processing /opt/airflow/dags/socar_seismic_etl_v2.py took 0.244 seconds
[2025-12-14T06:26:56.330+0000] {processor.py:186} INFO - Started process (PID=8741) to work on /opt/airflow/dags/socar_seismic_etl_v2.py
[2025-12-14T06:26:56.331+0000] {processor.py:914} INFO - Processing file /opt/airflow/dags/socar_seismic_etl_v2.py for tasks to queue
[2025-12-14T06:26:56.333+0000] {logging_mixin.py:190} INFO - [2025-12-14T06:26:56.332+0000] {dagbag.py:588} INFO - Filling up the DagBag from /opt/airflow/dags/socar_seismic_etl_v2.py
[2025-12-14T06:26:56.524+0000] {processor.py:925} INFO - DAG(s) 'socar_seismic_etl_v2' retrieved from /opt/airflow/dags/socar_seismic_etl_v2.py
[2025-12-14T06:26:56.545+0000] {logging_mixin.py:190} INFO - [2025-12-14T06:26:56.545+0000] {dag.py:3239} INFO - Sync 1 DAGs
[2025-12-14T06:26:56.556+0000] {logging_mixin.py:190} INFO - [2025-12-14T06:26:56.556+0000] {dag.py:4180} INFO - Setting next_dagrun for socar_seismic_etl_v2 to None, run_after=None
[2025-12-14T06:26:56.569+0000] {processor.py:208} INFO - Processing /opt/airflow/dags/socar_seismic_etl_v2.py took 0.243 seconds
[2025-12-14T06:27:26.705+0000] {processor.py:186} INFO - Started process (PID=8759) to work on /opt/airflow/dags/socar_seismic_etl_v2.py
[2025-12-14T06:27:26.706+0000] {processor.py:914} INFO - Processing file /opt/airflow/dags/socar_seismic_etl_v2.py for tasks to queue
[2025-12-14T06:27:26.707+0000] {logging_mixin.py:190} INFO - [2025-12-14T06:27:26.707+0000] {dagbag.py:588} INFO - Filling up the DagBag from /opt/airflow/dags/socar_seismic_etl_v2.py
[2025-12-14T06:27:26.898+0000] {processor.py:925} INFO - DAG(s) 'socar_seismic_etl_v2' retrieved from /opt/airflow/dags/socar_seismic_etl_v2.py
[2025-12-14T06:27:26.920+0000] {logging_mixin.py:190} INFO - [2025-12-14T06:27:26.920+0000] {dag.py:3239} INFO - Sync 1 DAGs
[2025-12-14T06:27:26.932+0000] {logging_mixin.py:190} INFO - [2025-12-14T06:27:26.931+0000] {dag.py:4180} INFO - Setting next_dagrun for socar_seismic_etl_v2 to None, run_after=None
[2025-12-14T06:27:26.944+0000] {processor.py:208} INFO - Processing /opt/airflow/dags/socar_seismic_etl_v2.py took 0.244 seconds
[2025-12-14T06:27:57.079+0000] {processor.py:186} INFO - Started process (PID=8777) to work on /opt/airflow/dags/socar_seismic_etl_v2.py
[2025-12-14T06:27:57.080+0000] {processor.py:914} INFO - Processing file /opt/airflow/dags/socar_seismic_etl_v2.py for tasks to queue
[2025-12-14T06:27:57.081+0000] {logging_mixin.py:190} INFO - [2025-12-14T06:27:57.081+0000] {dagbag.py:588} INFO - Filling up the DagBag from /opt/airflow/dags/socar_seismic_etl_v2.py
[2025-12-14T06:27:57.273+0000] {processor.py:925} INFO - DAG(s) 'socar_seismic_etl_v2' retrieved from /opt/airflow/dags/socar_seismic_etl_v2.py
[2025-12-14T06:27:57.295+0000] {logging_mixin.py:190} INFO - [2025-12-14T06:27:57.294+0000] {dag.py:3239} INFO - Sync 1 DAGs
[2025-12-14T06:27:57.307+0000] {logging_mixin.py:190} INFO - [2025-12-14T06:27:57.306+0000] {dag.py:4180} INFO - Setting next_dagrun for socar_seismic_etl_v2 to None, run_after=None
[2025-12-14T06:27:57.319+0000] {processor.py:208} INFO - Processing /opt/airflow/dags/socar_seismic_etl_v2.py took 0.245 seconds
[2025-12-14T06:28:27.456+0000] {processor.py:186} INFO - Started process (PID=8795) to work on /opt/airflow/dags/socar_seismic_etl_v2.py
[2025-12-14T06:28:27.456+0000] {processor.py:914} INFO - Processing file /opt/airflow/dags/socar_seismic_etl_v2.py for tasks to queue
[2025-12-14T06:28:27.458+0000] {logging_mixin.py:190} INFO - [2025-12-14T06:28:27.458+0000] {dagbag.py:588} INFO - Filling up the DagBag from /opt/airflow/dags/socar_seismic_etl_v2.py
[2025-12-14T06:28:27.652+0000] {processor.py:925} INFO - DAG(s) 'socar_seismic_etl_v2' retrieved from /opt/airflow/dags/socar_seismic_etl_v2.py
[2025-12-14T06:28:27.674+0000] {logging_mixin.py:190} INFO - [2025-12-14T06:28:27.673+0000] {dag.py:3239} INFO - Sync 1 DAGs
[2025-12-14T06:28:27.685+0000] {logging_mixin.py:190} INFO - [2025-12-14T06:28:27.685+0000] {dag.py:4180} INFO - Setting next_dagrun for socar_seismic_etl_v2 to None, run_after=None
[2025-12-14T06:28:27.698+0000] {processor.py:208} INFO - Processing /opt/airflow/dags/socar_seismic_etl_v2.py took 0.247 seconds
[2025-12-14T06:28:57.835+0000] {processor.py:186} INFO - Started process (PID=8813) to work on /opt/airflow/dags/socar_seismic_etl_v2.py
[2025-12-14T06:28:57.836+0000] {processor.py:914} INFO - Processing file /opt/airflow/dags/socar_seismic_etl_v2.py for tasks to queue
[2025-12-14T06:28:57.837+0000] {logging_mixin.py:190} INFO - [2025-12-14T06:28:57.837+0000] {dagbag.py:588} INFO - Filling up the DagBag from /opt/airflow/dags/socar_seismic_etl_v2.py
[2025-12-14T06:28:58.029+0000] {processor.py:925} INFO - DAG(s) 'socar_seismic_etl_v2' retrieved from /opt/airflow/dags/socar_seismic_etl_v2.py
[2025-12-14T06:28:58.050+0000] {logging_mixin.py:190} INFO - [2025-12-14T06:28:58.050+0000] {dag.py:3239} INFO - Sync 1 DAGs
[2025-12-14T06:28:58.062+0000] {logging_mixin.py:190} INFO - [2025-12-14T06:28:58.062+0000] {dag.py:4180} INFO - Setting next_dagrun for socar_seismic_etl_v2 to None, run_after=None
[2025-12-14T06:28:58.076+0000] {processor.py:208} INFO - Processing /opt/airflow/dags/socar_seismic_etl_v2.py took 0.245 seconds
[2025-12-14T06:29:28.210+0000] {processor.py:186} INFO - Started process (PID=8831) to work on /opt/airflow/dags/socar_seismic_etl_v2.py
[2025-12-14T06:29:28.211+0000] {processor.py:914} INFO - Processing file /opt/airflow/dags/socar_seismic_etl_v2.py for tasks to queue
[2025-12-14T06:29:28.212+0000] {logging_mixin.py:190} INFO - [2025-12-14T06:29:28.212+0000] {dagbag.py:588} INFO - Filling up the DagBag from /opt/airflow/dags/socar_seismic_etl_v2.py
[2025-12-14T06:29:28.404+0000] {processor.py:925} INFO - DAG(s) 'socar_seismic_etl_v2' retrieved from /opt/airflow/dags/socar_seismic_etl_v2.py
[2025-12-14T06:29:28.425+0000] {logging_mixin.py:190} INFO - [2025-12-14T06:29:28.425+0000] {dag.py:3239} INFO - Sync 1 DAGs
[2025-12-14T06:29:28.436+0000] {logging_mixin.py:190} INFO - [2025-12-14T06:29:28.436+0000] {dag.py:4180} INFO - Setting next_dagrun for socar_seismic_etl_v2 to None, run_after=None
[2025-12-14T06:29:28.449+0000] {processor.py:208} INFO - Processing /opt/airflow/dags/socar_seismic_etl_v2.py took 0.243 seconds
[2025-12-14T06:29:58.586+0000] {processor.py:186} INFO - Started process (PID=8849) to work on /opt/airflow/dags/socar_seismic_etl_v2.py
[2025-12-14T06:29:58.587+0000] {processor.py:914} INFO - Processing file /opt/airflow/dags/socar_seismic_etl_v2.py for tasks to queue
[2025-12-14T06:29:58.588+0000] {logging_mixin.py:190} INFO - [2025-12-14T06:29:58.588+0000] {dagbag.py:588} INFO - Filling up the DagBag from /opt/airflow/dags/socar_seismic_etl_v2.py
[2025-12-14T06:29:58.781+0000] {processor.py:925} INFO - DAG(s) 'socar_seismic_etl_v2' retrieved from /opt/airflow/dags/socar_seismic_etl_v2.py
[2025-12-14T06:29:58.803+0000] {logging_mixin.py:190} INFO - [2025-12-14T06:29:58.803+0000] {dag.py:3239} INFO - Sync 1 DAGs
[2025-12-14T06:29:58.814+0000] {logging_mixin.py:190} INFO - [2025-12-14T06:29:58.814+0000] {dag.py:4180} INFO - Setting next_dagrun for socar_seismic_etl_v2 to None, run_after=None
[2025-12-14T06:29:58.827+0000] {processor.py:208} INFO - Processing /opt/airflow/dags/socar_seismic_etl_v2.py took 0.245 seconds
[2025-12-14T06:30:28.962+0000] {processor.py:186} INFO - Started process (PID=8867) to work on /opt/airflow/dags/socar_seismic_etl_v2.py
[2025-12-14T06:30:28.963+0000] {processor.py:914} INFO - Processing file /opt/airflow/dags/socar_seismic_etl_v2.py for tasks to queue
[2025-12-14T06:30:28.964+0000] {logging_mixin.py:190} INFO - [2025-12-14T06:30:28.964+0000] {dagbag.py:588} INFO - Filling up the DagBag from /opt/airflow/dags/socar_seismic_etl_v2.py
[2025-12-14T06:30:29.157+0000] {processor.py:925} INFO - DAG(s) 'socar_seismic_etl_v2' retrieved from /opt/airflow/dags/socar_seismic_etl_v2.py
[2025-12-14T06:30:29.178+0000] {logging_mixin.py:190} INFO - [2025-12-14T06:30:29.178+0000] {dag.py:3239} INFO - Sync 1 DAGs
[2025-12-14T06:30:29.190+0000] {logging_mixin.py:190} INFO - [2025-12-14T06:30:29.189+0000] {dag.py:4180} INFO - Setting next_dagrun for socar_seismic_etl_v2 to None, run_after=None
[2025-12-14T06:30:29.203+0000] {processor.py:208} INFO - Processing /opt/airflow/dags/socar_seismic_etl_v2.py took 0.245 seconds
[2025-12-14T06:30:59.345+0000] {processor.py:186} INFO - Started process (PID=8885) to work on /opt/airflow/dags/socar_seismic_etl_v2.py
[2025-12-14T06:30:59.345+0000] {processor.py:914} INFO - Processing file /opt/airflow/dags/socar_seismic_etl_v2.py for tasks to queue
[2025-12-14T06:30:59.347+0000] {logging_mixin.py:190} INFO - [2025-12-14T06:30:59.346+0000] {dagbag.py:588} INFO - Filling up the DagBag from /opt/airflow/dags/socar_seismic_etl_v2.py
[2025-12-14T06:30:59.539+0000] {processor.py:925} INFO - DAG(s) 'socar_seismic_etl_v2' retrieved from /opt/airflow/dags/socar_seismic_etl_v2.py
[2025-12-14T06:30:59.560+0000] {logging_mixin.py:190} INFO - [2025-12-14T06:30:59.560+0000] {dag.py:3239} INFO - Sync 1 DAGs
[2025-12-14T06:30:59.571+0000] {logging_mixin.py:190} INFO - [2025-12-14T06:30:59.571+0000] {dag.py:4180} INFO - Setting next_dagrun for socar_seismic_etl_v2 to None, run_after=None
[2025-12-14T06:30:59.584+0000] {processor.py:208} INFO - Processing /opt/airflow/dags/socar_seismic_etl_v2.py took 0.244 seconds
[2025-12-14T06:31:29.725+0000] {processor.py:186} INFO - Started process (PID=8903) to work on /opt/airflow/dags/socar_seismic_etl_v2.py
[2025-12-14T06:31:29.726+0000] {processor.py:914} INFO - Processing file /opt/airflow/dags/socar_seismic_etl_v2.py for tasks to queue
[2025-12-14T06:31:29.727+0000] {logging_mixin.py:190} INFO - [2025-12-14T06:31:29.727+0000] {dagbag.py:588} INFO - Filling up the DagBag from /opt/airflow/dags/socar_seismic_etl_v2.py
[2025-12-14T06:31:29.919+0000] {processor.py:925} INFO - DAG(s) 'socar_seismic_etl_v2' retrieved from /opt/airflow/dags/socar_seismic_etl_v2.py
[2025-12-14T06:31:29.941+0000] {logging_mixin.py:190} INFO - [2025-12-14T06:31:29.940+0000] {dag.py:3239} INFO - Sync 1 DAGs
[2025-12-14T06:31:30.088+0000] {logging_mixin.py:190} INFO - [2025-12-14T06:31:30.087+0000] {dag.py:4180} INFO - Setting next_dagrun for socar_seismic_etl_v2 to None, run_after=None
[2025-12-14T06:31:30.100+0000] {processor.py:208} INFO - Processing /opt/airflow/dags/socar_seismic_etl_v2.py took 0.379 seconds
[2025-12-14T06:32:00.223+0000] {processor.py:186} INFO - Started process (PID=8921) to work on /opt/airflow/dags/socar_seismic_etl_v2.py
[2025-12-14T06:32:00.224+0000] {processor.py:914} INFO - Processing file /opt/airflow/dags/socar_seismic_etl_v2.py for tasks to queue
[2025-12-14T06:32:00.225+0000] {logging_mixin.py:190} INFO - [2025-12-14T06:32:00.225+0000] {dagbag.py:588} INFO - Filling up the DagBag from /opt/airflow/dags/socar_seismic_etl_v2.py
[2025-12-14T06:32:00.417+0000] {processor.py:925} INFO - DAG(s) 'socar_seismic_etl_v2' retrieved from /opt/airflow/dags/socar_seismic_etl_v2.py
[2025-12-14T06:32:00.439+0000] {logging_mixin.py:190} INFO - [2025-12-14T06:32:00.439+0000] {dag.py:3239} INFO - Sync 1 DAGs
[2025-12-14T06:32:00.451+0000] {logging_mixin.py:190} INFO - [2025-12-14T06:32:00.450+0000] {dag.py:4180} INFO - Setting next_dagrun for socar_seismic_etl_v2 to None, run_after=None
[2025-12-14T06:32:00.464+0000] {processor.py:208} INFO - Processing /opt/airflow/dags/socar_seismic_etl_v2.py took 0.245 seconds
[2025-12-14T06:32:30.597+0000] {processor.py:186} INFO - Started process (PID=8939) to work on /opt/airflow/dags/socar_seismic_etl_v2.py
[2025-12-14T06:32:30.598+0000] {processor.py:914} INFO - Processing file /opt/airflow/dags/socar_seismic_etl_v2.py for tasks to queue
[2025-12-14T06:32:30.599+0000] {logging_mixin.py:190} INFO - [2025-12-14T06:32:30.599+0000] {dagbag.py:588} INFO - Filling up the DagBag from /opt/airflow/dags/socar_seismic_etl_v2.py
[2025-12-14T06:32:30.791+0000] {processor.py:925} INFO - DAG(s) 'socar_seismic_etl_v2' retrieved from /opt/airflow/dags/socar_seismic_etl_v2.py
[2025-12-14T06:32:30.813+0000] {logging_mixin.py:190} INFO - [2025-12-14T06:32:30.812+0000] {dag.py:3239} INFO - Sync 1 DAGs
[2025-12-14T06:32:30.958+0000] {logging_mixin.py:190} INFO - [2025-12-14T06:32:30.958+0000] {dag.py:4180} INFO - Setting next_dagrun for socar_seismic_etl_v2 to None, run_after=None
[2025-12-14T06:32:30.970+0000] {processor.py:208} INFO - Processing /opt/airflow/dags/socar_seismic_etl_v2.py took 0.378 seconds
[2025-12-14T06:33:01.107+0000] {processor.py:186} INFO - Started process (PID=8957) to work on /opt/airflow/dags/socar_seismic_etl_v2.py
[2025-12-14T06:33:01.107+0000] {processor.py:914} INFO - Processing file /opt/airflow/dags/socar_seismic_etl_v2.py for tasks to queue
[2025-12-14T06:33:01.109+0000] {logging_mixin.py:190} INFO - [2025-12-14T06:33:01.108+0000] {dagbag.py:588} INFO - Filling up the DagBag from /opt/airflow/dags/socar_seismic_etl_v2.py
[2025-12-14T06:33:01.300+0000] {processor.py:925} INFO - DAG(s) 'socar_seismic_etl_v2' retrieved from /opt/airflow/dags/socar_seismic_etl_v2.py
[2025-12-14T06:33:01.321+0000] {logging_mixin.py:190} INFO - [2025-12-14T06:33:01.321+0000] {dag.py:3239} INFO - Sync 1 DAGs
[2025-12-14T06:33:01.333+0000] {logging_mixin.py:190} INFO - [2025-12-14T06:33:01.333+0000] {dag.py:4180} INFO - Setting next_dagrun for socar_seismic_etl_v2 to None, run_after=None
[2025-12-14T06:33:01.345+0000] {processor.py:208} INFO - Processing /opt/airflow/dags/socar_seismic_etl_v2.py took 0.243 seconds
