[2025-12-14T00:00:22.452+0000] {processor.py:186} INFO - Started process (PID=293) to work on /opt/airflow/dags/socar_seismic_etl.py
[2025-12-14T00:00:22.452+0000] {processor.py:914} INFO - Processing file /opt/airflow/dags/socar_seismic_etl.py for tasks to queue
[2025-12-14T00:00:22.454+0000] {logging_mixin.py:190} INFO - [2025-12-14T00:00:22.454+0000] {dagbag.py:588} INFO - Filling up the DagBag from /opt/airflow/dags/socar_seismic_etl.py
[2025-12-14T00:00:22.648+0000] {processor.py:925} INFO - DAG(s) 'socar_seismic_etl' retrieved from /opt/airflow/dags/socar_seismic_etl.py
[2025-12-14T00:00:22.670+0000] {logging_mixin.py:190} INFO - [2025-12-14T00:00:22.670+0000] {dag.py:3239} INFO - Sync 1 DAGs
[2025-12-14T00:00:22.700+0000] {processor.py:208} INFO - Processing /opt/airflow/dags/socar_seismic_etl.py took 0.252 seconds
[2025-12-14T00:00:52.815+0000] {processor.py:186} INFO - Started process (PID=305) to work on /opt/airflow/dags/socar_seismic_etl.py
[2025-12-14T00:00:52.815+0000] {processor.py:914} INFO - Processing file /opt/airflow/dags/socar_seismic_etl.py for tasks to queue
[2025-12-14T00:00:52.817+0000] {logging_mixin.py:190} INFO - [2025-12-14T00:00:52.816+0000] {dagbag.py:588} INFO - Filling up the DagBag from /opt/airflow/dags/socar_seismic_etl.py
[2025-12-14T00:00:53.010+0000] {processor.py:925} INFO - DAG(s) 'socar_seismic_etl' retrieved from /opt/airflow/dags/socar_seismic_etl.py
[2025-12-14T00:00:53.033+0000] {logging_mixin.py:190} INFO - [2025-12-14T00:00:53.033+0000] {dag.py:3239} INFO - Sync 1 DAGs
[2025-12-14T00:00:53.063+0000] {processor.py:208} INFO - Processing /opt/airflow/dags/socar_seismic_etl.py took 0.252 seconds
[2025-12-14T00:01:23.183+0000] {processor.py:186} INFO - Started process (PID=366) to work on /opt/airflow/dags/socar_seismic_etl.py
[2025-12-14T00:01:23.187+0000] {processor.py:914} INFO - Processing file /opt/airflow/dags/socar_seismic_etl.py for tasks to queue
[2025-12-14T00:01:23.188+0000] {logging_mixin.py:190} INFO - [2025-12-14T00:01:23.188+0000] {dagbag.py:588} INFO - Filling up the DagBag from /opt/airflow/dags/socar_seismic_etl.py
[2025-12-14T00:01:23.374+0000] {processor.py:925} INFO - DAG(s) 'socar_seismic_etl' retrieved from /opt/airflow/dags/socar_seismic_etl.py
[2025-12-14T00:01:23.395+0000] {logging_mixin.py:190} INFO - [2025-12-14T00:01:23.395+0000] {dag.py:3239} INFO - Sync 1 DAGs
[2025-12-14T00:01:23.423+0000] {processor.py:208} INFO - Processing /opt/airflow/dags/socar_seismic_etl.py took 0.244 seconds
[2025-12-14T00:01:53.547+0000] {processor.py:186} INFO - Started process (PID=400) to work on /opt/airflow/dags/socar_seismic_etl.py
[2025-12-14T00:01:53.547+0000] {processor.py:914} INFO - Processing file /opt/airflow/dags/socar_seismic_etl.py for tasks to queue
[2025-12-14T00:01:53.549+0000] {logging_mixin.py:190} INFO - [2025-12-14T00:01:53.549+0000] {dagbag.py:588} INFO - Filling up the DagBag from /opt/airflow/dags/socar_seismic_etl.py
[2025-12-14T00:01:53.743+0000] {processor.py:925} INFO - DAG(s) 'socar_seismic_etl' retrieved from /opt/airflow/dags/socar_seismic_etl.py
[2025-12-14T00:01:53.765+0000] {logging_mixin.py:190} INFO - [2025-12-14T00:01:53.765+0000] {dag.py:3239} INFO - Sync 1 DAGs
[2025-12-14T00:01:53.795+0000] {processor.py:208} INFO - Processing /opt/airflow/dags/socar_seismic_etl.py took 0.253 seconds
[2025-12-14T00:02:23.911+0000] {processor.py:186} INFO - Started process (PID=412) to work on /opt/airflow/dags/socar_seismic_etl.py
[2025-12-14T00:02:23.911+0000] {processor.py:914} INFO - Processing file /opt/airflow/dags/socar_seismic_etl.py for tasks to queue
[2025-12-14T00:02:23.913+0000] {logging_mixin.py:190} INFO - [2025-12-14T00:02:23.913+0000] {dagbag.py:588} INFO - Filling up the DagBag from /opt/airflow/dags/socar_seismic_etl.py
[2025-12-14T00:02:24.106+0000] {processor.py:925} INFO - DAG(s) 'socar_seismic_etl' retrieved from /opt/airflow/dags/socar_seismic_etl.py
[2025-12-14T00:02:24.128+0000] {logging_mixin.py:190} INFO - [2025-12-14T00:02:24.128+0000] {dag.py:3239} INFO - Sync 1 DAGs
[2025-12-14T00:02:24.162+0000] {processor.py:208} INFO - Processing /opt/airflow/dags/socar_seismic_etl.py took 0.256 seconds
[2025-12-14T00:02:54.280+0000] {processor.py:186} INFO - Started process (PID=424) to work on /opt/airflow/dags/socar_seismic_etl.py
[2025-12-14T00:02:54.280+0000] {processor.py:914} INFO - Processing file /opt/airflow/dags/socar_seismic_etl.py for tasks to queue
[2025-12-14T00:02:54.282+0000] {logging_mixin.py:190} INFO - [2025-12-14T00:02:54.282+0000] {dagbag.py:588} INFO - Filling up the DagBag from /opt/airflow/dags/socar_seismic_etl.py
[2025-12-14T00:02:54.474+0000] {processor.py:925} INFO - DAG(s) 'socar_seismic_etl' retrieved from /opt/airflow/dags/socar_seismic_etl.py
[2025-12-14T00:02:54.496+0000] {logging_mixin.py:190} INFO - [2025-12-14T00:02:54.496+0000] {dag.py:3239} INFO - Sync 1 DAGs
[2025-12-14T00:02:54.525+0000] {processor.py:208} INFO - Processing /opt/airflow/dags/socar_seismic_etl.py took 0.249 seconds
[2025-12-14T00:03:24.638+0000] {processor.py:186} INFO - Started process (PID=449) to work on /opt/airflow/dags/socar_seismic_etl.py
[2025-12-14T00:03:24.639+0000] {processor.py:914} INFO - Processing file /opt/airflow/dags/socar_seismic_etl.py for tasks to queue
[2025-12-14T00:03:24.640+0000] {logging_mixin.py:190} INFO - [2025-12-14T00:03:24.640+0000] {dagbag.py:588} INFO - Filling up the DagBag from /opt/airflow/dags/socar_seismic_etl.py
[2025-12-14T00:03:24.833+0000] {processor.py:925} INFO - DAG(s) 'socar_seismic_etl' retrieved from /opt/airflow/dags/socar_seismic_etl.py
[2025-12-14T00:03:24.856+0000] {logging_mixin.py:190} INFO - [2025-12-14T00:03:24.855+0000] {dag.py:3239} INFO - Sync 1 DAGs
[2025-12-14T00:03:24.886+0000] {processor.py:208} INFO - Processing /opt/airflow/dags/socar_seismic_etl.py took 0.252 seconds
[2025-12-14T00:03:55.001+0000] {processor.py:186} INFO - Started process (PID=474) to work on /opt/airflow/dags/socar_seismic_etl.py
[2025-12-14T00:03:55.002+0000] {processor.py:914} INFO - Processing file /opt/airflow/dags/socar_seismic_etl.py for tasks to queue
[2025-12-14T00:03:55.003+0000] {logging_mixin.py:190} INFO - [2025-12-14T00:03:55.003+0000] {dagbag.py:588} INFO - Filling up the DagBag from /opt/airflow/dags/socar_seismic_etl.py
[2025-12-14T00:03:55.197+0000] {processor.py:925} INFO - DAG(s) 'socar_seismic_etl' retrieved from /opt/airflow/dags/socar_seismic_etl.py
[2025-12-14T00:03:55.219+0000] {logging_mixin.py:190} INFO - [2025-12-14T00:03:55.219+0000] {dag.py:3239} INFO - Sync 1 DAGs
[2025-12-14T00:03:55.248+0000] {processor.py:208} INFO - Processing /opt/airflow/dags/socar_seismic_etl.py took 0.251 seconds
[2025-12-14T00:04:25.360+0000] {processor.py:186} INFO - Started process (PID=486) to work on /opt/airflow/dags/socar_seismic_etl.py
[2025-12-14T00:04:25.360+0000] {processor.py:914} INFO - Processing file /opt/airflow/dags/socar_seismic_etl.py for tasks to queue
[2025-12-14T00:04:25.362+0000] {logging_mixin.py:190} INFO - [2025-12-14T00:04:25.362+0000] {dagbag.py:588} INFO - Filling up the DagBag from /opt/airflow/dags/socar_seismic_etl.py
[2025-12-14T00:04:25.555+0000] {processor.py:925} INFO - DAG(s) 'socar_seismic_etl' retrieved from /opt/airflow/dags/socar_seismic_etl.py
[2025-12-14T00:04:25.578+0000] {logging_mixin.py:190} INFO - [2025-12-14T00:04:25.578+0000] {dag.py:3239} INFO - Sync 1 DAGs
[2025-12-14T00:04:25.607+0000] {processor.py:208} INFO - Processing /opt/airflow/dags/socar_seismic_etl.py took 0.252 seconds
[2025-12-14T00:04:55.727+0000] {processor.py:186} INFO - Started process (PID=498) to work on /opt/airflow/dags/socar_seismic_etl.py
[2025-12-14T00:04:55.728+0000] {processor.py:914} INFO - Processing file /opt/airflow/dags/socar_seismic_etl.py for tasks to queue
[2025-12-14T00:04:55.729+0000] {logging_mixin.py:190} INFO - [2025-12-14T00:04:55.729+0000] {dagbag.py:588} INFO - Filling up the DagBag from /opt/airflow/dags/socar_seismic_etl.py
[2025-12-14T00:04:55.923+0000] {processor.py:925} INFO - DAG(s) 'socar_seismic_etl' retrieved from /opt/airflow/dags/socar_seismic_etl.py
[2025-12-14T00:04:55.945+0000] {logging_mixin.py:190} INFO - [2025-12-14T00:04:55.945+0000] {dag.py:3239} INFO - Sync 1 DAGs
[2025-12-14T00:04:55.975+0000] {processor.py:208} INFO - Processing /opt/airflow/dags/socar_seismic_etl.py took 0.252 seconds
[2025-12-14T00:05:26.090+0000] {processor.py:186} INFO - Started process (PID=510) to work on /opt/airflow/dags/socar_seismic_etl.py
[2025-12-14T00:05:26.093+0000] {processor.py:914} INFO - Processing file /opt/airflow/dags/socar_seismic_etl.py for tasks to queue
[2025-12-14T00:05:26.095+0000] {logging_mixin.py:190} INFO - [2025-12-14T00:05:26.095+0000] {dagbag.py:588} INFO - Filling up the DagBag from /opt/airflow/dags/socar_seismic_etl.py
[2025-12-14T00:05:26.287+0000] {processor.py:925} INFO - DAG(s) 'socar_seismic_etl' retrieved from /opt/airflow/dags/socar_seismic_etl.py
[2025-12-14T00:05:26.309+0000] {logging_mixin.py:190} INFO - [2025-12-14T00:05:26.309+0000] {dag.py:3239} INFO - Sync 1 DAGs
[2025-12-14T00:05:26.339+0000] {processor.py:208} INFO - Processing /opt/airflow/dags/socar_seismic_etl.py took 0.253 seconds
[2025-12-14T00:05:56.452+0000] {processor.py:186} INFO - Started process (PID=522) to work on /opt/airflow/dags/socar_seismic_etl.py
[2025-12-14T00:05:56.453+0000] {processor.py:914} INFO - Processing file /opt/airflow/dags/socar_seismic_etl.py for tasks to queue
[2025-12-14T00:05:56.454+0000] {logging_mixin.py:190} INFO - [2025-12-14T00:05:56.454+0000] {dagbag.py:588} INFO - Filling up the DagBag from /opt/airflow/dags/socar_seismic_etl.py
[2025-12-14T00:05:56.647+0000] {processor.py:925} INFO - DAG(s) 'socar_seismic_etl' retrieved from /opt/airflow/dags/socar_seismic_etl.py
[2025-12-14T00:05:56.669+0000] {logging_mixin.py:190} INFO - [2025-12-14T00:05:56.669+0000] {dag.py:3239} INFO - Sync 1 DAGs
[2025-12-14T00:05:56.698+0000] {processor.py:208} INFO - Processing /opt/airflow/dags/socar_seismic_etl.py took 0.250 seconds
[2025-12-14T00:06:26.816+0000] {processor.py:186} INFO - Started process (PID=540) to work on /opt/airflow/dags/socar_seismic_etl.py
[2025-12-14T00:06:26.817+0000] {processor.py:914} INFO - Processing file /opt/airflow/dags/socar_seismic_etl.py for tasks to queue
[2025-12-14T00:06:26.819+0000] {logging_mixin.py:190} INFO - [2025-12-14T00:06:26.819+0000] {dagbag.py:588} INFO - Filling up the DagBag from /opt/airflow/dags/socar_seismic_etl.py
[2025-12-14T00:06:27.012+0000] {processor.py:925} INFO - DAG(s) 'socar_seismic_etl' retrieved from /opt/airflow/dags/socar_seismic_etl.py
[2025-12-14T00:06:27.034+0000] {logging_mixin.py:190} INFO - [2025-12-14T00:06:27.034+0000] {dag.py:3239} INFO - Sync 1 DAGs
[2025-12-14T00:06:27.065+0000] {processor.py:208} INFO - Processing /opt/airflow/dags/socar_seismic_etl.py took 0.253 seconds
[2025-12-14T00:06:57.179+0000] {processor.py:186} INFO - Started process (PID=617) to work on /opt/airflow/dags/socar_seismic_etl.py
[2025-12-14T00:06:57.179+0000] {processor.py:914} INFO - Processing file /opt/airflow/dags/socar_seismic_etl.py for tasks to queue
[2025-12-14T00:06:57.181+0000] {logging_mixin.py:190} INFO - [2025-12-14T00:06:57.180+0000] {dagbag.py:588} INFO - Filling up the DagBag from /opt/airflow/dags/socar_seismic_etl.py
[2025-12-14T00:06:57.372+0000] {processor.py:925} INFO - DAG(s) 'socar_seismic_etl' retrieved from /opt/airflow/dags/socar_seismic_etl.py
[2025-12-14T00:06:57.395+0000] {logging_mixin.py:190} INFO - [2025-12-14T00:06:57.394+0000] {dag.py:3239} INFO - Sync 1 DAGs
[2025-12-14T00:06:57.425+0000] {processor.py:208} INFO - Processing /opt/airflow/dags/socar_seismic_etl.py took 0.250 seconds
[2025-12-14T00:07:27.534+0000] {processor.py:186} INFO - Started process (PID=629) to work on /opt/airflow/dags/socar_seismic_etl.py
[2025-12-14T00:07:27.535+0000] {processor.py:914} INFO - Processing file /opt/airflow/dags/socar_seismic_etl.py for tasks to queue
[2025-12-14T00:07:27.536+0000] {logging_mixin.py:190} INFO - [2025-12-14T00:07:27.536+0000] {dagbag.py:588} INFO - Filling up the DagBag from /opt/airflow/dags/socar_seismic_etl.py
[2025-12-14T00:07:27.728+0000] {processor.py:925} INFO - DAG(s) 'socar_seismic_etl' retrieved from /opt/airflow/dags/socar_seismic_etl.py
[2025-12-14T00:07:27.750+0000] {logging_mixin.py:190} INFO - [2025-12-14T00:07:27.750+0000] {dag.py:3239} INFO - Sync 1 DAGs
[2025-12-14T00:07:27.779+0000] {processor.py:208} INFO - Processing /opt/airflow/dags/socar_seismic_etl.py took 0.249 seconds
[2025-12-14T00:07:39.584+0000] {processor.py:186} INFO - Started process (PID=641) to work on /opt/airflow/dags/socar_seismic_etl.py
[2025-12-14T00:07:39.585+0000] {processor.py:914} INFO - Processing file /opt/airflow/dags/socar_seismic_etl.py for tasks to queue
[2025-12-14T00:07:39.586+0000] {logging_mixin.py:190} INFO - [2025-12-14T00:07:39.586+0000] {dagbag.py:588} INFO - Filling up the DagBag from /opt/airflow/dags/socar_seismic_etl.py
[2025-12-14T00:07:39.785+0000] {processor.py:925} INFO - DAG(s) 'socar_seismic_etl' retrieved from /opt/airflow/dags/socar_seismic_etl.py
[2025-12-14T00:07:39.810+0000] {logging_mixin.py:190} INFO - [2025-12-14T00:07:39.809+0000] {dag.py:3239} INFO - Sync 1 DAGs
[2025-12-14T00:07:39.841+0000] {processor.py:208} INFO - Processing /opt/airflow/dags/socar_seismic_etl.py took 0.260 seconds
[2025-12-14T00:07:48.516+0000] {processor.py:186} INFO - Started process (PID=190) to work on /opt/airflow/dags/socar_seismic_etl.py
[2025-12-14T00:07:48.516+0000] {processor.py:914} INFO - Processing file /opt/airflow/dags/socar_seismic_etl.py for tasks to queue
[2025-12-14T00:07:48.518+0000] {logging_mixin.py:190} INFO - [2025-12-14T00:07:48.518+0000] {dagbag.py:588} INFO - Filling up the DagBag from /opt/airflow/dags/socar_seismic_etl.py
[2025-12-14T00:07:48.712+0000] {processor.py:925} INFO - DAG(s) 'socar_seismic_etl' retrieved from /opt/airflow/dags/socar_seismic_etl.py
[2025-12-14T00:07:48.733+0000] {logging_mixin.py:190} INFO - [2025-12-14T00:07:48.733+0000] {dag.py:3239} INFO - Sync 1 DAGs
[2025-12-14T00:07:48.761+0000] {processor.py:208} INFO - Processing /opt/airflow/dags/socar_seismic_etl.py took 0.249 seconds
[2025-12-14T00:08:18.873+0000] {processor.py:186} INFO - Started process (PID=217) to work on /opt/airflow/dags/socar_seismic_etl.py
[2025-12-14T00:08:18.874+0000] {processor.py:914} INFO - Processing file /opt/airflow/dags/socar_seismic_etl.py for tasks to queue
[2025-12-14T00:08:18.876+0000] {logging_mixin.py:190} INFO - [2025-12-14T00:08:18.875+0000] {dagbag.py:588} INFO - Filling up the DagBag from /opt/airflow/dags/socar_seismic_etl.py
[2025-12-14T00:08:19.068+0000] {processor.py:925} INFO - DAG(s) 'socar_seismic_etl' retrieved from /opt/airflow/dags/socar_seismic_etl.py
[2025-12-14T00:08:19.091+0000] {logging_mixin.py:190} INFO - [2025-12-14T00:08:19.090+0000] {dag.py:3239} INFO - Sync 1 DAGs
[2025-12-14T00:08:19.120+0000] {processor.py:208} INFO - Processing /opt/airflow/dags/socar_seismic_etl.py took 0.250 seconds
[2025-12-14T00:08:49.240+0000] {processor.py:186} INFO - Started process (PID=288) to work on /opt/airflow/dags/socar_seismic_etl.py
[2025-12-14T00:08:49.241+0000] {processor.py:914} INFO - Processing file /opt/airflow/dags/socar_seismic_etl.py for tasks to queue
[2025-12-14T00:08:49.242+0000] {logging_mixin.py:190} INFO - [2025-12-14T00:08:49.242+0000] {dagbag.py:588} INFO - Filling up the DagBag from /opt/airflow/dags/socar_seismic_etl.py
[2025-12-14T00:08:49.436+0000] {processor.py:925} INFO - DAG(s) 'socar_seismic_etl' retrieved from /opt/airflow/dags/socar_seismic_etl.py
[2025-12-14T00:08:49.459+0000] {logging_mixin.py:190} INFO - [2025-12-14T00:08:49.459+0000] {dag.py:3239} INFO - Sync 1 DAGs
[2025-12-14T00:08:49.488+0000] {processor.py:208} INFO - Processing /opt/airflow/dags/socar_seismic_etl.py took 0.252 seconds
[2025-12-14T00:09:19.603+0000] {processor.py:186} INFO - Started process (PID=300) to work on /opt/airflow/dags/socar_seismic_etl.py
[2025-12-14T00:09:19.604+0000] {processor.py:914} INFO - Processing file /opt/airflow/dags/socar_seismic_etl.py for tasks to queue
[2025-12-14T00:09:19.605+0000] {logging_mixin.py:190} INFO - [2025-12-14T00:09:19.605+0000] {dagbag.py:588} INFO - Filling up the DagBag from /opt/airflow/dags/socar_seismic_etl.py
[2025-12-14T00:09:19.799+0000] {processor.py:925} INFO - DAG(s) 'socar_seismic_etl' retrieved from /opt/airflow/dags/socar_seismic_etl.py
[2025-12-14T00:09:19.822+0000] {logging_mixin.py:190} INFO - [2025-12-14T00:09:19.822+0000] {dag.py:3239} INFO - Sync 1 DAGs
[2025-12-14T00:09:19.852+0000] {processor.py:208} INFO - Processing /opt/airflow/dags/socar_seismic_etl.py took 0.253 seconds
[2025-12-14T00:09:49.974+0000] {processor.py:186} INFO - Started process (PID=377) to work on /opt/airflow/dags/socar_seismic_etl.py
[2025-12-14T00:09:49.978+0000] {processor.py:914} INFO - Processing file /opt/airflow/dags/socar_seismic_etl.py for tasks to queue
[2025-12-14T00:09:49.979+0000] {logging_mixin.py:190} INFO - [2025-12-14T00:09:49.979+0000] {dagbag.py:588} INFO - Filling up the DagBag from /opt/airflow/dags/socar_seismic_etl.py
[2025-12-14T00:09:50.171+0000] {processor.py:925} INFO - DAG(s) 'socar_seismic_etl' retrieved from /opt/airflow/dags/socar_seismic_etl.py
[2025-12-14T00:09:50.194+0000] {logging_mixin.py:190} INFO - [2025-12-14T00:09:50.194+0000] {dag.py:3239} INFO - Sync 1 DAGs
[2025-12-14T00:09:50.223+0000] {processor.py:208} INFO - Processing /opt/airflow/dags/socar_seismic_etl.py took 0.253 seconds
[2025-12-14T00:10:20.350+0000] {processor.py:186} INFO - Started process (PID=389) to work on /opt/airflow/dags/socar_seismic_etl.py
[2025-12-14T00:10:20.351+0000] {processor.py:914} INFO - Processing file /opt/airflow/dags/socar_seismic_etl.py for tasks to queue
[2025-12-14T00:10:20.352+0000] {logging_mixin.py:190} INFO - [2025-12-14T00:10:20.352+0000] {dagbag.py:588} INFO - Filling up the DagBag from /opt/airflow/dags/socar_seismic_etl.py
[2025-12-14T00:10:20.546+0000] {processor.py:925} INFO - DAG(s) 'socar_seismic_etl' retrieved from /opt/airflow/dags/socar_seismic_etl.py
[2025-12-14T00:10:20.569+0000] {logging_mixin.py:190} INFO - [2025-12-14T00:10:20.569+0000] {dag.py:3239} INFO - Sync 1 DAGs
[2025-12-14T00:10:20.599+0000] {processor.py:208} INFO - Processing /opt/airflow/dags/socar_seismic_etl.py took 0.253 seconds
[2025-12-14T00:10:50.711+0000] {processor.py:186} INFO - Started process (PID=401) to work on /opt/airflow/dags/socar_seismic_etl.py
[2025-12-14T00:10:50.711+0000] {processor.py:914} INFO - Processing file /opt/airflow/dags/socar_seismic_etl.py for tasks to queue
[2025-12-14T00:10:50.713+0000] {logging_mixin.py:190} INFO - [2025-12-14T00:10:50.713+0000] {dagbag.py:588} INFO - Filling up the DagBag from /opt/airflow/dags/socar_seismic_etl.py
[2025-12-14T00:10:50.907+0000] {processor.py:925} INFO - DAG(s) 'socar_seismic_etl' retrieved from /opt/airflow/dags/socar_seismic_etl.py
[2025-12-14T00:10:50.930+0000] {logging_mixin.py:190} INFO - [2025-12-14T00:10:50.930+0000] {dag.py:3239} INFO - Sync 1 DAGs
[2025-12-14T00:10:50.959+0000] {processor.py:208} INFO - Processing /opt/airflow/dags/socar_seismic_etl.py took 0.253 seconds
[2025-12-14T00:11:21.075+0000] {processor.py:186} INFO - Started process (PID=426) to work on /opt/airflow/dags/socar_seismic_etl.py
[2025-12-14T00:11:21.076+0000] {processor.py:914} INFO - Processing file /opt/airflow/dags/socar_seismic_etl.py for tasks to queue
[2025-12-14T00:11:21.077+0000] {logging_mixin.py:190} INFO - [2025-12-14T00:11:21.077+0000] {dagbag.py:588} INFO - Filling up the DagBag from /opt/airflow/dags/socar_seismic_etl.py
[2025-12-14T00:11:21.270+0000] {processor.py:925} INFO - DAG(s) 'socar_seismic_etl' retrieved from /opt/airflow/dags/socar_seismic_etl.py
[2025-12-14T00:11:21.293+0000] {logging_mixin.py:190} INFO - [2025-12-14T00:11:21.292+0000] {dag.py:3239} INFO - Sync 1 DAGs
[2025-12-14T00:11:21.322+0000] {processor.py:208} INFO - Processing /opt/airflow/dags/socar_seismic_etl.py took 0.250 seconds
[2025-12-14T00:11:51.452+0000] {processor.py:186} INFO - Started process (PID=438) to work on /opt/airflow/dags/socar_seismic_etl.py
[2025-12-14T00:11:51.452+0000] {processor.py:914} INFO - Processing file /opt/airflow/dags/socar_seismic_etl.py for tasks to queue
[2025-12-14T00:11:51.454+0000] {logging_mixin.py:190} INFO - [2025-12-14T00:11:51.454+0000] {dagbag.py:588} INFO - Filling up the DagBag from /opt/airflow/dags/socar_seismic_etl.py
[2025-12-14T00:11:51.647+0000] {processor.py:925} INFO - DAG(s) 'socar_seismic_etl' retrieved from /opt/airflow/dags/socar_seismic_etl.py
[2025-12-14T00:11:51.670+0000] {logging_mixin.py:190} INFO - [2025-12-14T00:11:51.670+0000] {dag.py:3239} INFO - Sync 1 DAGs
[2025-12-14T00:11:51.700+0000] {processor.py:208} INFO - Processing /opt/airflow/dags/socar_seismic_etl.py took 0.252 seconds
[2025-12-14T00:12:21.823+0000] {processor.py:186} INFO - Started process (PID=450) to work on /opt/airflow/dags/socar_seismic_etl.py
[2025-12-14T00:12:21.824+0000] {processor.py:914} INFO - Processing file /opt/airflow/dags/socar_seismic_etl.py for tasks to queue
[2025-12-14T00:12:21.826+0000] {logging_mixin.py:190} INFO - [2025-12-14T00:12:21.825+0000] {dagbag.py:588} INFO - Filling up the DagBag from /opt/airflow/dags/socar_seismic_etl.py
[2025-12-14T00:12:22.020+0000] {processor.py:925} INFO - DAG(s) 'socar_seismic_etl' retrieved from /opt/airflow/dags/socar_seismic_etl.py
[2025-12-14T00:12:22.042+0000] {logging_mixin.py:190} INFO - [2025-12-14T00:12:22.042+0000] {dag.py:3239} INFO - Sync 1 DAGs
[2025-12-14T00:12:22.073+0000] {processor.py:208} INFO - Processing /opt/airflow/dags/socar_seismic_etl.py took 0.254 seconds
[2025-12-14T00:12:52.194+0000] {processor.py:186} INFO - Started process (PID=468) to work on /opt/airflow/dags/socar_seismic_etl.py
[2025-12-14T00:12:52.194+0000] {processor.py:914} INFO - Processing file /opt/airflow/dags/socar_seismic_etl.py for tasks to queue
[2025-12-14T00:12:52.195+0000] {logging_mixin.py:190} INFO - [2025-12-14T00:12:52.195+0000] {dagbag.py:588} INFO - Filling up the DagBag from /opt/airflow/dags/socar_seismic_etl.py
[2025-12-14T00:12:52.390+0000] {processor.py:925} INFO - DAG(s) 'socar_seismic_etl' retrieved from /opt/airflow/dags/socar_seismic_etl.py
[2025-12-14T00:12:52.413+0000] {logging_mixin.py:190} INFO - [2025-12-14T00:12:52.412+0000] {dag.py:3239} INFO - Sync 1 DAGs
[2025-12-14T00:12:52.443+0000] {processor.py:208} INFO - Processing /opt/airflow/dags/socar_seismic_etl.py took 0.254 seconds
[2025-12-14T00:13:22.558+0000] {processor.py:186} INFO - Started process (PID=480) to work on /opt/airflow/dags/socar_seismic_etl.py
[2025-12-14T00:13:22.559+0000] {processor.py:914} INFO - Processing file /opt/airflow/dags/socar_seismic_etl.py for tasks to queue
[2025-12-14T00:13:22.560+0000] {logging_mixin.py:190} INFO - [2025-12-14T00:13:22.560+0000] {dagbag.py:588} INFO - Filling up the DagBag from /opt/airflow/dags/socar_seismic_etl.py
[2025-12-14T00:13:22.754+0000] {processor.py:925} INFO - DAG(s) 'socar_seismic_etl' retrieved from /opt/airflow/dags/socar_seismic_etl.py
[2025-12-14T00:13:22.777+0000] {logging_mixin.py:190} INFO - [2025-12-14T00:13:22.777+0000] {dag.py:3239} INFO - Sync 1 DAGs
[2025-12-14T00:13:22.806+0000] {processor.py:208} INFO - Processing /opt/airflow/dags/socar_seismic_etl.py took 0.252 seconds
[2025-12-14T00:13:52.924+0000] {processor.py:186} INFO - Started process (PID=515) to work on /opt/airflow/dags/socar_seismic_etl.py
[2025-12-14T00:13:52.925+0000] {processor.py:914} INFO - Processing file /opt/airflow/dags/socar_seismic_etl.py for tasks to queue
[2025-12-14T00:13:52.926+0000] {logging_mixin.py:190} INFO - [2025-12-14T00:13:52.926+0000] {dagbag.py:588} INFO - Filling up the DagBag from /opt/airflow/dags/socar_seismic_etl.py
[2025-12-14T00:13:53.130+0000] {processor.py:925} INFO - DAG(s) 'socar_seismic_etl' retrieved from /opt/airflow/dags/socar_seismic_etl.py
[2025-12-14T00:13:53.153+0000] {logging_mixin.py:190} INFO - [2025-12-14T00:13:53.153+0000] {dag.py:3239} INFO - Sync 1 DAGs
[2025-12-14T00:13:53.184+0000] {processor.py:208} INFO - Processing /opt/airflow/dags/socar_seismic_etl.py took 0.264 seconds
[2025-12-14T00:14:23.302+0000] {processor.py:186} INFO - Started process (PID=527) to work on /opt/airflow/dags/socar_seismic_etl.py
[2025-12-14T00:14:23.303+0000] {processor.py:914} INFO - Processing file /opt/airflow/dags/socar_seismic_etl.py for tasks to queue
[2025-12-14T00:14:23.305+0000] {logging_mixin.py:190} INFO - [2025-12-14T00:14:23.304+0000] {dagbag.py:588} INFO - Filling up the DagBag from /opt/airflow/dags/socar_seismic_etl.py
[2025-12-14T00:14:23.498+0000] {processor.py:925} INFO - DAG(s) 'socar_seismic_etl' retrieved from /opt/airflow/dags/socar_seismic_etl.py
[2025-12-14T00:14:23.521+0000] {logging_mixin.py:190} INFO - [2025-12-14T00:14:23.521+0000] {dag.py:3239} INFO - Sync 1 DAGs
[2025-12-14T00:14:23.551+0000] {processor.py:208} INFO - Processing /opt/airflow/dags/socar_seismic_etl.py took 0.252 seconds
[2025-12-14T00:14:53.670+0000] {processor.py:186} INFO - Started process (PID=539) to work on /opt/airflow/dags/socar_seismic_etl.py
[2025-12-14T00:14:53.671+0000] {processor.py:914} INFO - Processing file /opt/airflow/dags/socar_seismic_etl.py for tasks to queue
[2025-12-14T00:14:53.672+0000] {logging_mixin.py:190} INFO - [2025-12-14T00:14:53.672+0000] {dagbag.py:588} INFO - Filling up the DagBag from /opt/airflow/dags/socar_seismic_etl.py
[2025-12-14T00:14:53.866+0000] {processor.py:925} INFO - DAG(s) 'socar_seismic_etl' retrieved from /opt/airflow/dags/socar_seismic_etl.py
[2025-12-14T00:14:53.889+0000] {logging_mixin.py:190} INFO - [2025-12-14T00:14:53.889+0000] {dag.py:3239} INFO - Sync 1 DAGs
[2025-12-14T00:14:53.918+0000] {processor.py:208} INFO - Processing /opt/airflow/dags/socar_seismic_etl.py took 0.252 seconds
[2025-12-14T00:15:24.033+0000] {processor.py:186} INFO - Started process (PID=576) to work on /opt/airflow/dags/socar_seismic_etl.py
[2025-12-14T00:15:24.034+0000] {processor.py:914} INFO - Processing file /opt/airflow/dags/socar_seismic_etl.py for tasks to queue
[2025-12-14T00:15:24.036+0000] {logging_mixin.py:190} INFO - [2025-12-14T00:15:24.035+0000] {dagbag.py:588} INFO - Filling up the DagBag from /opt/airflow/dags/socar_seismic_etl.py
[2025-12-14T00:15:24.233+0000] {processor.py:925} INFO - DAG(s) 'socar_seismic_etl' retrieved from /opt/airflow/dags/socar_seismic_etl.py
[2025-12-14T00:15:24.255+0000] {logging_mixin.py:190} INFO - [2025-12-14T00:15:24.255+0000] {dag.py:3239} INFO - Sync 1 DAGs
[2025-12-14T00:15:24.285+0000] {processor.py:208} INFO - Processing /opt/airflow/dags/socar_seismic_etl.py took 0.258 seconds
[2025-12-14T00:15:54.409+0000] {processor.py:186} INFO - Started process (PID=602) to work on /opt/airflow/dags/socar_seismic_etl.py
[2025-12-14T00:15:54.409+0000] {processor.py:914} INFO - Processing file /opt/airflow/dags/socar_seismic_etl.py for tasks to queue
[2025-12-14T00:15:54.410+0000] {logging_mixin.py:190} INFO - [2025-12-14T00:15:54.410+0000] {dagbag.py:588} INFO - Filling up the DagBag from /opt/airflow/dags/socar_seismic_etl.py
[2025-12-14T00:15:54.602+0000] {processor.py:925} INFO - DAG(s) 'socar_seismic_etl' retrieved from /opt/airflow/dags/socar_seismic_etl.py
[2025-12-14T00:15:54.625+0000] {logging_mixin.py:190} INFO - [2025-12-14T00:15:54.625+0000] {dag.py:3239} INFO - Sync 1 DAGs
[2025-12-14T00:15:54.654+0000] {processor.py:208} INFO - Processing /opt/airflow/dags/socar_seismic_etl.py took 0.249 seconds
[2025-12-14T00:16:24.772+0000] {processor.py:186} INFO - Started process (PID=614) to work on /opt/airflow/dags/socar_seismic_etl.py
[2025-12-14T00:16:24.773+0000] {processor.py:914} INFO - Processing file /opt/airflow/dags/socar_seismic_etl.py for tasks to queue
[2025-12-14T00:16:24.774+0000] {logging_mixin.py:190} INFO - [2025-12-14T00:16:24.774+0000] {dagbag.py:588} INFO - Filling up the DagBag from /opt/airflow/dags/socar_seismic_etl.py
[2025-12-14T00:16:24.966+0000] {processor.py:925} INFO - DAG(s) 'socar_seismic_etl' retrieved from /opt/airflow/dags/socar_seismic_etl.py
[2025-12-14T00:16:24.989+0000] {logging_mixin.py:190} INFO - [2025-12-14T00:16:24.988+0000] {dag.py:3239} INFO - Sync 1 DAGs
[2025-12-14T00:16:25.019+0000] {processor.py:208} INFO - Processing /opt/airflow/dags/socar_seismic_etl.py took 0.251 seconds
[2025-12-14T00:16:55.134+0000] {processor.py:186} INFO - Started process (PID=626) to work on /opt/airflow/dags/socar_seismic_etl.py
[2025-12-14T00:16:55.135+0000] {processor.py:914} INFO - Processing file /opt/airflow/dags/socar_seismic_etl.py for tasks to queue
[2025-12-14T00:16:55.136+0000] {logging_mixin.py:190} INFO - [2025-12-14T00:16:55.136+0000] {dagbag.py:588} INFO - Filling up the DagBag from /opt/airflow/dags/socar_seismic_etl.py
[2025-12-14T00:16:55.329+0000] {processor.py:925} INFO - DAG(s) 'socar_seismic_etl' retrieved from /opt/airflow/dags/socar_seismic_etl.py
[2025-12-14T00:16:55.352+0000] {logging_mixin.py:190} INFO - [2025-12-14T00:16:55.351+0000] {dag.py:3239} INFO - Sync 1 DAGs
[2025-12-14T00:16:55.381+0000] {processor.py:208} INFO - Processing /opt/airflow/dags/socar_seismic_etl.py took 0.251 seconds
[2025-12-14T00:17:25.497+0000] {processor.py:186} INFO - Started process (PID=638) to work on /opt/airflow/dags/socar_seismic_etl.py
[2025-12-14T00:17:25.497+0000] {processor.py:914} INFO - Processing file /opt/airflow/dags/socar_seismic_etl.py for tasks to queue
[2025-12-14T00:17:25.499+0000] {logging_mixin.py:190} INFO - [2025-12-14T00:17:25.499+0000] {dagbag.py:588} INFO - Filling up the DagBag from /opt/airflow/dags/socar_seismic_etl.py
[2025-12-14T00:17:25.691+0000] {processor.py:925} INFO - DAG(s) 'socar_seismic_etl' retrieved from /opt/airflow/dags/socar_seismic_etl.py
[2025-12-14T00:17:25.714+0000] {logging_mixin.py:190} INFO - [2025-12-14T00:17:25.713+0000] {dag.py:3239} INFO - Sync 1 DAGs
[2025-12-14T00:17:25.742+0000] {processor.py:208} INFO - Processing /opt/airflow/dags/socar_seismic_etl.py took 0.250 seconds
[2025-12-14T00:17:55.865+0000] {processor.py:186} INFO - Started process (PID=650) to work on /opt/airflow/dags/socar_seismic_etl.py
[2025-12-14T00:17:55.870+0000] {processor.py:914} INFO - Processing file /opt/airflow/dags/socar_seismic_etl.py for tasks to queue
[2025-12-14T00:17:55.871+0000] {logging_mixin.py:190} INFO - [2025-12-14T00:17:55.871+0000] {dagbag.py:588} INFO - Filling up the DagBag from /opt/airflow/dags/socar_seismic_etl.py
[2025-12-14T00:17:56.063+0000] {processor.py:925} INFO - DAG(s) 'socar_seismic_etl' retrieved from /opt/airflow/dags/socar_seismic_etl.py
[2025-12-14T00:17:56.086+0000] {logging_mixin.py:190} INFO - [2025-12-14T00:17:56.086+0000] {dag.py:3239} INFO - Sync 1 DAGs
[2025-12-14T00:17:56.116+0000] {processor.py:208} INFO - Processing /opt/airflow/dags/socar_seismic_etl.py took 0.255 seconds
[2025-12-14T00:18:26.231+0000] {processor.py:186} INFO - Started process (PID=662) to work on /opt/airflow/dags/socar_seismic_etl.py
[2025-12-14T00:18:26.231+0000] {processor.py:914} INFO - Processing file /opt/airflow/dags/socar_seismic_etl.py for tasks to queue
[2025-12-14T00:18:26.233+0000] {logging_mixin.py:190} INFO - [2025-12-14T00:18:26.232+0000] {dagbag.py:588} INFO - Filling up the DagBag from /opt/airflow/dags/socar_seismic_etl.py
[2025-12-14T00:18:26.424+0000] {processor.py:925} INFO - DAG(s) 'socar_seismic_etl' retrieved from /opt/airflow/dags/socar_seismic_etl.py
[2025-12-14T00:18:26.448+0000] {logging_mixin.py:190} INFO - [2025-12-14T00:18:26.447+0000] {dag.py:3239} INFO - Sync 1 DAGs
[2025-12-14T00:18:26.476+0000] {processor.py:208} INFO - Processing /opt/airflow/dags/socar_seismic_etl.py took 0.250 seconds
[2025-12-14T00:18:56.596+0000] {processor.py:186} INFO - Started process (PID=766) to work on /opt/airflow/dags/socar_seismic_etl.py
[2025-12-14T00:18:56.597+0000] {processor.py:914} INFO - Processing file /opt/airflow/dags/socar_seismic_etl.py for tasks to queue
[2025-12-14T00:18:56.598+0000] {logging_mixin.py:190} INFO - [2025-12-14T00:18:56.598+0000] {dagbag.py:588} INFO - Filling up the DagBag from /opt/airflow/dags/socar_seismic_etl.py
[2025-12-14T00:18:56.793+0000] {processor.py:925} INFO - DAG(s) 'socar_seismic_etl' retrieved from /opt/airflow/dags/socar_seismic_etl.py
[2025-12-14T00:18:56.815+0000] {logging_mixin.py:190} INFO - [2025-12-14T00:18:56.815+0000] {dag.py:3239} INFO - Sync 1 DAGs
[2025-12-14T00:18:56.845+0000] {processor.py:208} INFO - Processing /opt/airflow/dags/socar_seismic_etl.py took 0.254 seconds
[2025-12-14T00:19:26.964+0000] {processor.py:186} INFO - Started process (PID=778) to work on /opt/airflow/dags/socar_seismic_etl.py
[2025-12-14T00:19:26.964+0000] {processor.py:914} INFO - Processing file /opt/airflow/dags/socar_seismic_etl.py for tasks to queue
[2025-12-14T00:19:26.966+0000] {logging_mixin.py:190} INFO - [2025-12-14T00:19:26.966+0000] {dagbag.py:588} INFO - Filling up the DagBag from /opt/airflow/dags/socar_seismic_etl.py
[2025-12-14T00:19:27.158+0000] {processor.py:925} INFO - DAG(s) 'socar_seismic_etl' retrieved from /opt/airflow/dags/socar_seismic_etl.py
[2025-12-14T00:19:27.180+0000] {logging_mixin.py:190} INFO - [2025-12-14T00:19:27.180+0000] {dag.py:3239} INFO - Sync 1 DAGs
[2025-12-14T00:19:27.210+0000] {processor.py:208} INFO - Processing /opt/airflow/dags/socar_seismic_etl.py took 0.250 seconds
[2025-12-14T00:19:57.327+0000] {processor.py:186} INFO - Started process (PID=790) to work on /opt/airflow/dags/socar_seismic_etl.py
[2025-12-14T00:19:57.330+0000] {processor.py:914} INFO - Processing file /opt/airflow/dags/socar_seismic_etl.py for tasks to queue
[2025-12-14T00:19:57.332+0000] {logging_mixin.py:190} INFO - [2025-12-14T00:19:57.332+0000] {dagbag.py:588} INFO - Filling up the DagBag from /opt/airflow/dags/socar_seismic_etl.py
[2025-12-14T00:19:57.525+0000] {processor.py:925} INFO - DAG(s) 'socar_seismic_etl' retrieved from /opt/airflow/dags/socar_seismic_etl.py
[2025-12-14T00:19:57.548+0000] {logging_mixin.py:190} INFO - [2025-12-14T00:19:57.547+0000] {dag.py:3239} INFO - Sync 1 DAGs
[2025-12-14T00:19:57.576+0000] {processor.py:208} INFO - Processing /opt/airflow/dags/socar_seismic_etl.py took 0.254 seconds
[2025-12-14T00:20:27.693+0000] {processor.py:186} INFO - Started process (PID=802) to work on /opt/airflow/dags/socar_seismic_etl.py
[2025-12-14T00:20:27.693+0000] {processor.py:914} INFO - Processing file /opt/airflow/dags/socar_seismic_etl.py for tasks to queue
[2025-12-14T00:20:27.694+0000] {logging_mixin.py:190} INFO - [2025-12-14T00:20:27.694+0000] {dagbag.py:588} INFO - Filling up the DagBag from /opt/airflow/dags/socar_seismic_etl.py
[2025-12-14T00:20:27.887+0000] {processor.py:925} INFO - DAG(s) 'socar_seismic_etl' retrieved from /opt/airflow/dags/socar_seismic_etl.py
[2025-12-14T00:20:27.910+0000] {logging_mixin.py:190} INFO - [2025-12-14T00:20:27.909+0000] {dag.py:3239} INFO - Sync 1 DAGs
[2025-12-14T00:20:28.092+0000] {processor.py:208} INFO - Processing /opt/airflow/dags/socar_seismic_etl.py took 0.403 seconds
[2025-12-14T00:20:58.229+0000] {processor.py:186} INFO - Started process (PID=814) to work on /opt/airflow/dags/socar_seismic_etl.py
[2025-12-14T00:20:58.229+0000] {processor.py:914} INFO - Processing file /opt/airflow/dags/socar_seismic_etl.py for tasks to queue
[2025-12-14T00:20:58.231+0000] {logging_mixin.py:190} INFO - [2025-12-14T00:20:58.231+0000] {dagbag.py:588} INFO - Filling up the DagBag from /opt/airflow/dags/socar_seismic_etl.py
[2025-12-14T00:20:58.423+0000] {processor.py:925} INFO - DAG(s) 'socar_seismic_etl' retrieved from /opt/airflow/dags/socar_seismic_etl.py
[2025-12-14T00:20:58.446+0000] {logging_mixin.py:190} INFO - [2025-12-14T00:20:58.446+0000] {dag.py:3239} INFO - Sync 1 DAGs
[2025-12-14T00:20:58.475+0000] {processor.py:208} INFO - Processing /opt/airflow/dags/socar_seismic_etl.py took 0.251 seconds
[2025-12-14T00:21:28.593+0000] {processor.py:186} INFO - Started process (PID=826) to work on /opt/airflow/dags/socar_seismic_etl.py
[2025-12-14T00:21:28.593+0000] {processor.py:914} INFO - Processing file /opt/airflow/dags/socar_seismic_etl.py for tasks to queue
[2025-12-14T00:21:28.595+0000] {logging_mixin.py:190} INFO - [2025-12-14T00:21:28.594+0000] {dagbag.py:588} INFO - Filling up the DagBag from /opt/airflow/dags/socar_seismic_etl.py
[2025-12-14T00:21:28.787+0000] {processor.py:925} INFO - DAG(s) 'socar_seismic_etl' retrieved from /opt/airflow/dags/socar_seismic_etl.py
[2025-12-14T00:21:28.810+0000] {logging_mixin.py:190} INFO - [2025-12-14T00:21:28.810+0000] {dag.py:3239} INFO - Sync 1 DAGs
[2025-12-14T00:21:28.981+0000] {processor.py:208} INFO - Processing /opt/airflow/dags/socar_seismic_etl.py took 0.392 seconds
[2025-12-14T00:21:59.117+0000] {processor.py:186} INFO - Started process (PID=838) to work on /opt/airflow/dags/socar_seismic_etl.py
[2025-12-14T00:21:59.118+0000] {processor.py:914} INFO - Processing file /opt/airflow/dags/socar_seismic_etl.py for tasks to queue
[2025-12-14T00:21:59.119+0000] {logging_mixin.py:190} INFO - [2025-12-14T00:21:59.119+0000] {dagbag.py:588} INFO - Filling up the DagBag from /opt/airflow/dags/socar_seismic_etl.py
[2025-12-14T00:21:59.313+0000] {processor.py:925} INFO - DAG(s) 'socar_seismic_etl' retrieved from /opt/airflow/dags/socar_seismic_etl.py
[2025-12-14T00:21:59.337+0000] {logging_mixin.py:190} INFO - [2025-12-14T00:21:59.336+0000] {dag.py:3239} INFO - Sync 1 DAGs
[2025-12-14T00:21:59.365+0000] {processor.py:208} INFO - Processing /opt/airflow/dags/socar_seismic_etl.py took 0.252 seconds
[2025-12-14T00:22:29.487+0000] {processor.py:186} INFO - Started process (PID=850) to work on /opt/airflow/dags/socar_seismic_etl.py
[2025-12-14T00:22:29.487+0000] {processor.py:914} INFO - Processing file /opt/airflow/dags/socar_seismic_etl.py for tasks to queue
[2025-12-14T00:22:29.489+0000] {logging_mixin.py:190} INFO - [2025-12-14T00:22:29.489+0000] {dagbag.py:588} INFO - Filling up the DagBag from /opt/airflow/dags/socar_seismic_etl.py
[2025-12-14T00:22:29.682+0000] {processor.py:925} INFO - DAG(s) 'socar_seismic_etl' retrieved from /opt/airflow/dags/socar_seismic_etl.py
[2025-12-14T00:22:29.704+0000] {logging_mixin.py:190} INFO - [2025-12-14T00:22:29.704+0000] {dag.py:3239} INFO - Sync 1 DAGs
[2025-12-14T00:22:29.733+0000] {processor.py:208} INFO - Processing /opt/airflow/dags/socar_seismic_etl.py took 0.251 seconds
[2025-12-14T00:22:59.862+0000] {processor.py:186} INFO - Started process (PID=862) to work on /opt/airflow/dags/socar_seismic_etl.py
[2025-12-14T00:22:59.866+0000] {processor.py:914} INFO - Processing file /opt/airflow/dags/socar_seismic_etl.py for tasks to queue
[2025-12-14T00:22:59.868+0000] {logging_mixin.py:190} INFO - [2025-12-14T00:22:59.867+0000] {dagbag.py:588} INFO - Filling up the DagBag from /opt/airflow/dags/socar_seismic_etl.py
[2025-12-14T00:23:00.061+0000] {processor.py:925} INFO - DAG(s) 'socar_seismic_etl' retrieved from /opt/airflow/dags/socar_seismic_etl.py
[2025-12-14T00:23:00.083+0000] {logging_mixin.py:190} INFO - [2025-12-14T00:23:00.083+0000] {dag.py:3239} INFO - Sync 1 DAGs
[2025-12-14T00:23:00.248+0000] {processor.py:208} INFO - Processing /opt/airflow/dags/socar_seismic_etl.py took 0.390 seconds
[2025-12-14T00:23:30.386+0000] {processor.py:186} INFO - Started process (PID=874) to work on /opt/airflow/dags/socar_seismic_etl.py
[2025-12-14T00:23:30.387+0000] {processor.py:914} INFO - Processing file /opt/airflow/dags/socar_seismic_etl.py for tasks to queue
[2025-12-14T00:23:30.388+0000] {logging_mixin.py:190} INFO - [2025-12-14T00:23:30.388+0000] {dagbag.py:588} INFO - Filling up the DagBag from /opt/airflow/dags/socar_seismic_etl.py
[2025-12-14T00:23:30.581+0000] {processor.py:925} INFO - DAG(s) 'socar_seismic_etl' retrieved from /opt/airflow/dags/socar_seismic_etl.py
[2025-12-14T00:23:30.604+0000] {logging_mixin.py:190} INFO - [2025-12-14T00:23:30.603+0000] {dag.py:3239} INFO - Sync 1 DAGs
[2025-12-14T00:23:30.633+0000] {processor.py:208} INFO - Processing /opt/airflow/dags/socar_seismic_etl.py took 0.251 seconds
[2025-12-14T00:24:00.751+0000] {processor.py:186} INFO - Started process (PID=902) to work on /opt/airflow/dags/socar_seismic_etl.py
[2025-12-14T00:24:00.752+0000] {processor.py:914} INFO - Processing file /opt/airflow/dags/socar_seismic_etl.py for tasks to queue
[2025-12-14T00:24:00.754+0000] {logging_mixin.py:190} INFO - [2025-12-14T00:24:00.753+0000] {dagbag.py:588} INFO - Filling up the DagBag from /opt/airflow/dags/socar_seismic_etl.py
[2025-12-14T00:24:00.945+0000] {processor.py:925} INFO - DAG(s) 'socar_seismic_etl' retrieved from /opt/airflow/dags/socar_seismic_etl.py
[2025-12-14T00:24:00.967+0000] {logging_mixin.py:190} INFO - [2025-12-14T00:24:00.967+0000] {dag.py:3239} INFO - Sync 1 DAGs
[2025-12-14T00:24:01.131+0000] {processor.py:208} INFO - Processing /opt/airflow/dags/socar_seismic_etl.py took 0.383 seconds
[2025-12-14T00:24:31.268+0000] {processor.py:186} INFO - Started process (PID=914) to work on /opt/airflow/dags/socar_seismic_etl.py
[2025-12-14T00:24:31.269+0000] {processor.py:914} INFO - Processing file /opt/airflow/dags/socar_seismic_etl.py for tasks to queue
[2025-12-14T00:24:31.270+0000] {logging_mixin.py:190} INFO - [2025-12-14T00:24:31.270+0000] {dagbag.py:588} INFO - Filling up the DagBag from /opt/airflow/dags/socar_seismic_etl.py
[2025-12-14T00:24:31.462+0000] {processor.py:925} INFO - DAG(s) 'socar_seismic_etl' retrieved from /opt/airflow/dags/socar_seismic_etl.py
[2025-12-14T00:24:31.485+0000] {logging_mixin.py:190} INFO - [2025-12-14T00:24:31.484+0000] {dag.py:3239} INFO - Sync 1 DAGs
[2025-12-14T00:24:31.514+0000] {processor.py:208} INFO - Processing /opt/airflow/dags/socar_seismic_etl.py took 0.249 seconds
[2025-12-14T00:25:01.629+0000] {processor.py:186} INFO - Started process (PID=926) to work on /opt/airflow/dags/socar_seismic_etl.py
[2025-12-14T00:25:01.629+0000] {processor.py:914} INFO - Processing file /opt/airflow/dags/socar_seismic_etl.py for tasks to queue
[2025-12-14T00:25:01.631+0000] {logging_mixin.py:190} INFO - [2025-12-14T00:25:01.630+0000] {dagbag.py:588} INFO - Filling up the DagBag from /opt/airflow/dags/socar_seismic_etl.py
[2025-12-14T00:25:01.823+0000] {processor.py:925} INFO - DAG(s) 'socar_seismic_etl' retrieved from /opt/airflow/dags/socar_seismic_etl.py
[2025-12-14T00:25:01.846+0000] {logging_mixin.py:190} INFO - [2025-12-14T00:25:01.845+0000] {dag.py:3239} INFO - Sync 1 DAGs
[2025-12-14T00:25:01.876+0000] {processor.py:208} INFO - Processing /opt/airflow/dags/socar_seismic_etl.py took 0.251 seconds
[2025-12-14T00:25:32.000+0000] {processor.py:186} INFO - Started process (PID=938) to work on /opt/airflow/dags/socar_seismic_etl.py
[2025-12-14T00:25:32.000+0000] {processor.py:914} INFO - Processing file /opt/airflow/dags/socar_seismic_etl.py for tasks to queue
[2025-12-14T00:25:32.001+0000] {logging_mixin.py:190} INFO - [2025-12-14T00:25:32.001+0000] {dagbag.py:588} INFO - Filling up the DagBag from /opt/airflow/dags/socar_seismic_etl.py
[2025-12-14T00:25:32.192+0000] {processor.py:925} INFO - DAG(s) 'socar_seismic_etl' retrieved from /opt/airflow/dags/socar_seismic_etl.py
[2025-12-14T00:25:32.215+0000] {logging_mixin.py:190} INFO - [2025-12-14T00:25:32.214+0000] {dag.py:3239} INFO - Sync 1 DAGs
[2025-12-14T00:25:32.378+0000] {processor.py:208} INFO - Processing /opt/airflow/dags/socar_seismic_etl.py took 0.383 seconds
[2025-12-14T00:26:02.113+0000] {processor.py:186} INFO - Started process (PID=956) to work on /opt/airflow/dags/socar_seismic_etl.py
[2025-12-14T00:26:02.116+0000] {processor.py:914} INFO - Processing file /opt/airflow/dags/socar_seismic_etl.py for tasks to queue
[2025-12-14T00:26:02.118+0000] {logging_mixin.py:190} INFO - [2025-12-14T00:26:02.118+0000] {dagbag.py:588} INFO - Filling up the DagBag from /opt/airflow/dags/socar_seismic_etl.py
[2025-12-14T00:26:02.460+0000] {processor.py:925} INFO - DAG(s) 'socar_seismic_etl' retrieved from /opt/airflow/dags/socar_seismic_etl.py
[2025-12-14T00:26:02.479+0000] {logging_mixin.py:190} INFO - [2025-12-14T00:26:02.479+0000] {dag.py:3239} INFO - Sync 1 DAGs
[2025-12-14T00:26:02.507+0000] {processor.py:208} INFO - Processing /opt/airflow/dags/socar_seismic_etl.py took 0.398 seconds
[2025-12-14T00:26:13.148+0000] {processor.py:186} INFO - Started process (PID=190) to work on /opt/airflow/dags/socar_seismic_etl.py
[2025-12-14T00:26:13.149+0000] {processor.py:914} INFO - Processing file /opt/airflow/dags/socar_seismic_etl.py for tasks to queue
[2025-12-14T00:26:13.150+0000] {logging_mixin.py:190} INFO - [2025-12-14T00:26:13.150+0000] {dagbag.py:588} INFO - Filling up the DagBag from /opt/airflow/dags/socar_seismic_etl.py
[2025-12-14T00:26:13.343+0000] {processor.py:925} INFO - DAG(s) 'socar_seismic_etl' retrieved from /opt/airflow/dags/socar_seismic_etl.py
[2025-12-14T00:26:13.364+0000] {logging_mixin.py:190} INFO - [2025-12-14T00:26:13.364+0000] {dag.py:3239} INFO - Sync 1 DAGs
[2025-12-14T00:26:13.394+0000] {processor.py:208} INFO - Processing /opt/airflow/dags/socar_seismic_etl.py took 0.250 seconds
[2025-12-14T00:26:43.511+0000] {processor.py:186} INFO - Started process (PID=217) to work on /opt/airflow/dags/socar_seismic_etl.py
[2025-12-14T00:26:43.512+0000] {processor.py:914} INFO - Processing file /opt/airflow/dags/socar_seismic_etl.py for tasks to queue
[2025-12-14T00:26:43.514+0000] {logging_mixin.py:190} INFO - [2025-12-14T00:26:43.513+0000] {dagbag.py:588} INFO - Filling up the DagBag from /opt/airflow/dags/socar_seismic_etl.py
[2025-12-14T00:26:43.706+0000] {processor.py:925} INFO - DAG(s) 'socar_seismic_etl' retrieved from /opt/airflow/dags/socar_seismic_etl.py
[2025-12-14T00:26:43.729+0000] {logging_mixin.py:190} INFO - [2025-12-14T00:26:43.728+0000] {dag.py:3239} INFO - Sync 1 DAGs
[2025-12-14T00:26:43.759+0000] {processor.py:208} INFO - Processing /opt/airflow/dags/socar_seismic_etl.py took 0.251 seconds
[2025-12-14T00:27:13.878+0000] {processor.py:186} INFO - Started process (PID=229) to work on /opt/airflow/dags/socar_seismic_etl.py
[2025-12-14T00:27:13.878+0000] {processor.py:914} INFO - Processing file /opt/airflow/dags/socar_seismic_etl.py for tasks to queue
[2025-12-14T00:27:13.880+0000] {logging_mixin.py:190} INFO - [2025-12-14T00:27:13.880+0000] {dagbag.py:588} INFO - Filling up the DagBag from /opt/airflow/dags/socar_seismic_etl.py
[2025-12-14T00:27:14.074+0000] {processor.py:925} INFO - DAG(s) 'socar_seismic_etl' retrieved from /opt/airflow/dags/socar_seismic_etl.py
[2025-12-14T00:27:14.097+0000] {logging_mixin.py:190} INFO - [2025-12-14T00:27:14.097+0000] {dag.py:3239} INFO - Sync 1 DAGs
[2025-12-14T00:27:14.127+0000] {processor.py:208} INFO - Processing /opt/airflow/dags/socar_seismic_etl.py took 0.253 seconds
[2025-12-14T00:27:44.247+0000] {processor.py:186} INFO - Started process (PID=241) to work on /opt/airflow/dags/socar_seismic_etl.py
[2025-12-14T00:27:44.248+0000] {processor.py:914} INFO - Processing file /opt/airflow/dags/socar_seismic_etl.py for tasks to queue
[2025-12-14T00:27:44.249+0000] {logging_mixin.py:190} INFO - [2025-12-14T00:27:44.249+0000] {dagbag.py:588} INFO - Filling up the DagBag from /opt/airflow/dags/socar_seismic_etl.py
[2025-12-14T00:27:44.442+0000] {processor.py:925} INFO - DAG(s) 'socar_seismic_etl' retrieved from /opt/airflow/dags/socar_seismic_etl.py
[2025-12-14T00:27:44.465+0000] {logging_mixin.py:190} INFO - [2025-12-14T00:27:44.464+0000] {dag.py:3239} INFO - Sync 1 DAGs
[2025-12-14T00:27:44.494+0000] {processor.py:208} INFO - Processing /opt/airflow/dags/socar_seismic_etl.py took 0.251 seconds
[2025-12-14T00:28:14.609+0000] {processor.py:186} INFO - Started process (PID=253) to work on /opt/airflow/dags/socar_seismic_etl.py
[2025-12-14T00:28:14.610+0000] {processor.py:914} INFO - Processing file /opt/airflow/dags/socar_seismic_etl.py for tasks to queue
[2025-12-14T00:28:14.611+0000] {logging_mixin.py:190} INFO - [2025-12-14T00:28:14.611+0000] {dagbag.py:588} INFO - Filling up the DagBag from /opt/airflow/dags/socar_seismic_etl.py
[2025-12-14T00:28:14.804+0000] {processor.py:925} INFO - DAG(s) 'socar_seismic_etl' retrieved from /opt/airflow/dags/socar_seismic_etl.py
[2025-12-14T00:28:14.827+0000] {logging_mixin.py:190} INFO - [2025-12-14T00:28:14.827+0000] {dag.py:3239} INFO - Sync 1 DAGs
[2025-12-14T00:28:14.857+0000] {processor.py:208} INFO - Processing /opt/airflow/dags/socar_seismic_etl.py took 0.252 seconds
[2025-12-14T00:28:44.973+0000] {processor.py:186} INFO - Started process (PID=265) to work on /opt/airflow/dags/socar_seismic_etl.py
[2025-12-14T00:28:44.974+0000] {processor.py:914} INFO - Processing file /opt/airflow/dags/socar_seismic_etl.py for tasks to queue
[2025-12-14T00:28:44.975+0000] {logging_mixin.py:190} INFO - [2025-12-14T00:28:44.975+0000] {dagbag.py:588} INFO - Filling up the DagBag from /opt/airflow/dags/socar_seismic_etl.py
[2025-12-14T00:28:45.169+0000] {processor.py:925} INFO - DAG(s) 'socar_seismic_etl' retrieved from /opt/airflow/dags/socar_seismic_etl.py
[2025-12-14T00:28:45.191+0000] {logging_mixin.py:190} INFO - [2025-12-14T00:28:45.191+0000] {dag.py:3239} INFO - Sync 1 DAGs
[2025-12-14T00:28:45.221+0000] {processor.py:208} INFO - Processing /opt/airflow/dags/socar_seismic_etl.py took 0.252 seconds
[2025-12-14T00:29:15.339+0000] {processor.py:186} INFO - Started process (PID=277) to work on /opt/airflow/dags/socar_seismic_etl.py
[2025-12-14T00:29:15.343+0000] {processor.py:914} INFO - Processing file /opt/airflow/dags/socar_seismic_etl.py for tasks to queue
[2025-12-14T00:29:15.344+0000] {logging_mixin.py:190} INFO - [2025-12-14T00:29:15.344+0000] {dagbag.py:588} INFO - Filling up the DagBag from /opt/airflow/dags/socar_seismic_etl.py
[2025-12-14T00:29:15.538+0000] {processor.py:925} INFO - DAG(s) 'socar_seismic_etl' retrieved from /opt/airflow/dags/socar_seismic_etl.py
[2025-12-14T00:29:15.561+0000] {logging_mixin.py:190} INFO - [2025-12-14T00:29:15.561+0000] {dag.py:3239} INFO - Sync 1 DAGs
[2025-12-14T00:29:15.590+0000] {processor.py:208} INFO - Processing /opt/airflow/dags/socar_seismic_etl.py took 0.255 seconds
[2025-12-14T00:29:45.708+0000] {processor.py:186} INFO - Started process (PID=308) to work on /opt/airflow/dags/socar_seismic_etl.py
[2025-12-14T00:29:45.708+0000] {processor.py:914} INFO - Processing file /opt/airflow/dags/socar_seismic_etl.py for tasks to queue
[2025-12-14T00:29:45.710+0000] {logging_mixin.py:190} INFO - [2025-12-14T00:29:45.709+0000] {dagbag.py:588} INFO - Filling up the DagBag from /opt/airflow/dags/socar_seismic_etl.py
[2025-12-14T00:29:45.903+0000] {processor.py:925} INFO - DAG(s) 'socar_seismic_etl' retrieved from /opt/airflow/dags/socar_seismic_etl.py
[2025-12-14T00:29:45.927+0000] {logging_mixin.py:190} INFO - [2025-12-14T00:29:45.927+0000] {dag.py:3239} INFO - Sync 1 DAGs
[2025-12-14T00:29:45.958+0000] {processor.py:208} INFO - Processing /opt/airflow/dags/socar_seismic_etl.py took 0.254 seconds
[2025-12-14T00:30:16.079+0000] {processor.py:186} INFO - Started process (PID=320) to work on /opt/airflow/dags/socar_seismic_etl.py
[2025-12-14T00:30:16.080+0000] {processor.py:914} INFO - Processing file /opt/airflow/dags/socar_seismic_etl.py for tasks to queue
[2025-12-14T00:30:16.082+0000] {logging_mixin.py:190} INFO - [2025-12-14T00:30:16.081+0000] {dagbag.py:588} INFO - Filling up the DagBag from /opt/airflow/dags/socar_seismic_etl.py
[2025-12-14T00:30:16.275+0000] {processor.py:925} INFO - DAG(s) 'socar_seismic_etl' retrieved from /opt/airflow/dags/socar_seismic_etl.py
[2025-12-14T00:30:16.298+0000] {logging_mixin.py:190} INFO - [2025-12-14T00:30:16.298+0000] {dag.py:3239} INFO - Sync 1 DAGs
[2025-12-14T00:30:16.328+0000] {processor.py:208} INFO - Processing /opt/airflow/dags/socar_seismic_etl.py took 0.253 seconds
[2025-12-14T00:30:46.447+0000] {processor.py:186} INFO - Started process (PID=332) to work on /opt/airflow/dags/socar_seismic_etl.py
[2025-12-14T00:30:46.447+0000] {processor.py:914} INFO - Processing file /opt/airflow/dags/socar_seismic_etl.py for tasks to queue
[2025-12-14T00:30:46.449+0000] {logging_mixin.py:190} INFO - [2025-12-14T00:30:46.448+0000] {dagbag.py:588} INFO - Filling up the DagBag from /opt/airflow/dags/socar_seismic_etl.py
[2025-12-14T00:30:46.642+0000] {processor.py:925} INFO - DAG(s) 'socar_seismic_etl' retrieved from /opt/airflow/dags/socar_seismic_etl.py
[2025-12-14T00:30:46.665+0000] {logging_mixin.py:190} INFO - [2025-12-14T00:30:46.665+0000] {dag.py:3239} INFO - Sync 1 DAGs
[2025-12-14T00:30:46.695+0000] {processor.py:208} INFO - Processing /opt/airflow/dags/socar_seismic_etl.py took 0.252 seconds
[2025-12-14T00:31:16.811+0000] {processor.py:186} INFO - Started process (PID=545) to work on /opt/airflow/dags/socar_seismic_etl.py
[2025-12-14T00:31:16.811+0000] {processor.py:914} INFO - Processing file /opt/airflow/dags/socar_seismic_etl.py for tasks to queue
[2025-12-14T00:31:16.813+0000] {logging_mixin.py:190} INFO - [2025-12-14T00:31:16.812+0000] {dagbag.py:588} INFO - Filling up the DagBag from /opt/airflow/dags/socar_seismic_etl.py
[2025-12-14T00:31:17.006+0000] {processor.py:925} INFO - DAG(s) 'socar_seismic_etl' retrieved from /opt/airflow/dags/socar_seismic_etl.py
[2025-12-14T00:31:17.028+0000] {logging_mixin.py:190} INFO - [2025-12-14T00:31:17.028+0000] {dag.py:3239} INFO - Sync 1 DAGs
[2025-12-14T00:31:17.058+0000] {processor.py:208} INFO - Processing /opt/airflow/dags/socar_seismic_etl.py took 0.252 seconds
[2025-12-14T00:31:47.173+0000] {processor.py:186} INFO - Started process (PID=843) to work on /opt/airflow/dags/socar_seismic_etl.py
[2025-12-14T00:31:47.177+0000] {processor.py:914} INFO - Processing file /opt/airflow/dags/socar_seismic_etl.py for tasks to queue
[2025-12-14T00:31:47.178+0000] {logging_mixin.py:190} INFO - [2025-12-14T00:31:47.178+0000] {dagbag.py:588} INFO - Filling up the DagBag from /opt/airflow/dags/socar_seismic_etl.py
[2025-12-14T00:31:47.372+0000] {processor.py:925} INFO - DAG(s) 'socar_seismic_etl' retrieved from /opt/airflow/dags/socar_seismic_etl.py
[2025-12-14T00:31:47.398+0000] {logging_mixin.py:190} INFO - [2025-12-14T00:31:47.397+0000] {dag.py:3239} INFO - Sync 1 DAGs
[2025-12-14T00:31:47.416+0000] {logging_mixin.py:190} INFO - [2025-12-14T00:31:47.416+0000] {dag.py:4180} INFO - Setting next_dagrun for socar_seismic_etl to 2025-12-13 00:00:00+00:00, run_after=2025-12-14 00:00:00+00:00
[2025-12-14T00:31:47.429+0000] {processor.py:208} INFO - Processing /opt/airflow/dags/socar_seismic_etl.py took 0.260 seconds
[2025-12-14T00:32:03.093+0000] {processor.py:186} INFO - Started process (PID=190) to work on /opt/airflow/dags/socar_seismic_etl.py
[2025-12-14T00:32:03.094+0000] {processor.py:914} INFO - Processing file /opt/airflow/dags/socar_seismic_etl.py for tasks to queue
[2025-12-14T00:32:03.095+0000] {logging_mixin.py:190} INFO - [2025-12-14T00:32:03.095+0000] {dagbag.py:588} INFO - Filling up the DagBag from /opt/airflow/dags/socar_seismic_etl.py
[2025-12-14T00:32:03.288+0000] {processor.py:925} INFO - DAG(s) 'socar_seismic_etl' retrieved from /opt/airflow/dags/socar_seismic_etl.py
[2025-12-14T00:32:03.365+0000] {logging_mixin.py:190} INFO - [2025-12-14T00:32:03.364+0000] {dag.py:3239} INFO - Sync 1 DAGs
[2025-12-14T00:32:03.374+0000] {logging_mixin.py:190} INFO - [2025-12-14T00:32:03.373+0000] {dag.py:3262} INFO - Creating ORM DAG for socar_seismic_etl
[2025-12-14T00:32:03.381+0000] {logging_mixin.py:190} INFO - [2025-12-14T00:32:03.381+0000] {dag.py:4180} INFO - Setting next_dagrun for socar_seismic_etl to 2025-12-13 00:00:00+00:00, run_after=2025-12-14 00:00:00+00:00
[2025-12-14T00:32:03.395+0000] {processor.py:208} INFO - Processing /opt/airflow/dags/socar_seismic_etl.py took 0.305 seconds
[2025-12-14T00:32:33.519+0000] {processor.py:186} INFO - Started process (PID=384) to work on /opt/airflow/dags/socar_seismic_etl.py
[2025-12-14T00:32:33.520+0000] {processor.py:914} INFO - Processing file /opt/airflow/dags/socar_seismic_etl.py for tasks to queue
[2025-12-14T00:32:33.521+0000] {logging_mixin.py:190} INFO - [2025-12-14T00:32:33.521+0000] {dagbag.py:588} INFO - Filling up the DagBag from /opt/airflow/dags/socar_seismic_etl.py
[2025-12-14T00:32:33.715+0000] {processor.py:925} INFO - DAG(s) 'socar_seismic_etl' retrieved from /opt/airflow/dags/socar_seismic_etl.py
[2025-12-14T00:32:33.737+0000] {logging_mixin.py:190} INFO - [2025-12-14T00:32:33.737+0000] {dag.py:3239} INFO - Sync 1 DAGs
[2025-12-14T00:32:33.756+0000] {logging_mixin.py:190} INFO - [2025-12-14T00:32:33.756+0000] {dag.py:4180} INFO - Setting next_dagrun for socar_seismic_etl to 2025-12-14 00:00:00+00:00, run_after=2025-12-15 00:00:00+00:00
[2025-12-14T00:32:33.777+0000] {processor.py:208} INFO - Processing /opt/airflow/dags/socar_seismic_etl.py took 0.262 seconds
[2025-12-14T00:33:03.894+0000] {processor.py:186} INFO - Started process (PID=409) to work on /opt/airflow/dags/socar_seismic_etl.py
[2025-12-14T00:33:03.895+0000] {processor.py:914} INFO - Processing file /opt/airflow/dags/socar_seismic_etl.py for tasks to queue
[2025-12-14T00:33:03.896+0000] {logging_mixin.py:190} INFO - [2025-12-14T00:33:03.896+0000] {dagbag.py:588} INFO - Filling up the DagBag from /opt/airflow/dags/socar_seismic_etl.py
[2025-12-14T00:33:04.089+0000] {processor.py:925} INFO - DAG(s) 'socar_seismic_etl' retrieved from /opt/airflow/dags/socar_seismic_etl.py
[2025-12-14T00:33:04.112+0000] {logging_mixin.py:190} INFO - [2025-12-14T00:33:04.112+0000] {dag.py:3239} INFO - Sync 1 DAGs
[2025-12-14T00:33:04.130+0000] {logging_mixin.py:190} INFO - [2025-12-14T00:33:04.130+0000] {dag.py:4180} INFO - Setting next_dagrun for socar_seismic_etl to 2025-12-14 00:00:00+00:00, run_after=2025-12-15 00:00:00+00:00
[2025-12-14T00:33:04.143+0000] {processor.py:208} INFO - Processing /opt/airflow/dags/socar_seismic_etl.py took 0.252 seconds
[2025-12-14T00:33:34.258+0000] {processor.py:186} INFO - Started process (PID=429) to work on /opt/airflow/dags/socar_seismic_etl.py
[2025-12-14T00:33:34.262+0000] {processor.py:914} INFO - Processing file /opt/airflow/dags/socar_seismic_etl.py for tasks to queue
[2025-12-14T00:33:34.263+0000] {logging_mixin.py:190} INFO - [2025-12-14T00:33:34.263+0000] {dagbag.py:588} INFO - Filling up the DagBag from /opt/airflow/dags/socar_seismic_etl.py
[2025-12-14T00:33:34.457+0000] {processor.py:925} INFO - DAG(s) 'socar_seismic_etl' retrieved from /opt/airflow/dags/socar_seismic_etl.py
[2025-12-14T00:33:34.479+0000] {logging_mixin.py:190} INFO - [2025-12-14T00:33:34.479+0000] {dag.py:3239} INFO - Sync 1 DAGs
[2025-12-14T00:33:34.498+0000] {logging_mixin.py:190} INFO - [2025-12-14T00:33:34.498+0000] {dag.py:4180} INFO - Setting next_dagrun for socar_seismic_etl to 2025-12-14 00:00:00+00:00, run_after=2025-12-15 00:00:00+00:00
[2025-12-14T00:33:34.510+0000] {processor.py:208} INFO - Processing /opt/airflow/dags/socar_seismic_etl.py took 0.257 seconds
[2025-12-14T00:34:00.547+0000] {processor.py:186} INFO - Started process (PID=190) to work on /opt/airflow/dags/socar_seismic_etl.py
[2025-12-14T00:34:00.547+0000] {processor.py:914} INFO - Processing file /opt/airflow/dags/socar_seismic_etl.py for tasks to queue
[2025-12-14T00:34:00.549+0000] {logging_mixin.py:190} INFO - [2025-12-14T00:34:00.548+0000] {dagbag.py:588} INFO - Filling up the DagBag from /opt/airflow/dags/socar_seismic_etl.py
[2025-12-14T00:34:00.742+0000] {processor.py:925} INFO - DAG(s) 'socar_seismic_etl' retrieved from /opt/airflow/dags/socar_seismic_etl.py
[2025-12-14T00:34:00.762+0000] {logging_mixin.py:190} INFO - [2025-12-14T00:34:00.762+0000] {dag.py:3239} INFO - Sync 1 DAGs
[2025-12-14T00:34:00.780+0000] {logging_mixin.py:190} INFO - [2025-12-14T00:34:00.780+0000] {dag.py:4180} INFO - Setting next_dagrun for socar_seismic_etl to 2025-12-14 00:00:00+00:00, run_after=2025-12-15 00:00:00+00:00
[2025-12-14T00:34:00.792+0000] {processor.py:208} INFO - Processing /opt/airflow/dags/socar_seismic_etl.py took 0.249 seconds
[2025-12-14T00:34:30.912+0000] {processor.py:186} INFO - Started process (PID=239) to work on /opt/airflow/dags/socar_seismic_etl.py
[2025-12-14T00:34:30.913+0000] {processor.py:914} INFO - Processing file /opt/airflow/dags/socar_seismic_etl.py for tasks to queue
[2025-12-14T00:34:30.914+0000] {logging_mixin.py:190} INFO - [2025-12-14T00:34:30.914+0000] {dagbag.py:588} INFO - Filling up the DagBag from /opt/airflow/dags/socar_seismic_etl.py
[2025-12-14T00:34:31.108+0000] {processor.py:925} INFO - DAG(s) 'socar_seismic_etl' retrieved from /opt/airflow/dags/socar_seismic_etl.py
[2025-12-14T00:34:31.131+0000] {logging_mixin.py:190} INFO - [2025-12-14T00:34:31.131+0000] {dag.py:3239} INFO - Sync 1 DAGs
[2025-12-14T00:34:31.149+0000] {logging_mixin.py:190} INFO - [2025-12-14T00:34:31.149+0000] {dag.py:4180} INFO - Setting next_dagrun for socar_seismic_etl to 2025-12-14 00:00:00+00:00, run_after=2025-12-15 00:00:00+00:00
[2025-12-14T00:34:31.162+0000] {processor.py:208} INFO - Processing /opt/airflow/dags/socar_seismic_etl.py took 0.254 seconds
[2025-12-14T00:35:01.280+0000] {processor.py:186} INFO - Started process (PID=251) to work on /opt/airflow/dags/socar_seismic_etl.py
[2025-12-14T00:35:01.280+0000] {processor.py:914} INFO - Processing file /opt/airflow/dags/socar_seismic_etl.py for tasks to queue
[2025-12-14T00:35:01.281+0000] {logging_mixin.py:190} INFO - [2025-12-14T00:35:01.281+0000] {dagbag.py:588} INFO - Filling up the DagBag from /opt/airflow/dags/socar_seismic_etl.py
[2025-12-14T00:35:01.476+0000] {processor.py:925} INFO - DAG(s) 'socar_seismic_etl' retrieved from /opt/airflow/dags/socar_seismic_etl.py
[2025-12-14T00:35:01.499+0000] {logging_mixin.py:190} INFO - [2025-12-14T00:35:01.499+0000] {dag.py:3239} INFO - Sync 1 DAGs
[2025-12-14T00:35:01.517+0000] {logging_mixin.py:190} INFO - [2025-12-14T00:35:01.517+0000] {dag.py:4180} INFO - Setting next_dagrun for socar_seismic_etl to 2025-12-14 00:00:00+00:00, run_after=2025-12-15 00:00:00+00:00
[2025-12-14T00:35:01.530+0000] {processor.py:208} INFO - Processing /opt/airflow/dags/socar_seismic_etl.py took 0.254 seconds
[2025-12-14T00:35:31.646+0000] {processor.py:186} INFO - Started process (PID=263) to work on /opt/airflow/dags/socar_seismic_etl.py
[2025-12-14T00:35:31.650+0000] {processor.py:914} INFO - Processing file /opt/airflow/dags/socar_seismic_etl.py for tasks to queue
[2025-12-14T00:35:31.651+0000] {logging_mixin.py:190} INFO - [2025-12-14T00:35:31.651+0000] {dagbag.py:588} INFO - Filling up the DagBag from /opt/airflow/dags/socar_seismic_etl.py
[2025-12-14T00:35:31.847+0000] {processor.py:925} INFO - DAG(s) 'socar_seismic_etl' retrieved from /opt/airflow/dags/socar_seismic_etl.py
[2025-12-14T00:35:31.870+0000] {logging_mixin.py:190} INFO - [2025-12-14T00:35:31.870+0000] {dag.py:3239} INFO - Sync 1 DAGs
[2025-12-14T00:35:31.889+0000] {logging_mixin.py:190} INFO - [2025-12-14T00:35:31.889+0000] {dag.py:4180} INFO - Setting next_dagrun for socar_seismic_etl to 2025-12-14 00:00:00+00:00, run_after=2025-12-15 00:00:00+00:00
[2025-12-14T00:35:31.903+0000] {processor.py:208} INFO - Processing /opt/airflow/dags/socar_seismic_etl.py took 0.260 seconds
[2025-12-14T00:36:02.032+0000] {processor.py:186} INFO - Started process (PID=275) to work on /opt/airflow/dags/socar_seismic_etl.py
[2025-12-14T00:36:02.032+0000] {processor.py:914} INFO - Processing file /opt/airflow/dags/socar_seismic_etl.py for tasks to queue
[2025-12-14T00:36:02.034+0000] {logging_mixin.py:190} INFO - [2025-12-14T00:36:02.034+0000] {dagbag.py:588} INFO - Filling up the DagBag from /opt/airflow/dags/socar_seismic_etl.py
[2025-12-14T00:36:02.226+0000] {processor.py:925} INFO - DAG(s) 'socar_seismic_etl' retrieved from /opt/airflow/dags/socar_seismic_etl.py
[2025-12-14T00:36:02.249+0000] {logging_mixin.py:190} INFO - [2025-12-14T00:36:02.249+0000] {dag.py:3239} INFO - Sync 1 DAGs
[2025-12-14T00:36:02.267+0000] {logging_mixin.py:190} INFO - [2025-12-14T00:36:02.267+0000] {dag.py:4180} INFO - Setting next_dagrun for socar_seismic_etl to 2025-12-14 00:00:00+00:00, run_after=2025-12-15 00:00:00+00:00
[2025-12-14T00:36:02.279+0000] {processor.py:208} INFO - Processing /opt/airflow/dags/socar_seismic_etl.py took 0.252 seconds
[2025-12-14T00:36:32.393+0000] {processor.py:186} INFO - Started process (PID=381) to work on /opt/airflow/dags/socar_seismic_etl.py
[2025-12-14T00:36:32.394+0000] {processor.py:914} INFO - Processing file /opt/airflow/dags/socar_seismic_etl.py for tasks to queue
[2025-12-14T00:36:32.395+0000] {logging_mixin.py:190} INFO - [2025-12-14T00:36:32.395+0000] {dagbag.py:588} INFO - Filling up the DagBag from /opt/airflow/dags/socar_seismic_etl.py
[2025-12-14T00:36:32.589+0000] {processor.py:925} INFO - DAG(s) 'socar_seismic_etl' retrieved from /opt/airflow/dags/socar_seismic_etl.py
[2025-12-14T00:36:32.612+0000] {logging_mixin.py:190} INFO - [2025-12-14T00:36:32.612+0000] {dag.py:3239} INFO - Sync 1 DAGs
[2025-12-14T00:36:32.631+0000] {logging_mixin.py:190} INFO - [2025-12-14T00:36:32.630+0000] {dag.py:4180} INFO - Setting next_dagrun for socar_seismic_etl to 2025-12-14 00:00:00+00:00, run_after=2025-12-15 00:00:00+00:00
[2025-12-14T00:36:32.645+0000] {processor.py:208} INFO - Processing /opt/airflow/dags/socar_seismic_etl.py took 0.255 seconds
[2025-12-14T00:37:02.768+0000] {processor.py:186} INFO - Started process (PID=393) to work on /opt/airflow/dags/socar_seismic_etl.py
[2025-12-14T00:37:02.769+0000] {processor.py:914} INFO - Processing file /opt/airflow/dags/socar_seismic_etl.py for tasks to queue
[2025-12-14T00:37:02.770+0000] {logging_mixin.py:190} INFO - [2025-12-14T00:37:02.770+0000] {dagbag.py:588} INFO - Filling up the DagBag from /opt/airflow/dags/socar_seismic_etl.py
[2025-12-14T00:37:02.962+0000] {processor.py:925} INFO - DAG(s) 'socar_seismic_etl' retrieved from /opt/airflow/dags/socar_seismic_etl.py
[2025-12-14T00:37:02.985+0000] {logging_mixin.py:190} INFO - [2025-12-14T00:37:02.985+0000] {dag.py:3239} INFO - Sync 1 DAGs
[2025-12-14T00:37:03.003+0000] {logging_mixin.py:190} INFO - [2025-12-14T00:37:03.003+0000] {dag.py:4180} INFO - Setting next_dagrun for socar_seismic_etl to 2025-12-14 00:00:00+00:00, run_after=2025-12-15 00:00:00+00:00
[2025-12-14T00:37:03.016+0000] {processor.py:208} INFO - Processing /opt/airflow/dags/socar_seismic_etl.py took 0.252 seconds
[2025-12-14T00:37:33.136+0000] {processor.py:186} INFO - Started process (PID=405) to work on /opt/airflow/dags/socar_seismic_etl.py
[2025-12-14T00:37:33.137+0000] {processor.py:914} INFO - Processing file /opt/airflow/dags/socar_seismic_etl.py for tasks to queue
[2025-12-14T00:37:33.138+0000] {logging_mixin.py:190} INFO - [2025-12-14T00:37:33.138+0000] {dagbag.py:588} INFO - Filling up the DagBag from /opt/airflow/dags/socar_seismic_etl.py
[2025-12-14T00:37:33.330+0000] {processor.py:925} INFO - DAG(s) 'socar_seismic_etl' retrieved from /opt/airflow/dags/socar_seismic_etl.py
[2025-12-14T00:37:33.353+0000] {logging_mixin.py:190} INFO - [2025-12-14T00:37:33.353+0000] {dag.py:3239} INFO - Sync 1 DAGs
[2025-12-14T00:37:33.371+0000] {logging_mixin.py:190} INFO - [2025-12-14T00:37:33.370+0000] {dag.py:4180} INFO - Setting next_dagrun for socar_seismic_etl to 2025-12-14 00:00:00+00:00, run_after=2025-12-15 00:00:00+00:00
[2025-12-14T00:37:33.383+0000] {processor.py:208} INFO - Processing /opt/airflow/dags/socar_seismic_etl.py took 0.251 seconds
[2025-12-14T00:38:03.499+0000] {processor.py:186} INFO - Started process (PID=424) to work on /opt/airflow/dags/socar_seismic_etl.py
[2025-12-14T00:38:03.499+0000] {processor.py:914} INFO - Processing file /opt/airflow/dags/socar_seismic_etl.py for tasks to queue
[2025-12-14T00:38:03.500+0000] {logging_mixin.py:190} INFO - [2025-12-14T00:38:03.500+0000] {dagbag.py:588} INFO - Filling up the DagBag from /opt/airflow/dags/socar_seismic_etl.py
[2025-12-14T00:38:03.695+0000] {processor.py:925} INFO - DAG(s) 'socar_seismic_etl' retrieved from /opt/airflow/dags/socar_seismic_etl.py
[2025-12-14T00:38:03.719+0000] {logging_mixin.py:190} INFO - [2025-12-14T00:38:03.719+0000] {dag.py:3239} INFO - Sync 1 DAGs
[2025-12-14T00:38:03.738+0000] {logging_mixin.py:190} INFO - [2025-12-14T00:38:03.738+0000] {dag.py:4180} INFO - Setting next_dagrun for socar_seismic_etl to 2025-12-14 00:00:00+00:00, run_after=2025-12-15 00:00:00+00:00
[2025-12-14T00:38:03.752+0000] {processor.py:208} INFO - Processing /opt/airflow/dags/socar_seismic_etl.py took 0.257 seconds
[2025-12-14T00:38:33.866+0000] {processor.py:186} INFO - Started process (PID=436) to work on /opt/airflow/dags/socar_seismic_etl.py
[2025-12-14T00:38:33.867+0000] {processor.py:914} INFO - Processing file /opt/airflow/dags/socar_seismic_etl.py for tasks to queue
[2025-12-14T00:38:33.868+0000] {logging_mixin.py:190} INFO - [2025-12-14T00:38:33.868+0000] {dagbag.py:588} INFO - Filling up the DagBag from /opt/airflow/dags/socar_seismic_etl.py
[2025-12-14T00:38:34.063+0000] {processor.py:925} INFO - DAG(s) 'socar_seismic_etl' retrieved from /opt/airflow/dags/socar_seismic_etl.py
[2025-12-14T00:38:34.085+0000] {logging_mixin.py:190} INFO - [2025-12-14T00:38:34.085+0000] {dag.py:3239} INFO - Sync 1 DAGs
[2025-12-14T00:38:34.103+0000] {logging_mixin.py:190} INFO - [2025-12-14T00:38:34.103+0000] {dag.py:4180} INFO - Setting next_dagrun for socar_seismic_etl to 2025-12-14 00:00:00+00:00, run_after=2025-12-15 00:00:00+00:00
[2025-12-14T00:38:34.115+0000] {processor.py:208} INFO - Processing /opt/airflow/dags/socar_seismic_etl.py took 0.253 seconds
[2025-12-14T00:39:04.237+0000] {processor.py:186} INFO - Started process (PID=454) to work on /opt/airflow/dags/socar_seismic_etl.py
[2025-12-14T00:39:04.237+0000] {processor.py:914} INFO - Processing file /opt/airflow/dags/socar_seismic_etl.py for tasks to queue
[2025-12-14T00:39:04.239+0000] {logging_mixin.py:190} INFO - [2025-12-14T00:39:04.239+0000] {dagbag.py:588} INFO - Filling up the DagBag from /opt/airflow/dags/socar_seismic_etl.py
[2025-12-14T00:39:04.432+0000] {processor.py:925} INFO - DAG(s) 'socar_seismic_etl' retrieved from /opt/airflow/dags/socar_seismic_etl.py
[2025-12-14T00:39:04.455+0000] {logging_mixin.py:190} INFO - [2025-12-14T00:39:04.455+0000] {dag.py:3239} INFO - Sync 1 DAGs
[2025-12-14T00:39:04.474+0000] {logging_mixin.py:190} INFO - [2025-12-14T00:39:04.474+0000] {dag.py:4180} INFO - Setting next_dagrun for socar_seismic_etl to 2025-12-14 00:00:00+00:00, run_after=2025-12-15 00:00:00+00:00
[2025-12-14T00:39:04.487+0000] {processor.py:208} INFO - Processing /opt/airflow/dags/socar_seismic_etl.py took 0.254 seconds
[2025-12-14T00:39:34.617+0000] {processor.py:186} INFO - Started process (PID=466) to work on /opt/airflow/dags/socar_seismic_etl.py
[2025-12-14T00:39:34.617+0000] {processor.py:914} INFO - Processing file /opt/airflow/dags/socar_seismic_etl.py for tasks to queue
[2025-12-14T00:39:34.619+0000] {logging_mixin.py:190} INFO - [2025-12-14T00:39:34.619+0000] {dagbag.py:588} INFO - Filling up the DagBag from /opt/airflow/dags/socar_seismic_etl.py
[2025-12-14T00:39:34.810+0000] {processor.py:925} INFO - DAG(s) 'socar_seismic_etl' retrieved from /opt/airflow/dags/socar_seismic_etl.py
[2025-12-14T00:39:34.833+0000] {logging_mixin.py:190} INFO - [2025-12-14T00:39:34.833+0000] {dag.py:3239} INFO - Sync 1 DAGs
[2025-12-14T00:39:34.851+0000] {logging_mixin.py:190} INFO - [2025-12-14T00:39:34.851+0000] {dag.py:4180} INFO - Setting next_dagrun for socar_seismic_etl to 2025-12-14 00:00:00+00:00, run_after=2025-12-15 00:00:00+00:00
[2025-12-14T00:39:34.865+0000] {processor.py:208} INFO - Processing /opt/airflow/dags/socar_seismic_etl.py took 0.253 seconds
[2025-12-14T00:40:04.981+0000] {processor.py:186} INFO - Started process (PID=478) to work on /opt/airflow/dags/socar_seismic_etl.py
[2025-12-14T00:40:04.982+0000] {processor.py:914} INFO - Processing file /opt/airflow/dags/socar_seismic_etl.py for tasks to queue
[2025-12-14T00:40:04.983+0000] {logging_mixin.py:190} INFO - [2025-12-14T00:40:04.983+0000] {dagbag.py:588} INFO - Filling up the DagBag from /opt/airflow/dags/socar_seismic_etl.py
[2025-12-14T00:40:05.175+0000] {processor.py:925} INFO - DAG(s) 'socar_seismic_etl' retrieved from /opt/airflow/dags/socar_seismic_etl.py
[2025-12-14T00:40:05.198+0000] {logging_mixin.py:190} INFO - [2025-12-14T00:40:05.197+0000] {dag.py:3239} INFO - Sync 1 DAGs
[2025-12-14T00:40:05.216+0000] {logging_mixin.py:190} INFO - [2025-12-14T00:40:05.215+0000] {dag.py:4180} INFO - Setting next_dagrun for socar_seismic_etl to 2025-12-14 00:00:00+00:00, run_after=2025-12-15 00:00:00+00:00
[2025-12-14T00:40:05.228+0000] {processor.py:208} INFO - Processing /opt/airflow/dags/socar_seismic_etl.py took 0.252 seconds
[2025-12-14T00:40:35.347+0000] {processor.py:186} INFO - Started process (PID=490) to work on /opt/airflow/dags/socar_seismic_etl.py
[2025-12-14T00:40:35.348+0000] {processor.py:914} INFO - Processing file /opt/airflow/dags/socar_seismic_etl.py for tasks to queue
[2025-12-14T00:40:35.349+0000] {logging_mixin.py:190} INFO - [2025-12-14T00:40:35.349+0000] {dagbag.py:588} INFO - Filling up the DagBag from /opt/airflow/dags/socar_seismic_etl.py
[2025-12-14T00:40:35.541+0000] {processor.py:925} INFO - DAG(s) 'socar_seismic_etl' retrieved from /opt/airflow/dags/socar_seismic_etl.py
[2025-12-14T00:40:35.563+0000] {logging_mixin.py:190} INFO - [2025-12-14T00:40:35.563+0000] {dag.py:3239} INFO - Sync 1 DAGs
[2025-12-14T00:40:35.582+0000] {logging_mixin.py:190} INFO - [2025-12-14T00:40:35.582+0000] {dag.py:4180} INFO - Setting next_dagrun for socar_seismic_etl to 2025-12-14 00:00:00+00:00, run_after=2025-12-15 00:00:00+00:00
[2025-12-14T00:40:35.594+0000] {processor.py:208} INFO - Processing /opt/airflow/dags/socar_seismic_etl.py took 0.251 seconds
[2025-12-14T00:40:51.061+0000] {processor.py:186} INFO - Started process (PID=190) to work on /opt/airflow/dags/socar_seismic_etl.py
[2025-12-14T00:40:51.062+0000] {processor.py:914} INFO - Processing file /opt/airflow/dags/socar_seismic_etl.py for tasks to queue
[2025-12-14T00:40:51.063+0000] {logging_mixin.py:190} INFO - [2025-12-14T00:40:51.063+0000] {dagbag.py:588} INFO - Filling up the DagBag from /opt/airflow/dags/socar_seismic_etl.py
[2025-12-14T00:40:51.260+0000] {processor.py:925} INFO - DAG(s) 'socar_seismic_etl' retrieved from /opt/airflow/dags/socar_seismic_etl.py
[2025-12-14T00:40:51.272+0000] {logging_mixin.py:190} INFO - [2025-12-14T00:40:51.272+0000] {dag.py:3239} INFO - Sync 1 DAGs
[2025-12-14T00:40:51.291+0000] {logging_mixin.py:190} INFO - [2025-12-14T00:40:51.291+0000] {dag.py:4180} INFO - Setting next_dagrun for socar_seismic_etl to 2025-12-14 00:00:00+00:00, run_after=2025-12-15 00:00:00+00:00
[2025-12-14T00:40:51.303+0000] {processor.py:208} INFO - Processing /opt/airflow/dags/socar_seismic_etl.py took 0.246 seconds
[2025-12-14T00:41:21.424+0000] {processor.py:186} INFO - Started process (PID=203) to work on /opt/airflow/dags/socar_seismic_etl.py
[2025-12-14T00:41:21.425+0000] {processor.py:914} INFO - Processing file /opt/airflow/dags/socar_seismic_etl.py for tasks to queue
[2025-12-14T00:41:21.426+0000] {logging_mixin.py:190} INFO - [2025-12-14T00:41:21.426+0000] {dagbag.py:588} INFO - Filling up the DagBag from /opt/airflow/dags/socar_seismic_etl.py
[2025-12-14T00:41:21.621+0000] {processor.py:925} INFO - DAG(s) 'socar_seismic_etl' retrieved from /opt/airflow/dags/socar_seismic_etl.py
[2025-12-14T00:41:21.701+0000] {logging_mixin.py:190} INFO - [2025-12-14T00:41:21.701+0000] {dag.py:3239} INFO - Sync 1 DAGs
[2025-12-14T00:41:21.717+0000] {logging_mixin.py:190} INFO - [2025-12-14T00:41:21.717+0000] {dag.py:4180} INFO - Setting next_dagrun for socar_seismic_etl to 2025-12-14 00:00:00+00:00, run_after=2025-12-15 00:00:00+00:00
[2025-12-14T00:41:21.730+0000] {processor.py:208} INFO - Processing /opt/airflow/dags/socar_seismic_etl.py took 0.311 seconds
[2025-12-14T00:41:51.868+0000] {processor.py:186} INFO - Started process (PID=215) to work on /opt/airflow/dags/socar_seismic_etl.py
[2025-12-14T00:41:51.868+0000] {processor.py:914} INFO - Processing file /opt/airflow/dags/socar_seismic_etl.py for tasks to queue
[2025-12-14T00:41:51.869+0000] {logging_mixin.py:190} INFO - [2025-12-14T00:41:51.869+0000] {dagbag.py:588} INFO - Filling up the DagBag from /opt/airflow/dags/socar_seismic_etl.py
[2025-12-14T00:41:52.064+0000] {processor.py:925} INFO - DAG(s) 'socar_seismic_etl' retrieved from /opt/airflow/dags/socar_seismic_etl.py
[2025-12-14T00:41:52.087+0000] {logging_mixin.py:190} INFO - [2025-12-14T00:41:52.086+0000] {dag.py:3239} INFO - Sync 1 DAGs
[2025-12-14T00:41:52.105+0000] {logging_mixin.py:190} INFO - [2025-12-14T00:41:52.105+0000] {dag.py:4180} INFO - Setting next_dagrun for socar_seismic_etl to 2025-12-14 00:00:00+00:00, run_after=2025-12-15 00:00:00+00:00
[2025-12-14T00:41:52.117+0000] {processor.py:208} INFO - Processing /opt/airflow/dags/socar_seismic_etl.py took 0.254 seconds
[2025-12-14T00:42:22.245+0000] {processor.py:186} INFO - Started process (PID=227) to work on /opt/airflow/dags/socar_seismic_etl.py
[2025-12-14T00:42:22.246+0000] {processor.py:914} INFO - Processing file /opt/airflow/dags/socar_seismic_etl.py for tasks to queue
[2025-12-14T00:42:22.247+0000] {logging_mixin.py:190} INFO - [2025-12-14T00:42:22.247+0000] {dagbag.py:588} INFO - Filling up the DagBag from /opt/airflow/dags/socar_seismic_etl.py
[2025-12-14T00:42:22.445+0000] {processor.py:925} INFO - DAG(s) 'socar_seismic_etl' retrieved from /opt/airflow/dags/socar_seismic_etl.py
[2025-12-14T00:42:22.469+0000] {logging_mixin.py:190} INFO - [2025-12-14T00:42:22.469+0000] {dag.py:3239} INFO - Sync 1 DAGs
[2025-12-14T00:42:22.489+0000] {logging_mixin.py:190} INFO - [2025-12-14T00:42:22.489+0000] {dag.py:4180} INFO - Setting next_dagrun for socar_seismic_etl to 2025-12-14 00:00:00+00:00, run_after=2025-12-15 00:00:00+00:00
[2025-12-14T00:42:22.502+0000] {processor.py:208} INFO - Processing /opt/airflow/dags/socar_seismic_etl.py took 0.261 seconds
[2025-12-14T00:42:52.622+0000] {processor.py:186} INFO - Started process (PID=239) to work on /opt/airflow/dags/socar_seismic_etl.py
[2025-12-14T00:42:52.622+0000] {processor.py:914} INFO - Processing file /opt/airflow/dags/socar_seismic_etl.py for tasks to queue
[2025-12-14T00:42:52.624+0000] {logging_mixin.py:190} INFO - [2025-12-14T00:42:52.623+0000] {dagbag.py:588} INFO - Filling up the DagBag from /opt/airflow/dags/socar_seismic_etl.py
[2025-12-14T00:42:52.817+0000] {processor.py:925} INFO - DAG(s) 'socar_seismic_etl' retrieved from /opt/airflow/dags/socar_seismic_etl.py
[2025-12-14T00:42:52.840+0000] {logging_mixin.py:190} INFO - [2025-12-14T00:42:52.839+0000] {dag.py:3239} INFO - Sync 1 DAGs
[2025-12-14T00:42:52.858+0000] {logging_mixin.py:190} INFO - [2025-12-14T00:42:52.858+0000] {dag.py:4180} INFO - Setting next_dagrun for socar_seismic_etl to 2025-12-14 00:00:00+00:00, run_after=2025-12-15 00:00:00+00:00
[2025-12-14T00:42:52.870+0000] {processor.py:208} INFO - Processing /opt/airflow/dags/socar_seismic_etl.py took 0.253 seconds
[2025-12-14T00:43:22.981+0000] {processor.py:186} INFO - Started process (PID=251) to work on /opt/airflow/dags/socar_seismic_etl.py
[2025-12-14T00:43:22.982+0000] {processor.py:914} INFO - Processing file /opt/airflow/dags/socar_seismic_etl.py for tasks to queue
[2025-12-14T00:43:22.983+0000] {logging_mixin.py:190} INFO - [2025-12-14T00:43:22.983+0000] {dagbag.py:588} INFO - Filling up the DagBag from /opt/airflow/dags/socar_seismic_etl.py
[2025-12-14T00:43:23.176+0000] {processor.py:925} INFO - DAG(s) 'socar_seismic_etl' retrieved from /opt/airflow/dags/socar_seismic_etl.py
[2025-12-14T00:43:23.199+0000] {logging_mixin.py:190} INFO - [2025-12-14T00:43:23.199+0000] {dag.py:3239} INFO - Sync 1 DAGs
[2025-12-14T00:43:23.218+0000] {logging_mixin.py:190} INFO - [2025-12-14T00:43:23.218+0000] {dag.py:4180} INFO - Setting next_dagrun for socar_seismic_etl to 2025-12-14 00:00:00+00:00, run_after=2025-12-15 00:00:00+00:00
[2025-12-14T00:43:23.232+0000] {processor.py:208} INFO - Processing /opt/airflow/dags/socar_seismic_etl.py took 0.255 seconds
[2025-12-14T00:43:53.361+0000] {processor.py:186} INFO - Started process (PID=357) to work on /opt/airflow/dags/socar_seismic_etl.py
[2025-12-14T00:43:53.362+0000] {processor.py:914} INFO - Processing file /opt/airflow/dags/socar_seismic_etl.py for tasks to queue
[2025-12-14T00:43:53.363+0000] {logging_mixin.py:190} INFO - [2025-12-14T00:43:53.363+0000] {dagbag.py:588} INFO - Filling up the DagBag from /opt/airflow/dags/socar_seismic_etl.py
[2025-12-14T00:43:53.558+0000] {processor.py:925} INFO - DAG(s) 'socar_seismic_etl' retrieved from /opt/airflow/dags/socar_seismic_etl.py
[2025-12-14T00:43:53.581+0000] {logging_mixin.py:190} INFO - [2025-12-14T00:43:53.581+0000] {dag.py:3239} INFO - Sync 1 DAGs
[2025-12-14T00:43:53.599+0000] {logging_mixin.py:190} INFO - [2025-12-14T00:43:53.599+0000] {dag.py:4180} INFO - Setting next_dagrun for socar_seismic_etl to 2025-12-14 00:00:00+00:00, run_after=2025-12-15 00:00:00+00:00
[2025-12-14T00:43:53.613+0000] {processor.py:208} INFO - Processing /opt/airflow/dags/socar_seismic_etl.py took 0.256 seconds
[2025-12-14T00:44:23.732+0000] {processor.py:186} INFO - Started process (PID=369) to work on /opt/airflow/dags/socar_seismic_etl.py
[2025-12-14T00:44:23.733+0000] {processor.py:914} INFO - Processing file /opt/airflow/dags/socar_seismic_etl.py for tasks to queue
[2025-12-14T00:44:23.734+0000] {logging_mixin.py:190} INFO - [2025-12-14T00:44:23.734+0000] {dagbag.py:588} INFO - Filling up the DagBag from /opt/airflow/dags/socar_seismic_etl.py
[2025-12-14T00:44:23.929+0000] {processor.py:925} INFO - DAG(s) 'socar_seismic_etl' retrieved from /opt/airflow/dags/socar_seismic_etl.py
[2025-12-14T00:44:23.951+0000] {logging_mixin.py:190} INFO - [2025-12-14T00:44:23.951+0000] {dag.py:3239} INFO - Sync 1 DAGs
[2025-12-14T00:44:23.969+0000] {logging_mixin.py:190} INFO - [2025-12-14T00:44:23.969+0000] {dag.py:4180} INFO - Setting next_dagrun for socar_seismic_etl to 2025-12-14 00:00:00+00:00, run_after=2025-12-15 00:00:00+00:00
[2025-12-14T00:44:23.982+0000] {processor.py:208} INFO - Processing /opt/airflow/dags/socar_seismic_etl.py took 0.254 seconds
[2025-12-14T00:44:54.105+0000] {processor.py:186} INFO - Started process (PID=381) to work on /opt/airflow/dags/socar_seismic_etl.py
[2025-12-14T00:44:54.106+0000] {processor.py:914} INFO - Processing file /opt/airflow/dags/socar_seismic_etl.py for tasks to queue
[2025-12-14T00:44:54.107+0000] {logging_mixin.py:190} INFO - [2025-12-14T00:44:54.107+0000] {dagbag.py:588} INFO - Filling up the DagBag from /opt/airflow/dags/socar_seismic_etl.py
[2025-12-14T00:44:54.304+0000] {processor.py:925} INFO - DAG(s) 'socar_seismic_etl' retrieved from /opt/airflow/dags/socar_seismic_etl.py
[2025-12-14T00:44:54.327+0000] {logging_mixin.py:190} INFO - [2025-12-14T00:44:54.327+0000] {dag.py:3239} INFO - Sync 1 DAGs
[2025-12-14T00:44:54.346+0000] {logging_mixin.py:190} INFO - [2025-12-14T00:44:54.346+0000] {dag.py:4180} INFO - Setting next_dagrun for socar_seismic_etl to 2025-12-14 00:00:00+00:00, run_after=2025-12-15 00:00:00+00:00
[2025-12-14T00:44:54.358+0000] {processor.py:208} INFO - Processing /opt/airflow/dags/socar_seismic_etl.py took 0.257 seconds
[2025-12-14T00:45:24.484+0000] {processor.py:186} INFO - Started process (PID=399) to work on /opt/airflow/dags/socar_seismic_etl.py
[2025-12-14T00:45:24.484+0000] {processor.py:914} INFO - Processing file /opt/airflow/dags/socar_seismic_etl.py for tasks to queue
[2025-12-14T00:45:24.486+0000] {logging_mixin.py:190} INFO - [2025-12-14T00:45:24.486+0000] {dagbag.py:588} INFO - Filling up the DagBag from /opt/airflow/dags/socar_seismic_etl.py
[2025-12-14T00:45:24.680+0000] {processor.py:925} INFO - DAG(s) 'socar_seismic_etl' retrieved from /opt/airflow/dags/socar_seismic_etl.py
[2025-12-14T00:45:24.703+0000] {logging_mixin.py:190} INFO - [2025-12-14T00:45:24.703+0000] {dag.py:3239} INFO - Sync 1 DAGs
[2025-12-14T00:45:24.721+0000] {logging_mixin.py:190} INFO - [2025-12-14T00:45:24.721+0000] {dag.py:4180} INFO - Setting next_dagrun for socar_seismic_etl to 2025-12-14 00:00:00+00:00, run_after=2025-12-15 00:00:00+00:00
[2025-12-14T00:45:24.734+0000] {processor.py:208} INFO - Processing /opt/airflow/dags/socar_seismic_etl.py took 0.254 seconds
[2025-12-14T00:45:54.852+0000] {processor.py:186} INFO - Started process (PID=411) to work on /opt/airflow/dags/socar_seismic_etl.py
[2025-12-14T00:45:54.853+0000] {processor.py:914} INFO - Processing file /opt/airflow/dags/socar_seismic_etl.py for tasks to queue
[2025-12-14T00:45:54.854+0000] {logging_mixin.py:190} INFO - [2025-12-14T00:45:54.854+0000] {dagbag.py:588} INFO - Filling up the DagBag from /opt/airflow/dags/socar_seismic_etl.py
[2025-12-14T00:45:55.048+0000] {processor.py:925} INFO - DAG(s) 'socar_seismic_etl' retrieved from /opt/airflow/dags/socar_seismic_etl.py
[2025-12-14T00:45:55.070+0000] {logging_mixin.py:190} INFO - [2025-12-14T00:45:55.070+0000] {dag.py:3239} INFO - Sync 1 DAGs
[2025-12-14T00:45:55.089+0000] {logging_mixin.py:190} INFO - [2025-12-14T00:45:55.089+0000] {dag.py:4180} INFO - Setting next_dagrun for socar_seismic_etl to 2025-12-14 00:00:00+00:00, run_after=2025-12-15 00:00:00+00:00
[2025-12-14T00:45:55.102+0000] {processor.py:208} INFO - Processing /opt/airflow/dags/socar_seismic_etl.py took 0.254 seconds
[2025-12-14T00:46:25.230+0000] {processor.py:186} INFO - Started process (PID=423) to work on /opt/airflow/dags/socar_seismic_etl.py
[2025-12-14T00:46:25.230+0000] {processor.py:914} INFO - Processing file /opt/airflow/dags/socar_seismic_etl.py for tasks to queue
[2025-12-14T00:46:25.232+0000] {logging_mixin.py:190} INFO - [2025-12-14T00:46:25.232+0000] {dagbag.py:588} INFO - Filling up the DagBag from /opt/airflow/dags/socar_seismic_etl.py
[2025-12-14T00:46:25.425+0000] {processor.py:925} INFO - DAG(s) 'socar_seismic_etl' retrieved from /opt/airflow/dags/socar_seismic_etl.py
[2025-12-14T00:46:25.449+0000] {logging_mixin.py:190} INFO - [2025-12-14T00:46:25.448+0000] {dag.py:3239} INFO - Sync 1 DAGs
[2025-12-14T00:46:25.467+0000] {logging_mixin.py:190} INFO - [2025-12-14T00:46:25.467+0000] {dag.py:4180} INFO - Setting next_dagrun for socar_seismic_etl to 2025-12-14 00:00:00+00:00, run_after=2025-12-15 00:00:00+00:00
[2025-12-14T00:46:25.479+0000] {processor.py:208} INFO - Processing /opt/airflow/dags/socar_seismic_etl.py took 0.254 seconds
[2025-12-14T00:46:55.601+0000] {processor.py:186} INFO - Started process (PID=515) to work on /opt/airflow/dags/socar_seismic_etl.py
[2025-12-14T00:46:55.602+0000] {processor.py:914} INFO - Processing file /opt/airflow/dags/socar_seismic_etl.py for tasks to queue
[2025-12-14T00:46:55.603+0000] {logging_mixin.py:190} INFO - [2025-12-14T00:46:55.603+0000] {dagbag.py:588} INFO - Filling up the DagBag from /opt/airflow/dags/socar_seismic_etl.py
[2025-12-14T00:46:55.796+0000] {processor.py:925} INFO - DAG(s) 'socar_seismic_etl' retrieved from /opt/airflow/dags/socar_seismic_etl.py
[2025-12-14T00:46:55.819+0000] {logging_mixin.py:190} INFO - [2025-12-14T00:46:55.818+0000] {dag.py:3239} INFO - Sync 1 DAGs
[2025-12-14T00:46:55.837+0000] {logging_mixin.py:190} INFO - [2025-12-14T00:46:55.837+0000] {dag.py:4180} INFO - Setting next_dagrun for socar_seismic_etl to 2025-12-14 00:00:00+00:00, run_after=2025-12-15 00:00:00+00:00
[2025-12-14T00:46:55.850+0000] {processor.py:208} INFO - Processing /opt/airflow/dags/socar_seismic_etl.py took 0.253 seconds
[2025-12-14T00:47:25.969+0000] {processor.py:186} INFO - Started process (PID=527) to work on /opt/airflow/dags/socar_seismic_etl.py
[2025-12-14T00:47:25.969+0000] {processor.py:914} INFO - Processing file /opt/airflow/dags/socar_seismic_etl.py for tasks to queue
[2025-12-14T00:47:25.971+0000] {logging_mixin.py:190} INFO - [2025-12-14T00:47:25.970+0000] {dagbag.py:588} INFO - Filling up the DagBag from /opt/airflow/dags/socar_seismic_etl.py
[2025-12-14T00:47:26.163+0000] {processor.py:925} INFO - DAG(s) 'socar_seismic_etl' retrieved from /opt/airflow/dags/socar_seismic_etl.py
[2025-12-14T00:47:26.186+0000] {logging_mixin.py:190} INFO - [2025-12-14T00:47:26.185+0000] {dag.py:3239} INFO - Sync 1 DAGs
[2025-12-14T00:47:26.204+0000] {logging_mixin.py:190} INFO - [2025-12-14T00:47:26.204+0000] {dag.py:4180} INFO - Setting next_dagrun for socar_seismic_etl to 2025-12-14 00:00:00+00:00, run_after=2025-12-15 00:00:00+00:00
[2025-12-14T00:47:26.217+0000] {processor.py:208} INFO - Processing /opt/airflow/dags/socar_seismic_etl.py took 0.252 seconds
[2025-12-14T00:47:56.340+0000] {processor.py:186} INFO - Started process (PID=539) to work on /opt/airflow/dags/socar_seismic_etl.py
[2025-12-14T00:47:56.341+0000] {processor.py:914} INFO - Processing file /opt/airflow/dags/socar_seismic_etl.py for tasks to queue
[2025-12-14T00:47:56.342+0000] {logging_mixin.py:190} INFO - [2025-12-14T00:47:56.342+0000] {dagbag.py:588} INFO - Filling up the DagBag from /opt/airflow/dags/socar_seismic_etl.py
[2025-12-14T00:47:56.537+0000] {processor.py:925} INFO - DAG(s) 'socar_seismic_etl' retrieved from /opt/airflow/dags/socar_seismic_etl.py
[2025-12-14T00:47:56.560+0000] {logging_mixin.py:190} INFO - [2025-12-14T00:47:56.559+0000] {dag.py:3239} INFO - Sync 1 DAGs
[2025-12-14T00:47:56.578+0000] {logging_mixin.py:190} INFO - [2025-12-14T00:47:56.578+0000] {dag.py:4180} INFO - Setting next_dagrun for socar_seismic_etl to 2025-12-14 00:00:00+00:00, run_after=2025-12-15 00:00:00+00:00
[2025-12-14T00:47:56.590+0000] {processor.py:208} INFO - Processing /opt/airflow/dags/socar_seismic_etl.py took 0.254 seconds
[2025-12-14T00:48:26.712+0000] {processor.py:186} INFO - Started process (PID=551) to work on /opt/airflow/dags/socar_seismic_etl.py
[2025-12-14T00:48:26.713+0000] {processor.py:914} INFO - Processing file /opt/airflow/dags/socar_seismic_etl.py for tasks to queue
[2025-12-14T00:48:26.714+0000] {logging_mixin.py:190} INFO - [2025-12-14T00:48:26.714+0000] {dagbag.py:588} INFO - Filling up the DagBag from /opt/airflow/dags/socar_seismic_etl.py
[2025-12-14T00:48:26.907+0000] {processor.py:925} INFO - DAG(s) 'socar_seismic_etl' retrieved from /opt/airflow/dags/socar_seismic_etl.py
[2025-12-14T00:48:26.931+0000] {logging_mixin.py:190} INFO - [2025-12-14T00:48:26.930+0000] {dag.py:3239} INFO - Sync 1 DAGs
[2025-12-14T00:48:26.950+0000] {logging_mixin.py:190} INFO - [2025-12-14T00:48:26.950+0000] {dag.py:4180} INFO - Setting next_dagrun for socar_seismic_etl to 2025-12-14 00:00:00+00:00, run_after=2025-12-15 00:00:00+00:00
[2025-12-14T00:48:26.962+0000] {processor.py:208} INFO - Processing /opt/airflow/dags/socar_seismic_etl.py took 0.254 seconds
[2025-12-14T00:48:57.083+0000] {processor.py:186} INFO - Started process (PID=563) to work on /opt/airflow/dags/socar_seismic_etl.py
[2025-12-14T00:48:57.084+0000] {processor.py:914} INFO - Processing file /opt/airflow/dags/socar_seismic_etl.py for tasks to queue
[2025-12-14T00:48:57.086+0000] {logging_mixin.py:190} INFO - [2025-12-14T00:48:57.085+0000] {dagbag.py:588} INFO - Filling up the DagBag from /opt/airflow/dags/socar_seismic_etl.py
[2025-12-14T00:48:57.279+0000] {processor.py:925} INFO - DAG(s) 'socar_seismic_etl' retrieved from /opt/airflow/dags/socar_seismic_etl.py
[2025-12-14T00:48:57.302+0000] {logging_mixin.py:190} INFO - [2025-12-14T00:48:57.302+0000] {dag.py:3239} INFO - Sync 1 DAGs
[2025-12-14T00:48:57.320+0000] {logging_mixin.py:190} INFO - [2025-12-14T00:48:57.320+0000] {dag.py:4180} INFO - Setting next_dagrun for socar_seismic_etl to 2025-12-14 00:00:00+00:00, run_after=2025-12-15 00:00:00+00:00
[2025-12-14T00:48:57.332+0000] {processor.py:208} INFO - Processing /opt/airflow/dags/socar_seismic_etl.py took 0.253 seconds
[2025-12-14T00:49:27.455+0000] {processor.py:186} INFO - Started process (PID=575) to work on /opt/airflow/dags/socar_seismic_etl.py
[2025-12-14T00:49:27.456+0000] {processor.py:914} INFO - Processing file /opt/airflow/dags/socar_seismic_etl.py for tasks to queue
[2025-12-14T00:49:27.457+0000] {logging_mixin.py:190} INFO - [2025-12-14T00:49:27.457+0000] {dagbag.py:588} INFO - Filling up the DagBag from /opt/airflow/dags/socar_seismic_etl.py
[2025-12-14T00:49:27.650+0000] {processor.py:925} INFO - DAG(s) 'socar_seismic_etl' retrieved from /opt/airflow/dags/socar_seismic_etl.py
[2025-12-14T00:49:27.673+0000] {logging_mixin.py:190} INFO - [2025-12-14T00:49:27.673+0000] {dag.py:3239} INFO - Sync 1 DAGs
[2025-12-14T00:49:27.691+0000] {logging_mixin.py:190} INFO - [2025-12-14T00:49:27.691+0000] {dag.py:4180} INFO - Setting next_dagrun for socar_seismic_etl to 2025-12-14 00:00:00+00:00, run_after=2025-12-15 00:00:00+00:00
[2025-12-14T00:49:27.704+0000] {processor.py:208} INFO - Processing /opt/airflow/dags/socar_seismic_etl.py took 0.253 seconds
[2025-12-14T00:49:57.829+0000] {processor.py:186} INFO - Started process (PID=587) to work on /opt/airflow/dags/socar_seismic_etl.py
[2025-12-14T00:49:57.830+0000] {processor.py:914} INFO - Processing file /opt/airflow/dags/socar_seismic_etl.py for tasks to queue
[2025-12-14T00:49:57.831+0000] {logging_mixin.py:190} INFO - [2025-12-14T00:49:57.831+0000] {dagbag.py:588} INFO - Filling up the DagBag from /opt/airflow/dags/socar_seismic_etl.py
[2025-12-14T00:49:58.026+0000] {processor.py:925} INFO - DAG(s) 'socar_seismic_etl' retrieved from /opt/airflow/dags/socar_seismic_etl.py
[2025-12-14T00:49:58.049+0000] {logging_mixin.py:190} INFO - [2025-12-14T00:49:58.049+0000] {dag.py:3239} INFO - Sync 1 DAGs
[2025-12-14T00:49:58.068+0000] {logging_mixin.py:190} INFO - [2025-12-14T00:49:58.068+0000] {dag.py:4180} INFO - Setting next_dagrun for socar_seismic_etl to 2025-12-14 00:00:00+00:00, run_after=2025-12-15 00:00:00+00:00
[2025-12-14T00:49:58.081+0000] {processor.py:208} INFO - Processing /opt/airflow/dags/socar_seismic_etl.py took 0.256 seconds
[2025-12-14T00:50:28.197+0000] {processor.py:186} INFO - Started process (PID=599) to work on /opt/airflow/dags/socar_seismic_etl.py
[2025-12-14T00:50:28.198+0000] {processor.py:914} INFO - Processing file /opt/airflow/dags/socar_seismic_etl.py for tasks to queue
[2025-12-14T00:50:28.199+0000] {logging_mixin.py:190} INFO - [2025-12-14T00:50:28.199+0000] {dagbag.py:588} INFO - Filling up the DagBag from /opt/airflow/dags/socar_seismic_etl.py
[2025-12-14T00:50:28.392+0000] {processor.py:925} INFO - DAG(s) 'socar_seismic_etl' retrieved from /opt/airflow/dags/socar_seismic_etl.py
[2025-12-14T00:50:28.415+0000] {logging_mixin.py:190} INFO - [2025-12-14T00:50:28.415+0000] {dag.py:3239} INFO - Sync 1 DAGs
[2025-12-14T00:50:28.433+0000] {logging_mixin.py:190} INFO - [2025-12-14T00:50:28.433+0000] {dag.py:4180} INFO - Setting next_dagrun for socar_seismic_etl to 2025-12-14 00:00:00+00:00, run_after=2025-12-15 00:00:00+00:00
[2025-12-14T00:50:28.445+0000] {processor.py:208} INFO - Processing /opt/airflow/dags/socar_seismic_etl.py took 0.252 seconds
[2025-12-14T00:50:58.565+0000] {processor.py:186} INFO - Started process (PID=611) to work on /opt/airflow/dags/socar_seismic_etl.py
[2025-12-14T00:50:58.566+0000] {processor.py:914} INFO - Processing file /opt/airflow/dags/socar_seismic_etl.py for tasks to queue
[2025-12-14T00:50:58.567+0000] {logging_mixin.py:190} INFO - [2025-12-14T00:50:58.567+0000] {dagbag.py:588} INFO - Filling up the DagBag from /opt/airflow/dags/socar_seismic_etl.py
[2025-12-14T00:50:58.760+0000] {processor.py:925} INFO - DAG(s) 'socar_seismic_etl' retrieved from /opt/airflow/dags/socar_seismic_etl.py
[2025-12-14T00:50:58.783+0000] {logging_mixin.py:190} INFO - [2025-12-14T00:50:58.782+0000] {dag.py:3239} INFO - Sync 1 DAGs
[2025-12-14T00:50:58.801+0000] {logging_mixin.py:190} INFO - [2025-12-14T00:50:58.801+0000] {dag.py:4180} INFO - Setting next_dagrun for socar_seismic_etl to 2025-12-14 00:00:00+00:00, run_after=2025-12-15 00:00:00+00:00
[2025-12-14T00:50:58.814+0000] {processor.py:208} INFO - Processing /opt/airflow/dags/socar_seismic_etl.py took 0.253 seconds
[2025-12-14T00:51:28.936+0000] {processor.py:186} INFO - Started process (PID=653) to work on /opt/airflow/dags/socar_seismic_etl.py
[2025-12-14T00:51:28.936+0000] {processor.py:914} INFO - Processing file /opt/airflow/dags/socar_seismic_etl.py for tasks to queue
[2025-12-14T00:51:28.938+0000] {logging_mixin.py:190} INFO - [2025-12-14T00:51:28.937+0000] {dagbag.py:588} INFO - Filling up the DagBag from /opt/airflow/dags/socar_seismic_etl.py
[2025-12-14T00:51:29.129+0000] {processor.py:925} INFO - DAG(s) 'socar_seismic_etl' retrieved from /opt/airflow/dags/socar_seismic_etl.py
[2025-12-14T00:51:29.152+0000] {logging_mixin.py:190} INFO - [2025-12-14T00:51:29.152+0000] {dag.py:3239} INFO - Sync 1 DAGs
[2025-12-14T00:51:29.170+0000] {logging_mixin.py:190} INFO - [2025-12-14T00:51:29.170+0000] {dag.py:4180} INFO - Setting next_dagrun for socar_seismic_etl to 2025-12-14 00:00:00+00:00, run_after=2025-12-15 00:00:00+00:00
[2025-12-14T00:51:29.183+0000] {processor.py:208} INFO - Processing /opt/airflow/dags/socar_seismic_etl.py took 0.252 seconds
[2025-12-14T00:51:59.310+0000] {processor.py:186} INFO - Started process (PID=680) to work on /opt/airflow/dags/socar_seismic_etl.py
[2025-12-14T00:51:59.311+0000] {processor.py:914} INFO - Processing file /opt/airflow/dags/socar_seismic_etl.py for tasks to queue
[2025-12-14T00:51:59.313+0000] {logging_mixin.py:190} INFO - [2025-12-14T00:51:59.313+0000] {dagbag.py:588} INFO - Filling up the DagBag from /opt/airflow/dags/socar_seismic_etl.py
[2025-12-14T00:51:59.505+0000] {processor.py:925} INFO - DAG(s) 'socar_seismic_etl' retrieved from /opt/airflow/dags/socar_seismic_etl.py
[2025-12-14T00:51:59.528+0000] {logging_mixin.py:190} INFO - [2025-12-14T00:51:59.528+0000] {dag.py:3239} INFO - Sync 1 DAGs
[2025-12-14T00:51:59.546+0000] {logging_mixin.py:190} INFO - [2025-12-14T00:51:59.546+0000] {dag.py:4180} INFO - Setting next_dagrun for socar_seismic_etl to 2025-12-14 00:00:00+00:00, run_after=2025-12-15 00:00:00+00:00
[2025-12-14T00:51:59.559+0000] {processor.py:208} INFO - Processing /opt/airflow/dags/socar_seismic_etl.py took 0.253 seconds
[2025-12-14T00:52:29.681+0000] {processor.py:186} INFO - Started process (PID=692) to work on /opt/airflow/dags/socar_seismic_etl.py
[2025-12-14T00:52:29.682+0000] {processor.py:914} INFO - Processing file /opt/airflow/dags/socar_seismic_etl.py for tasks to queue
[2025-12-14T00:52:29.683+0000] {logging_mixin.py:190} INFO - [2025-12-14T00:52:29.683+0000] {dagbag.py:588} INFO - Filling up the DagBag from /opt/airflow/dags/socar_seismic_etl.py
[2025-12-14T00:52:29.878+0000] {processor.py:925} INFO - DAG(s) 'socar_seismic_etl' retrieved from /opt/airflow/dags/socar_seismic_etl.py
[2025-12-14T00:52:29.900+0000] {logging_mixin.py:190} INFO - [2025-12-14T00:52:29.900+0000] {dag.py:3239} INFO - Sync 1 DAGs
[2025-12-14T00:52:29.919+0000] {logging_mixin.py:190} INFO - [2025-12-14T00:52:29.919+0000] {dag.py:4180} INFO - Setting next_dagrun for socar_seismic_etl to 2025-12-14 00:00:00+00:00, run_after=2025-12-15 00:00:00+00:00
[2025-12-14T00:52:29.932+0000] {processor.py:208} INFO - Processing /opt/airflow/dags/socar_seismic_etl.py took 0.255 seconds
[2025-12-14T00:53:00.057+0000] {processor.py:186} INFO - Started process (PID=733) to work on /opt/airflow/dags/socar_seismic_etl.py
[2025-12-14T00:53:00.058+0000] {processor.py:914} INFO - Processing file /opt/airflow/dags/socar_seismic_etl.py for tasks to queue
[2025-12-14T00:53:00.059+0000] {logging_mixin.py:190} INFO - [2025-12-14T00:53:00.059+0000] {dagbag.py:588} INFO - Filling up the DagBag from /opt/airflow/dags/socar_seismic_etl.py
[2025-12-14T00:53:00.254+0000] {processor.py:925} INFO - DAG(s) 'socar_seismic_etl' retrieved from /opt/airflow/dags/socar_seismic_etl.py
[2025-12-14T00:53:00.276+0000] {logging_mixin.py:190} INFO - [2025-12-14T00:53:00.276+0000] {dag.py:3239} INFO - Sync 1 DAGs
[2025-12-14T00:53:00.294+0000] {logging_mixin.py:190} INFO - [2025-12-14T00:53:00.294+0000] {dag.py:4180} INFO - Setting next_dagrun for socar_seismic_etl to 2025-12-14 00:00:00+00:00, run_after=2025-12-15 00:00:00+00:00
[2025-12-14T00:53:00.307+0000] {processor.py:208} INFO - Processing /opt/airflow/dags/socar_seismic_etl.py took 0.254 seconds
[2025-12-14T00:53:30.437+0000] {processor.py:186} INFO - Started process (PID=745) to work on /opt/airflow/dags/socar_seismic_etl.py
[2025-12-14T00:53:30.442+0000] {processor.py:914} INFO - Processing file /opt/airflow/dags/socar_seismic_etl.py for tasks to queue
[2025-12-14T00:53:30.444+0000] {logging_mixin.py:190} INFO - [2025-12-14T00:53:30.444+0000] {dagbag.py:588} INFO - Filling up the DagBag from /opt/airflow/dags/socar_seismic_etl.py
[2025-12-14T00:53:30.638+0000] {processor.py:925} INFO - DAG(s) 'socar_seismic_etl' retrieved from /opt/airflow/dags/socar_seismic_etl.py
[2025-12-14T00:53:30.661+0000] {logging_mixin.py:190} INFO - [2025-12-14T00:53:30.661+0000] {dag.py:3239} INFO - Sync 1 DAGs
[2025-12-14T00:53:30.820+0000] {logging_mixin.py:190} INFO - [2025-12-14T00:53:30.820+0000] {dag.py:4180} INFO - Setting next_dagrun for socar_seismic_etl to 2025-12-14 00:00:00+00:00, run_after=2025-12-15 00:00:00+00:00
[2025-12-14T00:53:30.833+0000] {processor.py:208} INFO - Processing /opt/airflow/dags/socar_seismic_etl.py took 0.400 seconds
[2025-12-14T00:54:00.972+0000] {processor.py:186} INFO - Started process (PID=757) to work on /opt/airflow/dags/socar_seismic_etl.py
[2025-12-14T00:54:00.972+0000] {processor.py:914} INFO - Processing file /opt/airflow/dags/socar_seismic_etl.py for tasks to queue
[2025-12-14T00:54:00.974+0000] {logging_mixin.py:190} INFO - [2025-12-14T00:54:00.973+0000] {dagbag.py:588} INFO - Filling up the DagBag from /opt/airflow/dags/socar_seismic_etl.py
[2025-12-14T00:54:01.168+0000] {processor.py:925} INFO - DAG(s) 'socar_seismic_etl' retrieved from /opt/airflow/dags/socar_seismic_etl.py
[2025-12-14T00:54:01.191+0000] {logging_mixin.py:190} INFO - [2025-12-14T00:54:01.190+0000] {dag.py:3239} INFO - Sync 1 DAGs
[2025-12-14T00:54:01.209+0000] {logging_mixin.py:190} INFO - [2025-12-14T00:54:01.209+0000] {dag.py:4180} INFO - Setting next_dagrun for socar_seismic_etl to 2025-12-14 00:00:00+00:00, run_after=2025-12-15 00:00:00+00:00
[2025-12-14T00:54:01.221+0000] {processor.py:208} INFO - Processing /opt/airflow/dags/socar_seismic_etl.py took 0.254 seconds
[2025-12-14T00:54:31.352+0000] {processor.py:186} INFO - Started process (PID=769) to work on /opt/airflow/dags/socar_seismic_etl.py
[2025-12-14T00:54:31.352+0000] {processor.py:914} INFO - Processing file /opt/airflow/dags/socar_seismic_etl.py for tasks to queue
[2025-12-14T00:54:31.354+0000] {logging_mixin.py:190} INFO - [2025-12-14T00:54:31.354+0000] {dagbag.py:588} INFO - Filling up the DagBag from /opt/airflow/dags/socar_seismic_etl.py
[2025-12-14T00:54:31.548+0000] {processor.py:925} INFO - DAG(s) 'socar_seismic_etl' retrieved from /opt/airflow/dags/socar_seismic_etl.py
[2025-12-14T00:54:31.571+0000] {logging_mixin.py:190} INFO - [2025-12-14T00:54:31.571+0000] {dag.py:3239} INFO - Sync 1 DAGs
[2025-12-14T00:54:31.590+0000] {logging_mixin.py:190} INFO - [2025-12-14T00:54:31.590+0000] {dag.py:4180} INFO - Setting next_dagrun for socar_seismic_etl to 2025-12-14 00:00:00+00:00, run_after=2025-12-15 00:00:00+00:00
[2025-12-14T00:54:31.741+0000] {processor.py:208} INFO - Processing /opt/airflow/dags/socar_seismic_etl.py took 0.394 seconds
[2025-12-14T00:55:01.883+0000] {processor.py:186} INFO - Started process (PID=781) to work on /opt/airflow/dags/socar_seismic_etl.py
[2025-12-14T00:55:01.883+0000] {processor.py:914} INFO - Processing file /opt/airflow/dags/socar_seismic_etl.py for tasks to queue
[2025-12-14T00:55:01.885+0000] {logging_mixin.py:190} INFO - [2025-12-14T00:55:01.885+0000] {dagbag.py:588} INFO - Filling up the DagBag from /opt/airflow/dags/socar_seismic_etl.py
[2025-12-14T00:55:02.078+0000] {processor.py:925} INFO - DAG(s) 'socar_seismic_etl' retrieved from /opt/airflow/dags/socar_seismic_etl.py
[2025-12-14T00:55:02.102+0000] {logging_mixin.py:190} INFO - [2025-12-14T00:55:02.102+0000] {dag.py:3239} INFO - Sync 1 DAGs
[2025-12-14T00:55:02.120+0000] {logging_mixin.py:190} INFO - [2025-12-14T00:55:02.120+0000] {dag.py:4180} INFO - Setting next_dagrun for socar_seismic_etl to 2025-12-14 00:00:00+00:00, run_after=2025-12-15 00:00:00+00:00
[2025-12-14T00:55:02.133+0000] {processor.py:208} INFO - Processing /opt/airflow/dags/socar_seismic_etl.py took 0.254 seconds
[2025-12-14T00:55:32.256+0000] {processor.py:186} INFO - Started process (PID=793) to work on /opt/airflow/dags/socar_seismic_etl.py
[2025-12-14T00:55:32.257+0000] {processor.py:914} INFO - Processing file /opt/airflow/dags/socar_seismic_etl.py for tasks to queue
[2025-12-14T00:55:32.259+0000] {logging_mixin.py:190} INFO - [2025-12-14T00:55:32.258+0000] {dagbag.py:588} INFO - Filling up the DagBag from /opt/airflow/dags/socar_seismic_etl.py
[2025-12-14T00:55:32.453+0000] {processor.py:925} INFO - DAG(s) 'socar_seismic_etl' retrieved from /opt/airflow/dags/socar_seismic_etl.py
[2025-12-14T00:55:32.476+0000] {logging_mixin.py:190} INFO - [2025-12-14T00:55:32.476+0000] {dag.py:3239} INFO - Sync 1 DAGs
[2025-12-14T00:55:32.495+0000] {logging_mixin.py:190} INFO - [2025-12-14T00:55:32.495+0000] {dag.py:4180} INFO - Setting next_dagrun for socar_seismic_etl to 2025-12-14 00:00:00+00:00, run_after=2025-12-15 00:00:00+00:00
[2025-12-14T00:55:32.507+0000] {processor.py:208} INFO - Processing /opt/airflow/dags/socar_seismic_etl.py took 0.255 seconds
[2025-12-14T00:56:02.635+0000] {processor.py:186} INFO - Started process (PID=805) to work on /opt/airflow/dags/socar_seismic_etl.py
[2025-12-14T00:56:02.635+0000] {processor.py:914} INFO - Processing file /opt/airflow/dags/socar_seismic_etl.py for tasks to queue
[2025-12-14T00:56:02.637+0000] {logging_mixin.py:190} INFO - [2025-12-14T00:56:02.637+0000] {dagbag.py:588} INFO - Filling up the DagBag from /opt/airflow/dags/socar_seismic_etl.py
[2025-12-14T00:56:02.831+0000] {processor.py:925} INFO - DAG(s) 'socar_seismic_etl' retrieved from /opt/airflow/dags/socar_seismic_etl.py
[2025-12-14T00:56:02.854+0000] {logging_mixin.py:190} INFO - [2025-12-14T00:56:02.854+0000] {dag.py:3239} INFO - Sync 1 DAGs
[2025-12-14T00:56:03.015+0000] {logging_mixin.py:190} INFO - [2025-12-14T00:56:03.014+0000] {dag.py:4180} INFO - Setting next_dagrun for socar_seismic_etl to 2025-12-14 00:00:00+00:00, run_after=2025-12-15 00:00:00+00:00
[2025-12-14T00:56:03.026+0000] {processor.py:208} INFO - Processing /opt/airflow/dags/socar_seismic_etl.py took 0.395 seconds
[2025-12-14T00:56:33.164+0000] {processor.py:186} INFO - Started process (PID=832) to work on /opt/airflow/dags/socar_seismic_etl.py
[2025-12-14T00:56:33.164+0000] {processor.py:914} INFO - Processing file /opt/airflow/dags/socar_seismic_etl.py for tasks to queue
[2025-12-14T00:56:33.166+0000] {logging_mixin.py:190} INFO - [2025-12-14T00:56:33.166+0000] {dagbag.py:588} INFO - Filling up the DagBag from /opt/airflow/dags/socar_seismic_etl.py
[2025-12-14T00:56:33.359+0000] {processor.py:925} INFO - DAG(s) 'socar_seismic_etl' retrieved from /opt/airflow/dags/socar_seismic_etl.py
[2025-12-14T00:56:33.382+0000] {logging_mixin.py:190} INFO - [2025-12-14T00:56:33.382+0000] {dag.py:3239} INFO - Sync 1 DAGs
[2025-12-14T00:56:33.400+0000] {logging_mixin.py:190} INFO - [2025-12-14T00:56:33.400+0000] {dag.py:4180} INFO - Setting next_dagrun for socar_seismic_etl to 2025-12-14 00:00:00+00:00, run_after=2025-12-15 00:00:00+00:00
[2025-12-14T00:56:33.413+0000] {processor.py:208} INFO - Processing /opt/airflow/dags/socar_seismic_etl.py took 0.254 seconds
[2025-12-14T00:57:03.543+0000] {processor.py:186} INFO - Started process (PID=844) to work on /opt/airflow/dags/socar_seismic_etl.py
[2025-12-14T00:57:03.546+0000] {processor.py:914} INFO - Processing file /opt/airflow/dags/socar_seismic_etl.py for tasks to queue
[2025-12-14T00:57:03.547+0000] {logging_mixin.py:190} INFO - [2025-12-14T00:57:03.547+0000] {dagbag.py:588} INFO - Filling up the DagBag from /opt/airflow/dags/socar_seismic_etl.py
[2025-12-14T00:57:03.741+0000] {processor.py:925} INFO - DAG(s) 'socar_seismic_etl' retrieved from /opt/airflow/dags/socar_seismic_etl.py
[2025-12-14T00:57:03.764+0000] {logging_mixin.py:190} INFO - [2025-12-14T00:57:03.763+0000] {dag.py:3239} INFO - Sync 1 DAGs
[2025-12-14T00:57:03.918+0000] {logging_mixin.py:190} INFO - [2025-12-14T00:57:03.918+0000] {dag.py:4180} INFO - Setting next_dagrun for socar_seismic_etl to 2025-12-14 00:00:00+00:00, run_after=2025-12-15 00:00:00+00:00
[2025-12-14T00:57:03.930+0000] {processor.py:208} INFO - Processing /opt/airflow/dags/socar_seismic_etl.py took 0.391 seconds
[2025-12-14T00:57:34.070+0000] {processor.py:186} INFO - Started process (PID=870) to work on /opt/airflow/dags/socar_seismic_etl.py
[2025-12-14T00:57:34.071+0000] {processor.py:914} INFO - Processing file /opt/airflow/dags/socar_seismic_etl.py for tasks to queue
[2025-12-14T00:57:34.072+0000] {logging_mixin.py:190} INFO - [2025-12-14T00:57:34.072+0000] {dagbag.py:588} INFO - Filling up the DagBag from /opt/airflow/dags/socar_seismic_etl.py
[2025-12-14T00:57:34.266+0000] {processor.py:925} INFO - DAG(s) 'socar_seismic_etl' retrieved from /opt/airflow/dags/socar_seismic_etl.py
[2025-12-14T00:57:34.290+0000] {logging_mixin.py:190} INFO - [2025-12-14T00:57:34.290+0000] {dag.py:3239} INFO - Sync 1 DAGs
[2025-12-14T00:57:34.309+0000] {logging_mixin.py:190} INFO - [2025-12-14T00:57:34.309+0000] {dag.py:4180} INFO - Setting next_dagrun for socar_seismic_etl to 2025-12-14 00:00:00+00:00, run_after=2025-12-15 00:00:00+00:00
[2025-12-14T00:57:34.322+0000] {processor.py:208} INFO - Processing /opt/airflow/dags/socar_seismic_etl.py took 0.256 seconds
[2025-12-14T00:58:04.448+0000] {processor.py:186} INFO - Started process (PID=897) to work on /opt/airflow/dags/socar_seismic_etl.py
[2025-12-14T00:58:04.449+0000] {processor.py:914} INFO - Processing file /opt/airflow/dags/socar_seismic_etl.py for tasks to queue
[2025-12-14T00:58:04.451+0000] {logging_mixin.py:190} INFO - [2025-12-14T00:58:04.451+0000] {dagbag.py:588} INFO - Filling up the DagBag from /opt/airflow/dags/socar_seismic_etl.py
[2025-12-14T00:58:04.648+0000] {processor.py:925} INFO - DAG(s) 'socar_seismic_etl' retrieved from /opt/airflow/dags/socar_seismic_etl.py
[2025-12-14T00:58:04.671+0000] {logging_mixin.py:190} INFO - [2025-12-14T00:58:04.671+0000] {dag.py:3239} INFO - Sync 1 DAGs
[2025-12-14T00:58:04.689+0000] {logging_mixin.py:190} INFO - [2025-12-14T00:58:04.689+0000] {dag.py:4180} INFO - Setting next_dagrun for socar_seismic_etl to 2025-12-14 00:00:00+00:00, run_after=2025-12-15 00:00:00+00:00
[2025-12-14T00:58:04.703+0000] {processor.py:208} INFO - Processing /opt/airflow/dags/socar_seismic_etl.py took 0.260 seconds
[2025-12-14T00:58:34.823+0000] {processor.py:186} INFO - Started process (PID=916) to work on /opt/airflow/dags/socar_seismic_etl.py
[2025-12-14T00:58:34.824+0000] {processor.py:914} INFO - Processing file /opt/airflow/dags/socar_seismic_etl.py for tasks to queue
[2025-12-14T00:58:34.826+0000] {logging_mixin.py:190} INFO - [2025-12-14T00:58:34.825+0000] {dagbag.py:588} INFO - Filling up the DagBag from /opt/airflow/dags/socar_seismic_etl.py
[2025-12-14T00:58:35.019+0000] {processor.py:925} INFO - DAG(s) 'socar_seismic_etl' retrieved from /opt/airflow/dags/socar_seismic_etl.py
[2025-12-14T00:58:35.042+0000] {logging_mixin.py:190} INFO - [2025-12-14T00:58:35.042+0000] {dag.py:3239} INFO - Sync 1 DAGs
[2025-12-14T00:58:35.206+0000] {logging_mixin.py:190} INFO - [2025-12-14T00:58:35.206+0000] {dag.py:4180} INFO - Setting next_dagrun for socar_seismic_etl to 2025-12-14 00:00:00+00:00, run_after=2025-12-15 00:00:00+00:00
[2025-12-14T00:58:35.219+0000] {processor.py:208} INFO - Processing /opt/airflow/dags/socar_seismic_etl.py took 0.400 seconds
[2025-12-14T00:59:05.358+0000] {processor.py:186} INFO - Started process (PID=928) to work on /opt/airflow/dags/socar_seismic_etl.py
[2025-12-14T00:59:05.359+0000] {processor.py:914} INFO - Processing file /opt/airflow/dags/socar_seismic_etl.py for tasks to queue
[2025-12-14T00:59:05.360+0000] {logging_mixin.py:190} INFO - [2025-12-14T00:59:05.360+0000] {dagbag.py:588} INFO - Filling up the DagBag from /opt/airflow/dags/socar_seismic_etl.py
[2025-12-14T00:59:05.695+0000] {processor.py:925} INFO - DAG(s) 'socar_seismic_etl' retrieved from /opt/airflow/dags/socar_seismic_etl.py
[2025-12-14T00:59:05.714+0000] {logging_mixin.py:190} INFO - [2025-12-14T00:59:05.714+0000] {dag.py:3239} INFO - Sync 1 DAGs
[2025-12-14T00:59:05.730+0000] {logging_mixin.py:190} INFO - [2025-12-14T00:59:05.730+0000] {dag.py:4180} INFO - Setting next_dagrun for socar_seismic_etl to 2025-12-14 00:00:00+00:00, run_after=2025-12-15 00:00:00+00:00
[2025-12-14T00:59:05.745+0000] {processor.py:208} INFO - Processing /opt/airflow/dags/socar_seismic_etl.py took 0.391 seconds
[2025-12-14T00:59:35.882+0000] {processor.py:186} INFO - Started process (PID=940) to work on /opt/airflow/dags/socar_seismic_etl.py
[2025-12-14T00:59:35.883+0000] {processor.py:914} INFO - Processing file /opt/airflow/dags/socar_seismic_etl.py for tasks to queue
[2025-12-14T00:59:35.884+0000] {logging_mixin.py:190} INFO - [2025-12-14T00:59:35.884+0000] {dagbag.py:588} INFO - Filling up the DagBag from /opt/airflow/dags/socar_seismic_etl.py
[2025-12-14T00:59:36.078+0000] {processor.py:925} INFO - DAG(s) 'socar_seismic_etl' retrieved from /opt/airflow/dags/socar_seismic_etl.py
[2025-12-14T00:59:36.102+0000] {logging_mixin.py:190} INFO - [2025-12-14T00:59:36.101+0000] {dag.py:3239} INFO - Sync 1 DAGs
[2025-12-14T00:59:36.259+0000] {logging_mixin.py:190} INFO - [2025-12-14T00:59:36.259+0000] {dag.py:4180} INFO - Setting next_dagrun for socar_seismic_etl to 2025-12-14 00:00:00+00:00, run_after=2025-12-15 00:00:00+00:00
[2025-12-14T00:59:36.271+0000] {processor.py:208} INFO - Processing /opt/airflow/dags/socar_seismic_etl.py took 0.393 seconds
[2025-12-14T01:00:06.409+0000] {processor.py:186} INFO - Started process (PID=952) to work on /opt/airflow/dags/socar_seismic_etl.py
[2025-12-14T01:00:06.410+0000] {processor.py:914} INFO - Processing file /opt/airflow/dags/socar_seismic_etl.py for tasks to queue
[2025-12-14T01:00:06.412+0000] {logging_mixin.py:190} INFO - [2025-12-14T01:00:06.411+0000] {dagbag.py:588} INFO - Filling up the DagBag from /opt/airflow/dags/socar_seismic_etl.py
[2025-12-14T01:00:06.606+0000] {processor.py:925} INFO - DAG(s) 'socar_seismic_etl' retrieved from /opt/airflow/dags/socar_seismic_etl.py
[2025-12-14T01:00:06.766+0000] {logging_mixin.py:190} INFO - [2025-12-14T01:00:06.765+0000] {dag.py:3239} INFO - Sync 1 DAGs
[2025-12-14T01:00:06.782+0000] {logging_mixin.py:190} INFO - [2025-12-14T01:00:06.782+0000] {dag.py:4180} INFO - Setting next_dagrun for socar_seismic_etl to 2025-12-14 00:00:00+00:00, run_after=2025-12-15 00:00:00+00:00
[2025-12-14T01:00:06.794+0000] {processor.py:208} INFO - Processing /opt/airflow/dags/socar_seismic_etl.py took 0.389 seconds
[2025-12-14T01:00:36.933+0000] {processor.py:186} INFO - Started process (PID=979) to work on /opt/airflow/dags/socar_seismic_etl.py
[2025-12-14T01:00:36.934+0000] {processor.py:914} INFO - Processing file /opt/airflow/dags/socar_seismic_etl.py for tasks to queue
[2025-12-14T01:00:36.935+0000] {logging_mixin.py:190} INFO - [2025-12-14T01:00:36.935+0000] {dagbag.py:588} INFO - Filling up the DagBag from /opt/airflow/dags/socar_seismic_etl.py
[2025-12-14T01:00:37.131+0000] {processor.py:925} INFO - DAG(s) 'socar_seismic_etl' retrieved from /opt/airflow/dags/socar_seismic_etl.py
[2025-12-14T01:00:37.144+0000] {logging_mixin.py:190} INFO - [2025-12-14T01:00:37.144+0000] {dag.py:3239} INFO - Sync 1 DAGs
[2025-12-14T01:00:37.163+0000] {logging_mixin.py:190} INFO - [2025-12-14T01:00:37.163+0000] {dag.py:4180} INFO - Setting next_dagrun for socar_seismic_etl to 2025-12-14 00:00:00+00:00, run_after=2025-12-15 00:00:00+00:00
[2025-12-14T01:00:37.176+0000] {processor.py:208} INFO - Processing /opt/airflow/dags/socar_seismic_etl.py took 0.247 seconds
[2025-12-14T01:00:46.186+0000] {processor.py:186} INFO - Started process (PID=191) to work on /opt/airflow/dags/socar_seismic_etl.py
[2025-12-14T01:00:46.187+0000] {processor.py:914} INFO - Processing file /opt/airflow/dags/socar_seismic_etl.py for tasks to queue
[2025-12-14T01:00:46.188+0000] {logging_mixin.py:190} INFO - [2025-12-14T01:00:46.188+0000] {dagbag.py:588} INFO - Filling up the DagBag from /opt/airflow/dags/socar_seismic_etl.py
[2025-12-14T01:00:46.382+0000] {processor.py:925} INFO - DAG(s) 'socar_seismic_etl' retrieved from /opt/airflow/dags/socar_seismic_etl.py
[2025-12-14T01:00:46.394+0000] {logging_mixin.py:190} INFO - [2025-12-14T01:00:46.393+0000] {dag.py:3239} INFO - Sync 1 DAGs
[2025-12-14T01:00:46.412+0000] {logging_mixin.py:190} INFO - [2025-12-14T01:00:46.412+0000] {dag.py:4180} INFO - Setting next_dagrun for socar_seismic_etl to 2025-12-14 00:00:00+00:00, run_after=2025-12-15 00:00:00+00:00
[2025-12-14T01:00:46.425+0000] {processor.py:208} INFO - Processing /opt/airflow/dags/socar_seismic_etl.py took 0.243 seconds
[2025-12-14T01:01:16.545+0000] {processor.py:186} INFO - Started process (PID=218) to work on /opt/airflow/dags/socar_seismic_etl.py
[2025-12-14T01:01:16.546+0000] {processor.py:914} INFO - Processing file /opt/airflow/dags/socar_seismic_etl.py for tasks to queue
[2025-12-14T01:01:16.547+0000] {logging_mixin.py:190} INFO - [2025-12-14T01:01:16.547+0000] {dagbag.py:588} INFO - Filling up the DagBag from /opt/airflow/dags/socar_seismic_etl.py
[2025-12-14T01:01:16.741+0000] {processor.py:925} INFO - DAG(s) 'socar_seismic_etl' retrieved from /opt/airflow/dags/socar_seismic_etl.py
[2025-12-14T01:01:16.821+0000] {logging_mixin.py:190} INFO - [2025-12-14T01:01:16.820+0000] {dag.py:3239} INFO - Sync 1 DAGs
[2025-12-14T01:01:16.837+0000] {logging_mixin.py:190} INFO - [2025-12-14T01:01:16.837+0000] {dag.py:4180} INFO - Setting next_dagrun for socar_seismic_etl to 2025-12-14 00:00:00+00:00, run_after=2025-12-15 00:00:00+00:00
[2025-12-14T01:01:16.850+0000] {processor.py:208} INFO - Processing /opt/airflow/dags/socar_seismic_etl.py took 0.309 seconds
[2025-12-14T01:01:46.975+0000] {processor.py:186} INFO - Started process (PID=230) to work on /opt/airflow/dags/socar_seismic_etl.py
[2025-12-14T01:01:46.976+0000] {processor.py:914} INFO - Processing file /opt/airflow/dags/socar_seismic_etl.py for tasks to queue
[2025-12-14T01:01:46.977+0000] {logging_mixin.py:190} INFO - [2025-12-14T01:01:46.977+0000] {dagbag.py:588} INFO - Filling up the DagBag from /opt/airflow/dags/socar_seismic_etl.py
[2025-12-14T01:01:47.170+0000] {processor.py:925} INFO - DAG(s) 'socar_seismic_etl' retrieved from /opt/airflow/dags/socar_seismic_etl.py
[2025-12-14T01:01:47.193+0000] {logging_mixin.py:190} INFO - [2025-12-14T01:01:47.192+0000] {dag.py:3239} INFO - Sync 1 DAGs
[2025-12-14T01:01:47.211+0000] {logging_mixin.py:190} INFO - [2025-12-14T01:01:47.211+0000] {dag.py:4180} INFO - Setting next_dagrun for socar_seismic_etl to 2025-12-14 00:00:00+00:00, run_after=2025-12-15 00:00:00+00:00
[2025-12-14T01:01:47.224+0000] {processor.py:208} INFO - Processing /opt/airflow/dags/socar_seismic_etl.py took 0.253 seconds
[2025-12-14T01:02:17.351+0000] {processor.py:186} INFO - Started process (PID=242) to work on /opt/airflow/dags/socar_seismic_etl.py
[2025-12-14T01:02:17.351+0000] {processor.py:914} INFO - Processing file /opt/airflow/dags/socar_seismic_etl.py for tasks to queue
[2025-12-14T01:02:17.352+0000] {logging_mixin.py:190} INFO - [2025-12-14T01:02:17.352+0000] {dagbag.py:588} INFO - Filling up the DagBag from /opt/airflow/dags/socar_seismic_etl.py
[2025-12-14T01:02:17.544+0000] {processor.py:925} INFO - DAG(s) 'socar_seismic_etl' retrieved from /opt/airflow/dags/socar_seismic_etl.py
[2025-12-14T01:02:17.567+0000] {logging_mixin.py:190} INFO - [2025-12-14T01:02:17.567+0000] {dag.py:3239} INFO - Sync 1 DAGs
[2025-12-14T01:02:17.586+0000] {logging_mixin.py:190} INFO - [2025-12-14T01:02:17.586+0000] {dag.py:4180} INFO - Setting next_dagrun for socar_seismic_etl to 2025-12-14 00:00:00+00:00, run_after=2025-12-15 00:00:00+00:00
[2025-12-14T01:02:17.599+0000] {processor.py:208} INFO - Processing /opt/airflow/dags/socar_seismic_etl.py took 0.252 seconds
[2025-12-14T01:02:47.725+0000] {processor.py:186} INFO - Started process (PID=254) to work on /opt/airflow/dags/socar_seismic_etl.py
[2025-12-14T01:02:47.725+0000] {processor.py:914} INFO - Processing file /opt/airflow/dags/socar_seismic_etl.py for tasks to queue
[2025-12-14T01:02:47.727+0000] {logging_mixin.py:190} INFO - [2025-12-14T01:02:47.727+0000] {dagbag.py:588} INFO - Filling up the DagBag from /opt/airflow/dags/socar_seismic_etl.py
[2025-12-14T01:02:47.919+0000] {processor.py:925} INFO - DAG(s) 'socar_seismic_etl' retrieved from /opt/airflow/dags/socar_seismic_etl.py
[2025-12-14T01:02:47.942+0000] {logging_mixin.py:190} INFO - [2025-12-14T01:02:47.942+0000] {dag.py:3239} INFO - Sync 1 DAGs
[2025-12-14T01:02:47.960+0000] {logging_mixin.py:190} INFO - [2025-12-14T01:02:47.960+0000] {dag.py:4180} INFO - Setting next_dagrun for socar_seismic_etl to 2025-12-14 00:00:00+00:00, run_after=2025-12-15 00:00:00+00:00
[2025-12-14T01:02:47.973+0000] {processor.py:208} INFO - Processing /opt/airflow/dags/socar_seismic_etl.py took 0.252 seconds
[2025-12-14T01:03:18.086+0000] {processor.py:186} INFO - Started process (PID=266) to work on /opt/airflow/dags/socar_seismic_etl.py
[2025-12-14T01:03:18.087+0000] {processor.py:914} INFO - Processing file /opt/airflow/dags/socar_seismic_etl.py for tasks to queue
[2025-12-14T01:03:18.088+0000] {logging_mixin.py:190} INFO - [2025-12-14T01:03:18.088+0000] {dagbag.py:588} INFO - Filling up the DagBag from /opt/airflow/dags/socar_seismic_etl.py
[2025-12-14T01:03:18.281+0000] {processor.py:925} INFO - DAG(s) 'socar_seismic_etl' retrieved from /opt/airflow/dags/socar_seismic_etl.py
[2025-12-14T01:03:18.304+0000] {logging_mixin.py:190} INFO - [2025-12-14T01:03:18.304+0000] {dag.py:3239} INFO - Sync 1 DAGs
[2025-12-14T01:03:18.323+0000] {logging_mixin.py:190} INFO - [2025-12-14T01:03:18.323+0000] {dag.py:4180} INFO - Setting next_dagrun for socar_seismic_etl to 2025-12-14 00:00:00+00:00, run_after=2025-12-15 00:00:00+00:00
[2025-12-14T01:03:18.336+0000] {processor.py:208} INFO - Processing /opt/airflow/dags/socar_seismic_etl.py took 0.254 seconds
[2025-12-14T01:03:48.463+0000] {processor.py:186} INFO - Started process (PID=278) to work on /opt/airflow/dags/socar_seismic_etl.py
[2025-12-14T01:03:48.463+0000] {processor.py:914} INFO - Processing file /opt/airflow/dags/socar_seismic_etl.py for tasks to queue
[2025-12-14T01:03:48.465+0000] {logging_mixin.py:190} INFO - [2025-12-14T01:03:48.464+0000] {dagbag.py:588} INFO - Filling up the DagBag from /opt/airflow/dags/socar_seismic_etl.py
[2025-12-14T01:03:48.657+0000] {processor.py:925} INFO - DAG(s) 'socar_seismic_etl' retrieved from /opt/airflow/dags/socar_seismic_etl.py
[2025-12-14T01:03:48.680+0000] {logging_mixin.py:190} INFO - [2025-12-14T01:03:48.680+0000] {dag.py:3239} INFO - Sync 1 DAGs
[2025-12-14T01:03:48.698+0000] {logging_mixin.py:190} INFO - [2025-12-14T01:03:48.698+0000] {dag.py:4180} INFO - Setting next_dagrun for socar_seismic_etl to 2025-12-14 00:00:00+00:00, run_after=2025-12-15 00:00:00+00:00
[2025-12-14T01:03:48.711+0000] {processor.py:208} INFO - Processing /opt/airflow/dags/socar_seismic_etl.py took 0.252 seconds
[2025-12-14T01:04:18.831+0000] {processor.py:186} INFO - Started process (PID=290) to work on /opt/airflow/dags/socar_seismic_etl.py
[2025-12-14T01:04:18.836+0000] {processor.py:914} INFO - Processing file /opt/airflow/dags/socar_seismic_etl.py for tasks to queue
[2025-12-14T01:04:18.837+0000] {logging_mixin.py:190} INFO - [2025-12-14T01:04:18.837+0000] {dagbag.py:588} INFO - Filling up the DagBag from /opt/airflow/dags/socar_seismic_etl.py
[2025-12-14T01:04:19.031+0000] {processor.py:925} INFO - DAG(s) 'socar_seismic_etl' retrieved from /opt/airflow/dags/socar_seismic_etl.py
[2025-12-14T01:04:19.054+0000] {logging_mixin.py:190} INFO - [2025-12-14T01:04:19.054+0000] {dag.py:3239} INFO - Sync 1 DAGs
[2025-12-14T01:04:19.072+0000] {logging_mixin.py:190} INFO - [2025-12-14T01:04:19.072+0000] {dag.py:4180} INFO - Setting next_dagrun for socar_seismic_etl to 2025-12-14 00:00:00+00:00, run_after=2025-12-15 00:00:00+00:00
[2025-12-14T01:04:19.084+0000] {processor.py:208} INFO - Processing /opt/airflow/dags/socar_seismic_etl.py took 0.258 seconds
[2025-12-14T01:04:49.201+0000] {processor.py:186} INFO - Started process (PID=302) to work on /opt/airflow/dags/socar_seismic_etl.py
[2025-12-14T01:04:49.201+0000] {processor.py:914} INFO - Processing file /opt/airflow/dags/socar_seismic_etl.py for tasks to queue
[2025-12-14T01:04:49.202+0000] {logging_mixin.py:190} INFO - [2025-12-14T01:04:49.202+0000] {dagbag.py:588} INFO - Filling up the DagBag from /opt/airflow/dags/socar_seismic_etl.py
[2025-12-14T01:04:49.397+0000] {processor.py:925} INFO - DAG(s) 'socar_seismic_etl' retrieved from /opt/airflow/dags/socar_seismic_etl.py
[2025-12-14T01:04:49.420+0000] {logging_mixin.py:190} INFO - [2025-12-14T01:04:49.420+0000] {dag.py:3239} INFO - Sync 1 DAGs
[2025-12-14T01:04:49.439+0000] {logging_mixin.py:190} INFO - [2025-12-14T01:04:49.439+0000] {dag.py:4180} INFO - Setting next_dagrun for socar_seismic_etl to 2025-12-14 00:00:00+00:00, run_after=2025-12-15 00:00:00+00:00
[2025-12-14T01:04:49.452+0000] {processor.py:208} INFO - Processing /opt/airflow/dags/socar_seismic_etl.py took 0.255 seconds
[2025-12-14T01:05:19.563+0000] {processor.py:186} INFO - Started process (PID=314) to work on /opt/airflow/dags/socar_seismic_etl.py
[2025-12-14T01:05:19.564+0000] {processor.py:914} INFO - Processing file /opt/airflow/dags/socar_seismic_etl.py for tasks to queue
[2025-12-14T01:05:19.565+0000] {logging_mixin.py:190} INFO - [2025-12-14T01:05:19.565+0000] {dagbag.py:588} INFO - Filling up the DagBag from /opt/airflow/dags/socar_seismic_etl.py
[2025-12-14T01:05:19.760+0000] {processor.py:925} INFO - DAG(s) 'socar_seismic_etl' retrieved from /opt/airflow/dags/socar_seismic_etl.py
[2025-12-14T01:05:19.782+0000] {logging_mixin.py:190} INFO - [2025-12-14T01:05:19.782+0000] {dag.py:3239} INFO - Sync 1 DAGs
[2025-12-14T01:05:19.800+0000] {logging_mixin.py:190} INFO - [2025-12-14T01:05:19.800+0000] {dag.py:4180} INFO - Setting next_dagrun for socar_seismic_etl to 2025-12-14 00:00:00+00:00, run_after=2025-12-15 00:00:00+00:00
[2025-12-14T01:05:19.813+0000] {processor.py:208} INFO - Processing /opt/airflow/dags/socar_seismic_etl.py took 0.254 seconds
[2025-12-14T01:05:49.931+0000] {processor.py:186} INFO - Started process (PID=332) to work on /opt/airflow/dags/socar_seismic_etl.py
[2025-12-14T01:05:49.931+0000] {processor.py:914} INFO - Processing file /opt/airflow/dags/socar_seismic_etl.py for tasks to queue
[2025-12-14T01:05:49.933+0000] {logging_mixin.py:190} INFO - [2025-12-14T01:05:49.932+0000] {dagbag.py:588} INFO - Filling up the DagBag from /opt/airflow/dags/socar_seismic_etl.py
[2025-12-14T01:05:50.125+0000] {processor.py:925} INFO - DAG(s) 'socar_seismic_etl' retrieved from /opt/airflow/dags/socar_seismic_etl.py
[2025-12-14T01:05:50.148+0000] {logging_mixin.py:190} INFO - [2025-12-14T01:05:50.148+0000] {dag.py:3239} INFO - Sync 1 DAGs
[2025-12-14T01:05:50.167+0000] {logging_mixin.py:190} INFO - [2025-12-14T01:05:50.166+0000] {dag.py:4180} INFO - Setting next_dagrun for socar_seismic_etl to 2025-12-14 00:00:00+00:00, run_after=2025-12-15 00:00:00+00:00
[2025-12-14T01:05:50.179+0000] {processor.py:208} INFO - Processing /opt/airflow/dags/socar_seismic_etl.py took 0.252 seconds
[2025-12-14T01:06:20.297+0000] {processor.py:186} INFO - Started process (PID=344) to work on /opt/airflow/dags/socar_seismic_etl.py
[2025-12-14T01:06:20.300+0000] {processor.py:914} INFO - Processing file /opt/airflow/dags/socar_seismic_etl.py for tasks to queue
[2025-12-14T01:06:20.301+0000] {logging_mixin.py:190} INFO - [2025-12-14T01:06:20.301+0000] {dagbag.py:588} INFO - Filling up the DagBag from /opt/airflow/dags/socar_seismic_etl.py
[2025-12-14T01:06:20.493+0000] {processor.py:925} INFO - DAG(s) 'socar_seismic_etl' retrieved from /opt/airflow/dags/socar_seismic_etl.py
[2025-12-14T01:06:20.516+0000] {logging_mixin.py:190} INFO - [2025-12-14T01:06:20.516+0000] {dag.py:3239} INFO - Sync 1 DAGs
[2025-12-14T01:06:20.535+0000] {logging_mixin.py:190} INFO - [2025-12-14T01:06:20.535+0000] {dag.py:4180} INFO - Setting next_dagrun for socar_seismic_etl to 2025-12-14 00:00:00+00:00, run_after=2025-12-15 00:00:00+00:00
[2025-12-14T01:06:20.548+0000] {processor.py:208} INFO - Processing /opt/airflow/dags/socar_seismic_etl.py took 0.255 seconds
[2025-12-14T01:06:50.664+0000] {processor.py:186} INFO - Started process (PID=356) to work on /opt/airflow/dags/socar_seismic_etl.py
[2025-12-14T01:06:50.665+0000] {processor.py:914} INFO - Processing file /opt/airflow/dags/socar_seismic_etl.py for tasks to queue
[2025-12-14T01:06:50.666+0000] {logging_mixin.py:190} INFO - [2025-12-14T01:06:50.666+0000] {dagbag.py:588} INFO - Filling up the DagBag from /opt/airflow/dags/socar_seismic_etl.py
[2025-12-14T01:06:50.859+0000] {processor.py:925} INFO - DAG(s) 'socar_seismic_etl' retrieved from /opt/airflow/dags/socar_seismic_etl.py
[2025-12-14T01:06:50.882+0000] {logging_mixin.py:190} INFO - [2025-12-14T01:06:50.882+0000] {dag.py:3239} INFO - Sync 1 DAGs
[2025-12-14T01:06:50.900+0000] {logging_mixin.py:190} INFO - [2025-12-14T01:06:50.900+0000] {dag.py:4180} INFO - Setting next_dagrun for socar_seismic_etl to 2025-12-14 00:00:00+00:00, run_after=2025-12-15 00:00:00+00:00
[2025-12-14T01:06:50.913+0000] {processor.py:208} INFO - Processing /opt/airflow/dags/socar_seismic_etl.py took 0.253 seconds
[2025-12-14T01:07:21.033+0000] {processor.py:186} INFO - Started process (PID=368) to work on /opt/airflow/dags/socar_seismic_etl.py
[2025-12-14T01:07:21.033+0000] {processor.py:914} INFO - Processing file /opt/airflow/dags/socar_seismic_etl.py for tasks to queue
[2025-12-14T01:07:21.035+0000] {logging_mixin.py:190} INFO - [2025-12-14T01:07:21.035+0000] {dagbag.py:588} INFO - Filling up the DagBag from /opt/airflow/dags/socar_seismic_etl.py
[2025-12-14T01:07:21.229+0000] {processor.py:925} INFO - DAG(s) 'socar_seismic_etl' retrieved from /opt/airflow/dags/socar_seismic_etl.py
[2025-12-14T01:07:21.252+0000] {logging_mixin.py:190} INFO - [2025-12-14T01:07:21.252+0000] {dag.py:3239} INFO - Sync 1 DAGs
[2025-12-14T01:07:21.271+0000] {logging_mixin.py:190} INFO - [2025-12-14T01:07:21.271+0000] {dag.py:4180} INFO - Setting next_dagrun for socar_seismic_etl to 2025-12-14 00:00:00+00:00, run_after=2025-12-15 00:00:00+00:00
[2025-12-14T01:07:21.285+0000] {processor.py:208} INFO - Processing /opt/airflow/dags/socar_seismic_etl.py took 0.256 seconds
[2025-12-14T01:07:51.397+0000] {processor.py:186} INFO - Started process (PID=380) to work on /opt/airflow/dags/socar_seismic_etl.py
[2025-12-14T01:07:51.398+0000] {processor.py:914} INFO - Processing file /opt/airflow/dags/socar_seismic_etl.py for tasks to queue
[2025-12-14T01:07:51.399+0000] {logging_mixin.py:190} INFO - [2025-12-14T01:07:51.399+0000] {dagbag.py:588} INFO - Filling up the DagBag from /opt/airflow/dags/socar_seismic_etl.py
[2025-12-14T01:07:51.592+0000] {processor.py:925} INFO - DAG(s) 'socar_seismic_etl' retrieved from /opt/airflow/dags/socar_seismic_etl.py
[2025-12-14T01:07:51.615+0000] {logging_mixin.py:190} INFO - [2025-12-14T01:07:51.615+0000] {dag.py:3239} INFO - Sync 1 DAGs
[2025-12-14T01:07:51.633+0000] {logging_mixin.py:190} INFO - [2025-12-14T01:07:51.633+0000] {dag.py:4180} INFO - Setting next_dagrun for socar_seismic_etl to 2025-12-14 00:00:00+00:00, run_after=2025-12-15 00:00:00+00:00
[2025-12-14T01:07:51.646+0000] {processor.py:208} INFO - Processing /opt/airflow/dags/socar_seismic_etl.py took 0.253 seconds
[2025-12-14T01:08:21.765+0000] {processor.py:186} INFO - Started process (PID=392) to work on /opt/airflow/dags/socar_seismic_etl.py
[2025-12-14T01:08:21.766+0000] {processor.py:914} INFO - Processing file /opt/airflow/dags/socar_seismic_etl.py for tasks to queue
[2025-12-14T01:08:21.767+0000] {logging_mixin.py:190} INFO - [2025-12-14T01:08:21.767+0000] {dagbag.py:588} INFO - Filling up the DagBag from /opt/airflow/dags/socar_seismic_etl.py
[2025-12-14T01:08:21.959+0000] {processor.py:925} INFO - DAG(s) 'socar_seismic_etl' retrieved from /opt/airflow/dags/socar_seismic_etl.py
[2025-12-14T01:08:21.981+0000] {logging_mixin.py:190} INFO - [2025-12-14T01:08:21.981+0000] {dag.py:3239} INFO - Sync 1 DAGs
[2025-12-14T01:08:22.000+0000] {logging_mixin.py:190} INFO - [2025-12-14T01:08:22.000+0000] {dag.py:4180} INFO - Setting next_dagrun for socar_seismic_etl to 2025-12-14 00:00:00+00:00, run_after=2025-12-15 00:00:00+00:00
[2025-12-14T01:08:22.013+0000] {processor.py:208} INFO - Processing /opt/airflow/dags/socar_seismic_etl.py took 0.252 seconds
[2025-12-14T01:08:52.139+0000] {processor.py:186} INFO - Started process (PID=404) to work on /opt/airflow/dags/socar_seismic_etl.py
[2025-12-14T01:08:52.139+0000] {processor.py:914} INFO - Processing file /opt/airflow/dags/socar_seismic_etl.py for tasks to queue
[2025-12-14T01:08:52.141+0000] {logging_mixin.py:190} INFO - [2025-12-14T01:08:52.141+0000] {dagbag.py:588} INFO - Filling up the DagBag from /opt/airflow/dags/socar_seismic_etl.py
[2025-12-14T01:08:52.333+0000] {processor.py:925} INFO - DAG(s) 'socar_seismic_etl' retrieved from /opt/airflow/dags/socar_seismic_etl.py
[2025-12-14T01:08:52.356+0000] {logging_mixin.py:190} INFO - [2025-12-14T01:08:52.356+0000] {dag.py:3239} INFO - Sync 1 DAGs
[2025-12-14T01:08:52.374+0000] {logging_mixin.py:190} INFO - [2025-12-14T01:08:52.374+0000] {dag.py:4180} INFO - Setting next_dagrun for socar_seismic_etl to 2025-12-14 00:00:00+00:00, run_after=2025-12-15 00:00:00+00:00
[2025-12-14T01:08:52.387+0000] {processor.py:208} INFO - Processing /opt/airflow/dags/socar_seismic_etl.py took 0.252 seconds
[2025-12-14T01:09:22.505+0000] {processor.py:186} INFO - Started process (PID=416) to work on /opt/airflow/dags/socar_seismic_etl.py
[2025-12-14T01:09:22.506+0000] {processor.py:914} INFO - Processing file /opt/airflow/dags/socar_seismic_etl.py for tasks to queue
[2025-12-14T01:09:22.507+0000] {logging_mixin.py:190} INFO - [2025-12-14T01:09:22.507+0000] {dagbag.py:588} INFO - Filling up the DagBag from /opt/airflow/dags/socar_seismic_etl.py
[2025-12-14T01:09:22.700+0000] {processor.py:925} INFO - DAG(s) 'socar_seismic_etl' retrieved from /opt/airflow/dags/socar_seismic_etl.py
[2025-12-14T01:09:22.722+0000] {logging_mixin.py:190} INFO - [2025-12-14T01:09:22.722+0000] {dag.py:3239} INFO - Sync 1 DAGs
[2025-12-14T01:09:22.741+0000] {logging_mixin.py:190} INFO - [2025-12-14T01:09:22.741+0000] {dag.py:4180} INFO - Setting next_dagrun for socar_seismic_etl to 2025-12-14 00:00:00+00:00, run_after=2025-12-15 00:00:00+00:00
[2025-12-14T01:09:22.754+0000] {processor.py:208} INFO - Processing /opt/airflow/dags/socar_seismic_etl.py took 0.253 seconds
[2025-12-14T01:09:52.874+0000] {processor.py:186} INFO - Started process (PID=428) to work on /opt/airflow/dags/socar_seismic_etl.py
[2025-12-14T01:09:52.875+0000] {processor.py:914} INFO - Processing file /opt/airflow/dags/socar_seismic_etl.py for tasks to queue
[2025-12-14T01:09:52.876+0000] {logging_mixin.py:190} INFO - [2025-12-14T01:09:52.876+0000] {dagbag.py:588} INFO - Filling up the DagBag from /opt/airflow/dags/socar_seismic_etl.py
[2025-12-14T01:09:53.069+0000] {processor.py:925} INFO - DAG(s) 'socar_seismic_etl' retrieved from /opt/airflow/dags/socar_seismic_etl.py
[2025-12-14T01:09:53.091+0000] {logging_mixin.py:190} INFO - [2025-12-14T01:09:53.091+0000] {dag.py:3239} INFO - Sync 1 DAGs
[2025-12-14T01:09:53.110+0000] {logging_mixin.py:190} INFO - [2025-12-14T01:09:53.110+0000] {dag.py:4180} INFO - Setting next_dagrun for socar_seismic_etl to 2025-12-14 00:00:00+00:00, run_after=2025-12-15 00:00:00+00:00
[2025-12-14T01:09:53.123+0000] {processor.py:208} INFO - Processing /opt/airflow/dags/socar_seismic_etl.py took 0.253 seconds
[2025-12-14T01:10:23.241+0000] {processor.py:186} INFO - Started process (PID=440) to work on /opt/airflow/dags/socar_seismic_etl.py
[2025-12-14T01:10:23.241+0000] {processor.py:914} INFO - Processing file /opt/airflow/dags/socar_seismic_etl.py for tasks to queue
[2025-12-14T01:10:23.243+0000] {logging_mixin.py:190} INFO - [2025-12-14T01:10:23.243+0000] {dagbag.py:588} INFO - Filling up the DagBag from /opt/airflow/dags/socar_seismic_etl.py
[2025-12-14T01:10:23.436+0000] {processor.py:925} INFO - DAG(s) 'socar_seismic_etl' retrieved from /opt/airflow/dags/socar_seismic_etl.py
[2025-12-14T01:10:23.459+0000] {logging_mixin.py:190} INFO - [2025-12-14T01:10:23.458+0000] {dag.py:3239} INFO - Sync 1 DAGs
[2025-12-14T01:10:23.477+0000] {logging_mixin.py:190} INFO - [2025-12-14T01:10:23.477+0000] {dag.py:4180} INFO - Setting next_dagrun for socar_seismic_etl to 2025-12-14 00:00:00+00:00, run_after=2025-12-15 00:00:00+00:00
[2025-12-14T01:10:23.489+0000] {processor.py:208} INFO - Processing /opt/airflow/dags/socar_seismic_etl.py took 0.252 seconds
[2025-12-14T01:10:53.607+0000] {processor.py:186} INFO - Started process (PID=452) to work on /opt/airflow/dags/socar_seismic_etl.py
[2025-12-14T01:10:53.607+0000] {processor.py:914} INFO - Processing file /opt/airflow/dags/socar_seismic_etl.py for tasks to queue
[2025-12-14T01:10:53.609+0000] {logging_mixin.py:190} INFO - [2025-12-14T01:10:53.609+0000] {dagbag.py:588} INFO - Filling up the DagBag from /opt/airflow/dags/socar_seismic_etl.py
[2025-12-14T01:10:53.801+0000] {processor.py:925} INFO - DAG(s) 'socar_seismic_etl' retrieved from /opt/airflow/dags/socar_seismic_etl.py
[2025-12-14T01:10:53.823+0000] {logging_mixin.py:190} INFO - [2025-12-14T01:10:53.823+0000] {dag.py:3239} INFO - Sync 1 DAGs
[2025-12-14T01:10:53.842+0000] {logging_mixin.py:190} INFO - [2025-12-14T01:10:53.842+0000] {dag.py:4180} INFO - Setting next_dagrun for socar_seismic_etl to 2025-12-14 00:00:00+00:00, run_after=2025-12-15 00:00:00+00:00
[2025-12-14T01:10:53.855+0000] {processor.py:208} INFO - Processing /opt/airflow/dags/socar_seismic_etl.py took 0.252 seconds
[2025-12-14T01:11:23.971+0000] {processor.py:186} INFO - Started process (PID=464) to work on /opt/airflow/dags/socar_seismic_etl.py
[2025-12-14T01:11:23.972+0000] {processor.py:914} INFO - Processing file /opt/airflow/dags/socar_seismic_etl.py for tasks to queue
[2025-12-14T01:11:23.973+0000] {logging_mixin.py:190} INFO - [2025-12-14T01:11:23.973+0000] {dagbag.py:588} INFO - Filling up the DagBag from /opt/airflow/dags/socar_seismic_etl.py
[2025-12-14T01:11:24.165+0000] {processor.py:925} INFO - DAG(s) 'socar_seismic_etl' retrieved from /opt/airflow/dags/socar_seismic_etl.py
[2025-12-14T01:11:24.188+0000] {logging_mixin.py:190} INFO - [2025-12-14T01:11:24.188+0000] {dag.py:3239} INFO - Sync 1 DAGs
[2025-12-14T01:11:24.206+0000] {logging_mixin.py:190} INFO - [2025-12-14T01:11:24.206+0000] {dag.py:4180} INFO - Setting next_dagrun for socar_seismic_etl to 2025-12-14 00:00:00+00:00, run_after=2025-12-15 00:00:00+00:00
[2025-12-14T01:11:24.219+0000] {processor.py:208} INFO - Processing /opt/airflow/dags/socar_seismic_etl.py took 0.252 seconds
[2025-12-14T01:11:54.344+0000] {processor.py:186} INFO - Started process (PID=476) to work on /opt/airflow/dags/socar_seismic_etl.py
[2025-12-14T01:11:54.345+0000] {processor.py:914} INFO - Processing file /opt/airflow/dags/socar_seismic_etl.py for tasks to queue
[2025-12-14T01:11:54.346+0000] {logging_mixin.py:190} INFO - [2025-12-14T01:11:54.346+0000] {dagbag.py:588} INFO - Filling up the DagBag from /opt/airflow/dags/socar_seismic_etl.py
[2025-12-14T01:11:54.540+0000] {processor.py:925} INFO - DAG(s) 'socar_seismic_etl' retrieved from /opt/airflow/dags/socar_seismic_etl.py
[2025-12-14T01:11:54.563+0000] {logging_mixin.py:190} INFO - [2025-12-14T01:11:54.563+0000] {dag.py:3239} INFO - Sync 1 DAGs
[2025-12-14T01:11:54.581+0000] {logging_mixin.py:190} INFO - [2025-12-14T01:11:54.581+0000] {dag.py:4180} INFO - Setting next_dagrun for socar_seismic_etl to 2025-12-14 00:00:00+00:00, run_after=2025-12-15 00:00:00+00:00
[2025-12-14T01:11:54.594+0000] {processor.py:208} INFO - Processing /opt/airflow/dags/socar_seismic_etl.py took 0.255 seconds
[2025-12-14T01:12:24.709+0000] {processor.py:186} INFO - Started process (PID=488) to work on /opt/airflow/dags/socar_seismic_etl.py
[2025-12-14T01:12:24.710+0000] {processor.py:914} INFO - Processing file /opt/airflow/dags/socar_seismic_etl.py for tasks to queue
[2025-12-14T01:12:24.711+0000] {logging_mixin.py:190} INFO - [2025-12-14T01:12:24.711+0000] {dagbag.py:588} INFO - Filling up the DagBag from /opt/airflow/dags/socar_seismic_etl.py
[2025-12-14T01:12:24.908+0000] {processor.py:925} INFO - DAG(s) 'socar_seismic_etl' retrieved from /opt/airflow/dags/socar_seismic_etl.py
[2025-12-14T01:12:24.931+0000] {logging_mixin.py:190} INFO - [2025-12-14T01:12:24.930+0000] {dag.py:3239} INFO - Sync 1 DAGs
[2025-12-14T01:12:24.950+0000] {logging_mixin.py:190} INFO - [2025-12-14T01:12:24.950+0000] {dag.py:4180} INFO - Setting next_dagrun for socar_seismic_etl to 2025-12-14 00:00:00+00:00, run_after=2025-12-15 00:00:00+00:00
[2025-12-14T01:12:24.974+0000] {processor.py:208} INFO - Processing /opt/airflow/dags/socar_seismic_etl.py took 0.269 seconds
[2025-12-14T01:12:55.090+0000] {processor.py:186} INFO - Started process (PID=500) to work on /opt/airflow/dags/socar_seismic_etl.py
[2025-12-14T01:12:55.091+0000] {processor.py:914} INFO - Processing file /opt/airflow/dags/socar_seismic_etl.py for tasks to queue
[2025-12-14T01:12:55.093+0000] {logging_mixin.py:190} INFO - [2025-12-14T01:12:55.092+0000] {dagbag.py:588} INFO - Filling up the DagBag from /opt/airflow/dags/socar_seismic_etl.py
[2025-12-14T01:12:55.287+0000] {processor.py:925} INFO - DAG(s) 'socar_seismic_etl' retrieved from /opt/airflow/dags/socar_seismic_etl.py
[2025-12-14T01:12:55.309+0000] {logging_mixin.py:190} INFO - [2025-12-14T01:12:55.309+0000] {dag.py:3239} INFO - Sync 1 DAGs
[2025-12-14T01:12:55.328+0000] {logging_mixin.py:190} INFO - [2025-12-14T01:12:55.328+0000] {dag.py:4180} INFO - Setting next_dagrun for socar_seismic_etl to 2025-12-14 00:00:00+00:00, run_after=2025-12-15 00:00:00+00:00
[2025-12-14T01:12:55.340+0000] {processor.py:208} INFO - Processing /opt/airflow/dags/socar_seismic_etl.py took 0.254 seconds
[2025-12-14T01:13:25.466+0000] {processor.py:186} INFO - Started process (PID=512) to work on /opt/airflow/dags/socar_seismic_etl.py
[2025-12-14T01:13:25.467+0000] {processor.py:914} INFO - Processing file /opt/airflow/dags/socar_seismic_etl.py for tasks to queue
[2025-12-14T01:13:25.468+0000] {logging_mixin.py:190} INFO - [2025-12-14T01:13:25.468+0000] {dagbag.py:588} INFO - Filling up the DagBag from /opt/airflow/dags/socar_seismic_etl.py
[2025-12-14T01:13:25.661+0000] {processor.py:925} INFO - DAG(s) 'socar_seismic_etl' retrieved from /opt/airflow/dags/socar_seismic_etl.py
[2025-12-14T01:13:25.684+0000] {logging_mixin.py:190} INFO - [2025-12-14T01:13:25.684+0000] {dag.py:3239} INFO - Sync 1 DAGs
[2025-12-14T01:13:25.840+0000] {logging_mixin.py:190} INFO - [2025-12-14T01:13:25.840+0000] {dag.py:4180} INFO - Setting next_dagrun for socar_seismic_etl to 2025-12-14 00:00:00+00:00, run_after=2025-12-15 00:00:00+00:00
[2025-12-14T01:13:25.852+0000] {processor.py:208} INFO - Processing /opt/airflow/dags/socar_seismic_etl.py took 0.390 seconds
[2025-12-14T01:13:55.992+0000] {processor.py:186} INFO - Started process (PID=524) to work on /opt/airflow/dags/socar_seismic_etl.py
[2025-12-14T01:13:55.993+0000] {processor.py:914} INFO - Processing file /opt/airflow/dags/socar_seismic_etl.py for tasks to queue
[2025-12-14T01:13:55.994+0000] {logging_mixin.py:190} INFO - [2025-12-14T01:13:55.994+0000] {dagbag.py:588} INFO - Filling up the DagBag from /opt/airflow/dags/socar_seismic_etl.py
[2025-12-14T01:13:56.188+0000] {processor.py:925} INFO - DAG(s) 'socar_seismic_etl' retrieved from /opt/airflow/dags/socar_seismic_etl.py
[2025-12-14T01:13:56.211+0000] {logging_mixin.py:190} INFO - [2025-12-14T01:13:56.211+0000] {dag.py:3239} INFO - Sync 1 DAGs
[2025-12-14T01:13:56.229+0000] {logging_mixin.py:190} INFO - [2025-12-14T01:13:56.229+0000] {dag.py:4180} INFO - Setting next_dagrun for socar_seismic_etl to 2025-12-14 00:00:00+00:00, run_after=2025-12-15 00:00:00+00:00
[2025-12-14T01:13:56.242+0000] {processor.py:208} INFO - Processing /opt/airflow/dags/socar_seismic_etl.py took 0.254 seconds
[2025-12-14T01:14:26.360+0000] {processor.py:186} INFO - Started process (PID=536) to work on /opt/airflow/dags/socar_seismic_etl.py
[2025-12-14T01:14:26.361+0000] {processor.py:914} INFO - Processing file /opt/airflow/dags/socar_seismic_etl.py for tasks to queue
[2025-12-14T01:14:26.362+0000] {logging_mixin.py:190} INFO - [2025-12-14T01:14:26.362+0000] {dagbag.py:588} INFO - Filling up the DagBag from /opt/airflow/dags/socar_seismic_etl.py
[2025-12-14T01:14:26.556+0000] {processor.py:925} INFO - DAG(s) 'socar_seismic_etl' retrieved from /opt/airflow/dags/socar_seismic_etl.py
[2025-12-14T01:14:26.578+0000] {logging_mixin.py:190} INFO - [2025-12-14T01:14:26.578+0000] {dag.py:3239} INFO - Sync 1 DAGs
[2025-12-14T01:14:26.598+0000] {logging_mixin.py:190} INFO - [2025-12-14T01:14:26.597+0000] {dag.py:4180} INFO - Setting next_dagrun for socar_seismic_etl to 2025-12-14 00:00:00+00:00, run_after=2025-12-15 00:00:00+00:00
[2025-12-14T01:14:26.746+0000] {processor.py:208} INFO - Processing /opt/airflow/dags/socar_seismic_etl.py took 0.390 seconds
[2025-12-14T01:14:56.888+0000] {processor.py:186} INFO - Started process (PID=548) to work on /opt/airflow/dags/socar_seismic_etl.py
[2025-12-14T01:14:56.889+0000] {processor.py:914} INFO - Processing file /opt/airflow/dags/socar_seismic_etl.py for tasks to queue
[2025-12-14T01:14:56.890+0000] {logging_mixin.py:190} INFO - [2025-12-14T01:14:56.890+0000] {dagbag.py:588} INFO - Filling up the DagBag from /opt/airflow/dags/socar_seismic_etl.py
[2025-12-14T01:14:57.084+0000] {processor.py:925} INFO - DAG(s) 'socar_seismic_etl' retrieved from /opt/airflow/dags/socar_seismic_etl.py
[2025-12-14T01:14:57.107+0000] {logging_mixin.py:190} INFO - [2025-12-14T01:14:57.107+0000] {dag.py:3239} INFO - Sync 1 DAGs
[2025-12-14T01:14:57.125+0000] {logging_mixin.py:190} INFO - [2025-12-14T01:14:57.125+0000] {dag.py:4180} INFO - Setting next_dagrun for socar_seismic_etl to 2025-12-14 00:00:00+00:00, run_after=2025-12-15 00:00:00+00:00
[2025-12-14T01:14:57.138+0000] {processor.py:208} INFO - Processing /opt/airflow/dags/socar_seismic_etl.py took 0.254 seconds
[2025-12-14T01:15:27.255+0000] {processor.py:186} INFO - Started process (PID=560) to work on /opt/airflow/dags/socar_seismic_etl.py
[2025-12-14T01:15:27.256+0000] {processor.py:914} INFO - Processing file /opt/airflow/dags/socar_seismic_etl.py for tasks to queue
[2025-12-14T01:15:27.257+0000] {logging_mixin.py:190} INFO - [2025-12-14T01:15:27.257+0000] {dagbag.py:588} INFO - Filling up the DagBag from /opt/airflow/dags/socar_seismic_etl.py
[2025-12-14T01:15:27.451+0000] {processor.py:925} INFO - DAG(s) 'socar_seismic_etl' retrieved from /opt/airflow/dags/socar_seismic_etl.py
[2025-12-14T01:15:27.474+0000] {logging_mixin.py:190} INFO - [2025-12-14T01:15:27.474+0000] {dag.py:3239} INFO - Sync 1 DAGs
[2025-12-14T01:15:27.493+0000] {logging_mixin.py:190} INFO - [2025-12-14T01:15:27.493+0000] {dag.py:4180} INFO - Setting next_dagrun for socar_seismic_etl to 2025-12-14 00:00:00+00:00, run_after=2025-12-15 00:00:00+00:00
[2025-12-14T01:15:27.506+0000] {processor.py:208} INFO - Processing /opt/airflow/dags/socar_seismic_etl.py took 0.255 seconds
[2025-12-14T01:15:57.630+0000] {processor.py:186} INFO - Started process (PID=572) to work on /opt/airflow/dags/socar_seismic_etl.py
[2025-12-14T01:15:57.631+0000] {processor.py:914} INFO - Processing file /opt/airflow/dags/socar_seismic_etl.py for tasks to queue
[2025-12-14T01:15:57.632+0000] {logging_mixin.py:190} INFO - [2025-12-14T01:15:57.632+0000] {dagbag.py:588} INFO - Filling up the DagBag from /opt/airflow/dags/socar_seismic_etl.py
[2025-12-14T01:15:57.828+0000] {processor.py:925} INFO - DAG(s) 'socar_seismic_etl' retrieved from /opt/airflow/dags/socar_seismic_etl.py
[2025-12-14T01:15:57.851+0000] {logging_mixin.py:190} INFO - [2025-12-14T01:15:57.851+0000] {dag.py:3239} INFO - Sync 1 DAGs
[2025-12-14T01:15:58.009+0000] {logging_mixin.py:190} INFO - [2025-12-14T01:15:58.008+0000] {dag.py:4180} INFO - Setting next_dagrun for socar_seismic_etl to 2025-12-14 00:00:00+00:00, run_after=2025-12-15 00:00:00+00:00
[2025-12-14T01:15:58.020+0000] {processor.py:208} INFO - Processing /opt/airflow/dags/socar_seismic_etl.py took 0.394 seconds
[2025-12-14T01:16:28.158+0000] {processor.py:186} INFO - Started process (PID=584) to work on /opt/airflow/dags/socar_seismic_etl.py
[2025-12-14T01:16:28.159+0000] {processor.py:914} INFO - Processing file /opt/airflow/dags/socar_seismic_etl.py for tasks to queue
[2025-12-14T01:16:28.160+0000] {logging_mixin.py:190} INFO - [2025-12-14T01:16:28.160+0000] {dagbag.py:588} INFO - Filling up the DagBag from /opt/airflow/dags/socar_seismic_etl.py
[2025-12-14T01:16:28.355+0000] {processor.py:925} INFO - DAG(s) 'socar_seismic_etl' retrieved from /opt/airflow/dags/socar_seismic_etl.py
[2025-12-14T01:16:28.377+0000] {logging_mixin.py:190} INFO - [2025-12-14T01:16:28.377+0000] {dag.py:3239} INFO - Sync 1 DAGs
[2025-12-14T01:16:28.396+0000] {logging_mixin.py:190} INFO - [2025-12-14T01:16:28.396+0000] {dag.py:4180} INFO - Setting next_dagrun for socar_seismic_etl to 2025-12-14 00:00:00+00:00, run_after=2025-12-15 00:00:00+00:00
[2025-12-14T01:16:28.408+0000] {processor.py:208} INFO - Processing /opt/airflow/dags/socar_seismic_etl.py took 0.254 seconds
[2025-12-14T01:16:58.523+0000] {processor.py:186} INFO - Started process (PID=596) to work on /opt/airflow/dags/socar_seismic_etl.py
[2025-12-14T01:16:58.524+0000] {processor.py:914} INFO - Processing file /opt/airflow/dags/socar_seismic_etl.py for tasks to queue
[2025-12-14T01:16:58.525+0000] {logging_mixin.py:190} INFO - [2025-12-14T01:16:58.525+0000] {dagbag.py:588} INFO - Filling up the DagBag from /opt/airflow/dags/socar_seismic_etl.py
[2025-12-14T01:16:58.719+0000] {processor.py:925} INFO - DAG(s) 'socar_seismic_etl' retrieved from /opt/airflow/dags/socar_seismic_etl.py
[2025-12-14T01:16:58.741+0000] {logging_mixin.py:190} INFO - [2025-12-14T01:16:58.741+0000] {dag.py:3239} INFO - Sync 1 DAGs
[2025-12-14T01:16:58.898+0000] {logging_mixin.py:190} INFO - [2025-12-14T01:16:58.898+0000] {dag.py:4180} INFO - Setting next_dagrun for socar_seismic_etl to 2025-12-14 00:00:00+00:00, run_after=2025-12-15 00:00:00+00:00
[2025-12-14T01:16:58.911+0000] {processor.py:208} INFO - Processing /opt/airflow/dags/socar_seismic_etl.py took 0.392 seconds
[2025-12-14T01:17:29.049+0000] {processor.py:186} INFO - Started process (PID=608) to work on /opt/airflow/dags/socar_seismic_etl.py
[2025-12-14T01:17:29.050+0000] {processor.py:914} INFO - Processing file /opt/airflow/dags/socar_seismic_etl.py for tasks to queue
[2025-12-14T01:17:29.051+0000] {logging_mixin.py:190} INFO - [2025-12-14T01:17:29.051+0000] {dagbag.py:588} INFO - Filling up the DagBag from /opt/airflow/dags/socar_seismic_etl.py
[2025-12-14T01:17:29.244+0000] {processor.py:925} INFO - DAG(s) 'socar_seismic_etl' retrieved from /opt/airflow/dags/socar_seismic_etl.py
[2025-12-14T01:17:29.268+0000] {logging_mixin.py:190} INFO - [2025-12-14T01:17:29.268+0000] {dag.py:3239} INFO - Sync 1 DAGs
[2025-12-14T01:17:29.286+0000] {logging_mixin.py:190} INFO - [2025-12-14T01:17:29.286+0000] {dag.py:4180} INFO - Setting next_dagrun for socar_seismic_etl to 2025-12-14 00:00:00+00:00, run_after=2025-12-15 00:00:00+00:00
[2025-12-14T01:17:29.299+0000] {processor.py:208} INFO - Processing /opt/airflow/dags/socar_seismic_etl.py took 0.254 seconds
[2025-12-14T01:17:59.418+0000] {processor.py:186} INFO - Started process (PID=620) to work on /opt/airflow/dags/socar_seismic_etl.py
[2025-12-14T01:17:59.418+0000] {processor.py:914} INFO - Processing file /opt/airflow/dags/socar_seismic_etl.py for tasks to queue
[2025-12-14T01:17:59.420+0000] {logging_mixin.py:190} INFO - [2025-12-14T01:17:59.420+0000] {dagbag.py:588} INFO - Filling up the DagBag from /opt/airflow/dags/socar_seismic_etl.py
[2025-12-14T01:17:59.613+0000] {processor.py:925} INFO - DAG(s) 'socar_seismic_etl' retrieved from /opt/airflow/dags/socar_seismic_etl.py
[2025-12-14T01:17:59.636+0000] {logging_mixin.py:190} INFO - [2025-12-14T01:17:59.636+0000] {dag.py:3239} INFO - Sync 1 DAGs
[2025-12-14T01:17:59.654+0000] {logging_mixin.py:190} INFO - [2025-12-14T01:17:59.654+0000] {dag.py:4180} INFO - Setting next_dagrun for socar_seismic_etl to 2025-12-14 00:00:00+00:00, run_after=2025-12-15 00:00:00+00:00
[2025-12-14T01:17:59.667+0000] {processor.py:208} INFO - Processing /opt/airflow/dags/socar_seismic_etl.py took 0.253 seconds
[2025-12-14T01:18:29.783+0000] {processor.py:186} INFO - Started process (PID=632) to work on /opt/airflow/dags/socar_seismic_etl.py
[2025-12-14T01:18:29.784+0000] {processor.py:914} INFO - Processing file /opt/airflow/dags/socar_seismic_etl.py for tasks to queue
[2025-12-14T01:18:29.785+0000] {logging_mixin.py:190} INFO - [2025-12-14T01:18:29.785+0000] {dagbag.py:588} INFO - Filling up the DagBag from /opt/airflow/dags/socar_seismic_etl.py
[2025-12-14T01:18:29.980+0000] {processor.py:925} INFO - DAG(s) 'socar_seismic_etl' retrieved from /opt/airflow/dags/socar_seismic_etl.py
[2025-12-14T01:18:30.002+0000] {logging_mixin.py:190} INFO - [2025-12-14T01:18:30.002+0000] {dag.py:3239} INFO - Sync 1 DAGs
[2025-12-14T01:18:30.158+0000] {logging_mixin.py:190} INFO - [2025-12-14T01:18:30.158+0000] {dag.py:4180} INFO - Setting next_dagrun for socar_seismic_etl to 2025-12-14 00:00:00+00:00, run_after=2025-12-15 00:00:00+00:00
[2025-12-14T01:18:30.170+0000] {processor.py:208} INFO - Processing /opt/airflow/dags/socar_seismic_etl.py took 0.391 seconds
[2025-12-14T01:19:00.310+0000] {processor.py:186} INFO - Started process (PID=644) to work on /opt/airflow/dags/socar_seismic_etl.py
[2025-12-14T01:19:00.310+0000] {processor.py:914} INFO - Processing file /opt/airflow/dags/socar_seismic_etl.py for tasks to queue
[2025-12-14T01:19:00.312+0000] {logging_mixin.py:190} INFO - [2025-12-14T01:19:00.311+0000] {dagbag.py:588} INFO - Filling up the DagBag from /opt/airflow/dags/socar_seismic_etl.py
[2025-12-14T01:19:00.644+0000] {processor.py:925} INFO - DAG(s) 'socar_seismic_etl' retrieved from /opt/airflow/dags/socar_seismic_etl.py
[2025-12-14T01:19:00.663+0000] {logging_mixin.py:190} INFO - [2025-12-14T01:19:00.663+0000] {dag.py:3239} INFO - Sync 1 DAGs
[2025-12-14T01:19:00.679+0000] {logging_mixin.py:190} INFO - [2025-12-14T01:19:00.679+0000] {dag.py:4180} INFO - Setting next_dagrun for socar_seismic_etl to 2025-12-14 00:00:00+00:00, run_after=2025-12-15 00:00:00+00:00
[2025-12-14T01:19:00.691+0000] {processor.py:208} INFO - Processing /opt/airflow/dags/socar_seismic_etl.py took 0.385 seconds
[2025-12-14T01:19:30.832+0000] {processor.py:186} INFO - Started process (PID=656) to work on /opt/airflow/dags/socar_seismic_etl.py
[2025-12-14T01:19:30.833+0000] {processor.py:914} INFO - Processing file /opt/airflow/dags/socar_seismic_etl.py for tasks to queue
[2025-12-14T01:19:30.834+0000] {logging_mixin.py:190} INFO - [2025-12-14T01:19:30.834+0000] {dagbag.py:588} INFO - Filling up the DagBag from /opt/airflow/dags/socar_seismic_etl.py
[2025-12-14T01:19:31.027+0000] {processor.py:925} INFO - DAG(s) 'socar_seismic_etl' retrieved from /opt/airflow/dags/socar_seismic_etl.py
[2025-12-14T01:19:31.049+0000] {logging_mixin.py:190} INFO - [2025-12-14T01:19:31.049+0000] {dag.py:3239} INFO - Sync 1 DAGs
[2025-12-14T01:19:31.202+0000] {logging_mixin.py:190} INFO - [2025-12-14T01:19:31.202+0000] {dag.py:4180} INFO - Setting next_dagrun for socar_seismic_etl to 2025-12-14 00:00:00+00:00, run_after=2025-12-15 00:00:00+00:00
[2025-12-14T01:19:31.215+0000] {processor.py:208} INFO - Processing /opt/airflow/dags/socar_seismic_etl.py took 0.387 seconds
[2025-12-14T01:20:01.355+0000] {processor.py:186} INFO - Started process (PID=668) to work on /opt/airflow/dags/socar_seismic_etl.py
[2025-12-14T01:20:01.355+0000] {processor.py:914} INFO - Processing file /opt/airflow/dags/socar_seismic_etl.py for tasks to queue
[2025-12-14T01:20:01.357+0000] {logging_mixin.py:190} INFO - [2025-12-14T01:20:01.357+0000] {dagbag.py:588} INFO - Filling up the DagBag from /opt/airflow/dags/socar_seismic_etl.py
[2025-12-14T01:20:01.549+0000] {processor.py:925} INFO - DAG(s) 'socar_seismic_etl' retrieved from /opt/airflow/dags/socar_seismic_etl.py
[2025-12-14T01:20:01.707+0000] {logging_mixin.py:190} INFO - [2025-12-14T01:20:01.707+0000] {dag.py:3239} INFO - Sync 1 DAGs
[2025-12-14T01:20:01.723+0000] {logging_mixin.py:190} INFO - [2025-12-14T01:20:01.723+0000] {dag.py:4180} INFO - Setting next_dagrun for socar_seismic_etl to 2025-12-14 00:00:00+00:00, run_after=2025-12-15 00:00:00+00:00
[2025-12-14T01:20:01.735+0000] {processor.py:208} INFO - Processing /opt/airflow/dags/socar_seismic_etl.py took 0.384 seconds
[2025-12-14T01:20:31.874+0000] {processor.py:186} INFO - Started process (PID=680) to work on /opt/airflow/dags/socar_seismic_etl.py
[2025-12-14T01:20:31.875+0000] {processor.py:914} INFO - Processing file /opt/airflow/dags/socar_seismic_etl.py for tasks to queue
[2025-12-14T01:20:31.876+0000] {logging_mixin.py:190} INFO - [2025-12-14T01:20:31.876+0000] {dagbag.py:588} INFO - Filling up the DagBag from /opt/airflow/dags/socar_seismic_etl.py
[2025-12-14T01:20:32.069+0000] {processor.py:925} INFO - DAG(s) 'socar_seismic_etl' retrieved from /opt/airflow/dags/socar_seismic_etl.py
[2025-12-14T01:20:32.092+0000] {logging_mixin.py:190} INFO - [2025-12-14T01:20:32.092+0000] {dag.py:3239} INFO - Sync 1 DAGs
[2025-12-14T01:20:32.111+0000] {logging_mixin.py:190} INFO - [2025-12-14T01:20:32.111+0000] {dag.py:4180} INFO - Setting next_dagrun for socar_seismic_etl to 2025-12-14 00:00:00+00:00, run_after=2025-12-15 00:00:00+00:00
[2025-12-14T01:20:32.263+0000] {processor.py:208} INFO - Processing /opt/airflow/dags/socar_seismic_etl.py took 0.393 seconds
[2025-12-14T01:21:02.404+0000] {processor.py:186} INFO - Started process (PID=692) to work on /opt/airflow/dags/socar_seismic_etl.py
[2025-12-14T01:21:02.405+0000] {processor.py:914} INFO - Processing file /opt/airflow/dags/socar_seismic_etl.py for tasks to queue
[2025-12-14T01:21:02.406+0000] {logging_mixin.py:190} INFO - [2025-12-14T01:21:02.406+0000] {dagbag.py:588} INFO - Filling up the DagBag from /opt/airflow/dags/socar_seismic_etl.py
[2025-12-14T01:21:02.599+0000] {processor.py:925} INFO - DAG(s) 'socar_seismic_etl' retrieved from /opt/airflow/dags/socar_seismic_etl.py
[2025-12-14T01:21:02.622+0000] {logging_mixin.py:190} INFO - [2025-12-14T01:21:02.622+0000] {dag.py:3239} INFO - Sync 1 DAGs
[2025-12-14T01:21:02.777+0000] {logging_mixin.py:190} INFO - [2025-12-14T01:21:02.776+0000] {dag.py:4180} INFO - Setting next_dagrun for socar_seismic_etl to 2025-12-14 00:00:00+00:00, run_after=2025-12-15 00:00:00+00:00
[2025-12-14T01:21:02.789+0000] {processor.py:208} INFO - Processing /opt/airflow/dags/socar_seismic_etl.py took 0.389 seconds
[2025-12-14T01:21:32.930+0000] {processor.py:186} INFO - Started process (PID=704) to work on /opt/airflow/dags/socar_seismic_etl.py
[2025-12-14T01:21:32.930+0000] {processor.py:914} INFO - Processing file /opt/airflow/dags/socar_seismic_etl.py for tasks to queue
[2025-12-14T01:21:32.932+0000] {logging_mixin.py:190} INFO - [2025-12-14T01:21:32.932+0000] {dagbag.py:588} INFO - Filling up the DagBag from /opt/airflow/dags/socar_seismic_etl.py
[2025-12-14T01:21:33.284+0000] {processor.py:925} INFO - DAG(s) 'socar_seismic_etl' retrieved from /opt/airflow/dags/socar_seismic_etl.py
[2025-12-14T01:21:33.304+0000] {logging_mixin.py:190} INFO - [2025-12-14T01:21:33.304+0000] {dag.py:3239} INFO - Sync 1 DAGs
[2025-12-14T01:21:33.320+0000] {logging_mixin.py:190} INFO - [2025-12-14T01:21:33.320+0000] {dag.py:4180} INFO - Setting next_dagrun for socar_seismic_etl to 2025-12-14 00:00:00+00:00, run_after=2025-12-15 00:00:00+00:00
[2025-12-14T01:21:33.332+0000] {processor.py:208} INFO - Processing /opt/airflow/dags/socar_seismic_etl.py took 0.406 seconds
[2025-12-14T01:22:03.472+0000] {processor.py:186} INFO - Started process (PID=716) to work on /opt/airflow/dags/socar_seismic_etl.py
[2025-12-14T01:22:03.472+0000] {processor.py:914} INFO - Processing file /opt/airflow/dags/socar_seismic_etl.py for tasks to queue
[2025-12-14T01:22:03.474+0000] {logging_mixin.py:190} INFO - [2025-12-14T01:22:03.473+0000] {dagbag.py:588} INFO - Filling up the DagBag from /opt/airflow/dags/socar_seismic_etl.py
[2025-12-14T01:22:03.808+0000] {processor.py:925} INFO - DAG(s) 'socar_seismic_etl' retrieved from /opt/airflow/dags/socar_seismic_etl.py
[2025-12-14T01:22:03.828+0000] {logging_mixin.py:190} INFO - [2025-12-14T01:22:03.827+0000] {dag.py:3239} INFO - Sync 1 DAGs
[2025-12-14T01:22:03.844+0000] {logging_mixin.py:190} INFO - [2025-12-14T01:22:03.844+0000] {dag.py:4180} INFO - Setting next_dagrun for socar_seismic_etl to 2025-12-14 00:00:00+00:00, run_after=2025-12-15 00:00:00+00:00
[2025-12-14T01:22:03.858+0000] {processor.py:208} INFO - Processing /opt/airflow/dags/socar_seismic_etl.py took 0.390 seconds
[2025-12-14T01:22:33.999+0000] {processor.py:186} INFO - Started process (PID=728) to work on /opt/airflow/dags/socar_seismic_etl.py
[2025-12-14T01:22:34.000+0000] {processor.py:914} INFO - Processing file /opt/airflow/dags/socar_seismic_etl.py for tasks to queue
[2025-12-14T01:22:34.001+0000] {logging_mixin.py:190} INFO - [2025-12-14T01:22:34.001+0000] {dagbag.py:588} INFO - Filling up the DagBag from /opt/airflow/dags/socar_seismic_etl.py
[2025-12-14T01:22:34.336+0000] {processor.py:925} INFO - DAG(s) 'socar_seismic_etl' retrieved from /opt/airflow/dags/socar_seismic_etl.py
[2025-12-14T01:22:34.356+0000] {logging_mixin.py:190} INFO - [2025-12-14T01:22:34.355+0000] {dag.py:3239} INFO - Sync 1 DAGs
[2025-12-14T01:22:34.372+0000] {logging_mixin.py:190} INFO - [2025-12-14T01:22:34.371+0000] {dag.py:4180} INFO - Setting next_dagrun for socar_seismic_etl to 2025-12-14 00:00:00+00:00, run_after=2025-12-15 00:00:00+00:00
[2025-12-14T01:22:34.383+0000] {processor.py:208} INFO - Processing /opt/airflow/dags/socar_seismic_etl.py took 0.388 seconds
[2025-12-14T01:23:04.522+0000] {processor.py:186} INFO - Started process (PID=740) to work on /opt/airflow/dags/socar_seismic_etl.py
[2025-12-14T01:23:04.522+0000] {processor.py:914} INFO - Processing file /opt/airflow/dags/socar_seismic_etl.py for tasks to queue
[2025-12-14T01:23:04.524+0000] {logging_mixin.py:190} INFO - [2025-12-14T01:23:04.524+0000] {dagbag.py:588} INFO - Filling up the DagBag from /opt/airflow/dags/socar_seismic_etl.py
[2025-12-14T01:23:04.856+0000] {processor.py:925} INFO - DAG(s) 'socar_seismic_etl' retrieved from /opt/airflow/dags/socar_seismic_etl.py
[2025-12-14T01:23:04.875+0000] {logging_mixin.py:190} INFO - [2025-12-14T01:23:04.875+0000] {dag.py:3239} INFO - Sync 1 DAGs
[2025-12-14T01:23:04.892+0000] {logging_mixin.py:190} INFO - [2025-12-14T01:23:04.892+0000] {dag.py:4180} INFO - Setting next_dagrun for socar_seismic_etl to 2025-12-14 00:00:00+00:00, run_after=2025-12-15 00:00:00+00:00
[2025-12-14T01:23:04.904+0000] {processor.py:208} INFO - Processing /opt/airflow/dags/socar_seismic_etl.py took 0.386 seconds
[2025-12-14T01:23:35.043+0000] {processor.py:186} INFO - Started process (PID=752) to work on /opt/airflow/dags/socar_seismic_etl.py
[2025-12-14T01:23:35.044+0000] {processor.py:914} INFO - Processing file /opt/airflow/dags/socar_seismic_etl.py for tasks to queue
[2025-12-14T01:23:35.046+0000] {logging_mixin.py:190} INFO - [2025-12-14T01:23:35.045+0000] {dagbag.py:588} INFO - Filling up the DagBag from /opt/airflow/dags/socar_seismic_etl.py
[2025-12-14T01:23:35.239+0000] {processor.py:925} INFO - DAG(s) 'socar_seismic_etl' retrieved from /opt/airflow/dags/socar_seismic_etl.py
[2025-12-14T01:23:35.403+0000] {logging_mixin.py:190} INFO - [2025-12-14T01:23:35.403+0000] {dag.py:3239} INFO - Sync 1 DAGs
[2025-12-14T01:23:35.420+0000] {logging_mixin.py:190} INFO - [2025-12-14T01:23:35.420+0000] {dag.py:4180} INFO - Setting next_dagrun for socar_seismic_etl to 2025-12-14 00:00:00+00:00, run_after=2025-12-15 00:00:00+00:00
[2025-12-14T01:23:35.432+0000] {processor.py:208} INFO - Processing /opt/airflow/dags/socar_seismic_etl.py took 0.392 seconds
[2025-12-14T01:24:05.571+0000] {processor.py:186} INFO - Started process (PID=764) to work on /opt/airflow/dags/socar_seismic_etl.py
[2025-12-14T01:24:05.571+0000] {processor.py:914} INFO - Processing file /opt/airflow/dags/socar_seismic_etl.py for tasks to queue
[2025-12-14T01:24:05.573+0000] {logging_mixin.py:190} INFO - [2025-12-14T01:24:05.572+0000] {dagbag.py:588} INFO - Filling up the DagBag from /opt/airflow/dags/socar_seismic_etl.py
[2025-12-14T01:24:05.906+0000] {processor.py:925} INFO - DAG(s) 'socar_seismic_etl' retrieved from /opt/airflow/dags/socar_seismic_etl.py
[2025-12-14T01:24:05.925+0000] {logging_mixin.py:190} INFO - [2025-12-14T01:24:05.925+0000] {dag.py:3239} INFO - Sync 1 DAGs
[2025-12-14T01:24:05.941+0000] {logging_mixin.py:190} INFO - [2025-12-14T01:24:05.941+0000] {dag.py:4180} INFO - Setting next_dagrun for socar_seismic_etl to 2025-12-14 00:00:00+00:00, run_after=2025-12-15 00:00:00+00:00
[2025-12-14T01:24:05.952+0000] {processor.py:208} INFO - Processing /opt/airflow/dags/socar_seismic_etl.py took 0.386 seconds
[2025-12-14T01:24:36.093+0000] {processor.py:186} INFO - Started process (PID=776) to work on /opt/airflow/dags/socar_seismic_etl.py
[2025-12-14T01:24:36.094+0000] {processor.py:914} INFO - Processing file /opt/airflow/dags/socar_seismic_etl.py for tasks to queue
[2025-12-14T01:24:36.095+0000] {logging_mixin.py:190} INFO - [2025-12-14T01:24:36.095+0000] {dagbag.py:588} INFO - Filling up the DagBag from /opt/airflow/dags/socar_seismic_etl.py
[2025-12-14T01:24:36.425+0000] {processor.py:925} INFO - DAG(s) 'socar_seismic_etl' retrieved from /opt/airflow/dags/socar_seismic_etl.py
[2025-12-14T01:24:36.445+0000] {logging_mixin.py:190} INFO - [2025-12-14T01:24:36.444+0000] {dag.py:3239} INFO - Sync 1 DAGs
[2025-12-14T01:24:36.461+0000] {logging_mixin.py:190} INFO - [2025-12-14T01:24:36.461+0000] {dag.py:4180} INFO - Setting next_dagrun for socar_seismic_etl to 2025-12-14 00:00:00+00:00, run_after=2025-12-15 00:00:00+00:00
[2025-12-14T01:24:36.473+0000] {processor.py:208} INFO - Processing /opt/airflow/dags/socar_seismic_etl.py took 0.385 seconds
[2025-12-14T01:25:06.616+0000] {processor.py:186} INFO - Started process (PID=788) to work on /opt/airflow/dags/socar_seismic_etl.py
[2025-12-14T01:25:06.616+0000] {processor.py:914} INFO - Processing file /opt/airflow/dags/socar_seismic_etl.py for tasks to queue
[2025-12-14T01:25:06.618+0000] {logging_mixin.py:190} INFO - [2025-12-14T01:25:06.618+0000] {dagbag.py:588} INFO - Filling up the DagBag from /opt/airflow/dags/socar_seismic_etl.py
[2025-12-14T01:25:06.951+0000] {processor.py:925} INFO - DAG(s) 'socar_seismic_etl' retrieved from /opt/airflow/dags/socar_seismic_etl.py
[2025-12-14T01:25:06.970+0000] {logging_mixin.py:190} INFO - [2025-12-14T01:25:06.970+0000] {dag.py:3239} INFO - Sync 1 DAGs
[2025-12-14T01:25:06.987+0000] {logging_mixin.py:190} INFO - [2025-12-14T01:25:06.986+0000] {dag.py:4180} INFO - Setting next_dagrun for socar_seismic_etl to 2025-12-14 00:00:00+00:00, run_after=2025-12-15 00:00:00+00:00
[2025-12-14T01:25:06.998+0000] {processor.py:208} INFO - Processing /opt/airflow/dags/socar_seismic_etl.py took 0.386 seconds
[2025-12-14T01:25:37.135+0000] {processor.py:186} INFO - Started process (PID=800) to work on /opt/airflow/dags/socar_seismic_etl.py
[2025-12-14T01:25:37.135+0000] {processor.py:914} INFO - Processing file /opt/airflow/dags/socar_seismic_etl.py for tasks to queue
[2025-12-14T01:25:37.137+0000] {logging_mixin.py:190} INFO - [2025-12-14T01:25:37.137+0000] {dagbag.py:588} INFO - Filling up the DagBag from /opt/airflow/dags/socar_seismic_etl.py
[2025-12-14T01:25:37.468+0000] {processor.py:925} INFO - DAG(s) 'socar_seismic_etl' retrieved from /opt/airflow/dags/socar_seismic_etl.py
[2025-12-14T01:25:37.488+0000] {logging_mixin.py:190} INFO - [2025-12-14T01:25:37.487+0000] {dag.py:3239} INFO - Sync 1 DAGs
[2025-12-14T01:25:37.504+0000] {logging_mixin.py:190} INFO - [2025-12-14T01:25:37.504+0000] {dag.py:4180} INFO - Setting next_dagrun for socar_seismic_etl to 2025-12-14 00:00:00+00:00, run_after=2025-12-15 00:00:00+00:00
[2025-12-14T01:25:37.516+0000] {processor.py:208} INFO - Processing /opt/airflow/dags/socar_seismic_etl.py took 0.385 seconds
[2025-12-14T01:26:07.655+0000] {processor.py:186} INFO - Started process (PID=812) to work on /opt/airflow/dags/socar_seismic_etl.py
[2025-12-14T01:26:07.656+0000] {processor.py:914} INFO - Processing file /opt/airflow/dags/socar_seismic_etl.py for tasks to queue
[2025-12-14T01:26:07.657+0000] {logging_mixin.py:190} INFO - [2025-12-14T01:26:07.657+0000] {dagbag.py:588} INFO - Filling up the DagBag from /opt/airflow/dags/socar_seismic_etl.py
[2025-12-14T01:26:07.988+0000] {processor.py:925} INFO - DAG(s) 'socar_seismic_etl' retrieved from /opt/airflow/dags/socar_seismic_etl.py
[2025-12-14T01:26:08.008+0000] {logging_mixin.py:190} INFO - [2025-12-14T01:26:08.007+0000] {dag.py:3239} INFO - Sync 1 DAGs
[2025-12-14T01:26:08.024+0000] {logging_mixin.py:190} INFO - [2025-12-14T01:26:08.024+0000] {dag.py:4180} INFO - Setting next_dagrun for socar_seismic_etl to 2025-12-14 00:00:00+00:00, run_after=2025-12-15 00:00:00+00:00
[2025-12-14T01:26:08.035+0000] {processor.py:208} INFO - Processing /opt/airflow/dags/socar_seismic_etl.py took 0.384 seconds
[2025-12-14T01:26:38.176+0000] {processor.py:186} INFO - Started process (PID=824) to work on /opt/airflow/dags/socar_seismic_etl.py
[2025-12-14T01:26:38.177+0000] {processor.py:914} INFO - Processing file /opt/airflow/dags/socar_seismic_etl.py for tasks to queue
[2025-12-14T01:26:38.178+0000] {logging_mixin.py:190} INFO - [2025-12-14T01:26:38.178+0000] {dagbag.py:588} INFO - Filling up the DagBag from /opt/airflow/dags/socar_seismic_etl.py
[2025-12-14T01:26:38.509+0000] {processor.py:925} INFO - DAG(s) 'socar_seismic_etl' retrieved from /opt/airflow/dags/socar_seismic_etl.py
[2025-12-14T01:26:38.529+0000] {logging_mixin.py:190} INFO - [2025-12-14T01:26:38.528+0000] {dag.py:3239} INFO - Sync 1 DAGs
[2025-12-14T01:26:38.545+0000] {logging_mixin.py:190} INFO - [2025-12-14T01:26:38.545+0000] {dag.py:4180} INFO - Setting next_dagrun for socar_seismic_etl to 2025-12-14 00:00:00+00:00, run_after=2025-12-15 00:00:00+00:00
[2025-12-14T01:26:38.558+0000] {processor.py:208} INFO - Processing /opt/airflow/dags/socar_seismic_etl.py took 0.387 seconds
[2025-12-14T01:27:08.701+0000] {processor.py:186} INFO - Started process (PID=836) to work on /opt/airflow/dags/socar_seismic_etl.py
[2025-12-14T01:27:08.702+0000] {processor.py:914} INFO - Processing file /opt/airflow/dags/socar_seismic_etl.py for tasks to queue
[2025-12-14T01:27:08.703+0000] {logging_mixin.py:190} INFO - [2025-12-14T01:27:08.703+0000] {dagbag.py:588} INFO - Filling up the DagBag from /opt/airflow/dags/socar_seismic_etl.py
[2025-12-14T01:27:09.036+0000] {processor.py:925} INFO - DAG(s) 'socar_seismic_etl' retrieved from /opt/airflow/dags/socar_seismic_etl.py
[2025-12-14T01:27:09.055+0000] {logging_mixin.py:190} INFO - [2025-12-14T01:27:09.055+0000] {dag.py:3239} INFO - Sync 1 DAGs
[2025-12-14T01:27:09.072+0000] {logging_mixin.py:190} INFO - [2025-12-14T01:27:09.072+0000] {dag.py:4180} INFO - Setting next_dagrun for socar_seismic_etl to 2025-12-14 00:00:00+00:00, run_after=2025-12-15 00:00:00+00:00
[2025-12-14T01:27:09.083+0000] {processor.py:208} INFO - Processing /opt/airflow/dags/socar_seismic_etl.py took 0.387 seconds
[2025-12-14T01:27:39.222+0000] {processor.py:186} INFO - Started process (PID=848) to work on /opt/airflow/dags/socar_seismic_etl.py
[2025-12-14T01:27:39.223+0000] {processor.py:914} INFO - Processing file /opt/airflow/dags/socar_seismic_etl.py for tasks to queue
[2025-12-14T01:27:39.224+0000] {logging_mixin.py:190} INFO - [2025-12-14T01:27:39.224+0000] {dagbag.py:588} INFO - Filling up the DagBag from /opt/airflow/dags/socar_seismic_etl.py
[2025-12-14T01:27:39.557+0000] {processor.py:925} INFO - DAG(s) 'socar_seismic_etl' retrieved from /opt/airflow/dags/socar_seismic_etl.py
[2025-12-14T01:27:39.576+0000] {logging_mixin.py:190} INFO - [2025-12-14T01:27:39.576+0000] {dag.py:3239} INFO - Sync 1 DAGs
[2025-12-14T01:27:39.592+0000] {logging_mixin.py:190} INFO - [2025-12-14T01:27:39.592+0000] {dag.py:4180} INFO - Setting next_dagrun for socar_seismic_etl to 2025-12-14 00:00:00+00:00, run_after=2025-12-15 00:00:00+00:00
[2025-12-14T01:27:39.604+0000] {processor.py:208} INFO - Processing /opt/airflow/dags/socar_seismic_etl.py took 0.386 seconds
[2025-12-14T01:28:09.745+0000] {processor.py:186} INFO - Started process (PID=860) to work on /opt/airflow/dags/socar_seismic_etl.py
[2025-12-14T01:28:09.745+0000] {processor.py:914} INFO - Processing file /opt/airflow/dags/socar_seismic_etl.py for tasks to queue
[2025-12-14T01:28:09.747+0000] {logging_mixin.py:190} INFO - [2025-12-14T01:28:09.747+0000] {dagbag.py:588} INFO - Filling up the DagBag from /opt/airflow/dags/socar_seismic_etl.py
[2025-12-14T01:28:10.078+0000] {processor.py:925} INFO - DAG(s) 'socar_seismic_etl' retrieved from /opt/airflow/dags/socar_seismic_etl.py
[2025-12-14T01:28:10.097+0000] {logging_mixin.py:190} INFO - [2025-12-14T01:28:10.097+0000] {dag.py:3239} INFO - Sync 1 DAGs
[2025-12-14T01:28:10.114+0000] {logging_mixin.py:190} INFO - [2025-12-14T01:28:10.114+0000] {dag.py:4180} INFO - Setting next_dagrun for socar_seismic_etl to 2025-12-14 00:00:00+00:00, run_after=2025-12-15 00:00:00+00:00
[2025-12-14T01:28:10.125+0000] {processor.py:208} INFO - Processing /opt/airflow/dags/socar_seismic_etl.py took 0.384 seconds
[2025-12-14T01:28:40.263+0000] {processor.py:186} INFO - Started process (PID=953) to work on /opt/airflow/dags/socar_seismic_etl.py
[2025-12-14T01:28:40.264+0000] {processor.py:914} INFO - Processing file /opt/airflow/dags/socar_seismic_etl.py for tasks to queue
[2025-12-14T01:28:40.265+0000] {logging_mixin.py:190} INFO - [2025-12-14T01:28:40.265+0000] {dagbag.py:588} INFO - Filling up the DagBag from /opt/airflow/dags/socar_seismic_etl.py
[2025-12-14T01:28:40.600+0000] {processor.py:925} INFO - DAG(s) 'socar_seismic_etl' retrieved from /opt/airflow/dags/socar_seismic_etl.py
[2025-12-14T01:28:40.619+0000] {logging_mixin.py:190} INFO - [2025-12-14T01:28:40.619+0000] {dag.py:3239} INFO - Sync 1 DAGs
[2025-12-14T01:28:40.635+0000] {logging_mixin.py:190} INFO - [2025-12-14T01:28:40.635+0000] {dag.py:4180} INFO - Setting next_dagrun for socar_seismic_etl to 2025-12-14 00:00:00+00:00, run_after=2025-12-15 00:00:00+00:00
[2025-12-14T01:28:40.647+0000] {processor.py:208} INFO - Processing /opt/airflow/dags/socar_seismic_etl.py took 0.388 seconds
