[2025-12-13T19:20:36.551+0000] {processor.py:161} INFO - Started process (PID=204) to work on /opt/airflow/dags/seismic_etl_pipeline.py
[2025-12-13T19:20:36.552+0000] {processor.py:830} INFO - Processing file /opt/airflow/dags/seismic_etl_pipeline.py for tasks to queue
[2025-12-13T19:20:36.552+0000] {logging_mixin.py:188} INFO - [2025-12-13T19:20:36.552+0000] {dagbag.py:538} INFO - Filling up the DagBag from /opt/airflow/dags/seismic_etl_pipeline.py
[2025-12-13T19:20:36.754+0000] {processor.py:840} INFO - DAG(s) 'seismic_etl_pipeline' retrieved from /opt/airflow/dags/seismic_etl_pipeline.py
[2025-12-13T19:20:36.824+0000] {logging_mixin.py:188} INFO - [2025-12-13T19:20:36.824+0000] {override.py:1769} INFO - Created Permission View: can edit on DAG:seismic_etl_pipeline
[2025-12-13T19:20:36.832+0000] {logging_mixin.py:188} INFO - [2025-12-13T19:20:36.831+0000] {override.py:1769} INFO - Created Permission View: can delete on DAG:seismic_etl_pipeline
[2025-12-13T19:20:36.836+0000] {logging_mixin.py:188} INFO - [2025-12-13T19:20:36.836+0000] {override.py:1769} INFO - Created Permission View: can read on DAG:seismic_etl_pipeline
[2025-12-13T19:20:36.836+0000] {logging_mixin.py:188} INFO - [2025-12-13T19:20:36.836+0000] {dag.py:3033} INFO - Sync 1 DAGs
[2025-12-13T19:20:36.843+0000] {logging_mixin.py:188} INFO - [2025-12-13T19:20:36.843+0000] {dag.py:3055} INFO - Creating ORM DAG for seismic_etl_pipeline
[2025-12-13T19:20:36.850+0000] {logging_mixin.py:188} INFO - [2025-12-13T19:20:36.850+0000] {dag.py:3820} INFO - Setting next_dagrun for seismic_etl_pipeline to 2025-12-13T00:00:00+00:00, run_after=2025-12-14T00:00:00+00:00
[2025-12-13T19:20:36.861+0000] {processor.py:183} INFO - Processing /opt/airflow/dags/seismic_etl_pipeline.py took 0.312 seconds
[2025-12-13T19:21:07.239+0000] {processor.py:161} INFO - Started process (PID=227) to work on /opt/airflow/dags/seismic_etl_pipeline.py
[2025-12-13T19:21:07.243+0000] {processor.py:830} INFO - Processing file /opt/airflow/dags/seismic_etl_pipeline.py for tasks to queue
[2025-12-13T19:21:07.244+0000] {logging_mixin.py:188} INFO - [2025-12-13T19:21:07.243+0000] {dagbag.py:538} INFO - Filling up the DagBag from /opt/airflow/dags/seismic_etl_pipeline.py
[2025-12-13T19:21:07.423+0000] {processor.py:840} INFO - DAG(s) 'seismic_etl_pipeline' retrieved from /opt/airflow/dags/seismic_etl_pipeline.py
[2025-12-13T19:21:07.441+0000] {logging_mixin.py:188} INFO - [2025-12-13T19:21:07.441+0000] {dag.py:3033} INFO - Sync 1 DAGs
[2025-12-13T19:21:07.454+0000] {logging_mixin.py:188} INFO - [2025-12-13T19:21:07.454+0000] {dag.py:3820} INFO - Setting next_dagrun for seismic_etl_pipeline to 2025-12-13T00:00:00+00:00, run_after=2025-12-14T00:00:00+00:00
[2025-12-13T19:21:07.465+0000] {processor.py:183} INFO - Processing /opt/airflow/dags/seismic_etl_pipeline.py took 0.228 seconds
[2025-12-13T19:21:37.599+0000] {processor.py:161} INFO - Started process (PID=250) to work on /opt/airflow/dags/seismic_etl_pipeline.py
[2025-12-13T19:21:37.599+0000] {processor.py:830} INFO - Processing file /opt/airflow/dags/seismic_etl_pipeline.py for tasks to queue
[2025-12-13T19:21:37.600+0000] {logging_mixin.py:188} INFO - [2025-12-13T19:21:37.599+0000] {dagbag.py:538} INFO - Filling up the DagBag from /opt/airflow/dags/seismic_etl_pipeline.py
[2025-12-13T19:21:37.778+0000] {processor.py:840} INFO - DAG(s) 'seismic_etl_pipeline' retrieved from /opt/airflow/dags/seismic_etl_pipeline.py
[2025-12-13T19:21:37.796+0000] {logging_mixin.py:188} INFO - [2025-12-13T19:21:37.796+0000] {dag.py:3033} INFO - Sync 1 DAGs
[2025-12-13T19:21:37.810+0000] {logging_mixin.py:188} INFO - [2025-12-13T19:21:37.810+0000] {dag.py:3820} INFO - Setting next_dagrun for seismic_etl_pipeline to 2025-12-13T00:00:00+00:00, run_after=2025-12-14T00:00:00+00:00
[2025-12-13T19:21:37.821+0000] {processor.py:183} INFO - Processing /opt/airflow/dags/seismic_etl_pipeline.py took 0.224 seconds
[2025-12-13T19:22:07.959+0000] {processor.py:161} INFO - Started process (PID=273) to work on /opt/airflow/dags/seismic_etl_pipeline.py
[2025-12-13T19:22:07.960+0000] {processor.py:830} INFO - Processing file /opt/airflow/dags/seismic_etl_pipeline.py for tasks to queue
[2025-12-13T19:22:07.960+0000] {logging_mixin.py:188} INFO - [2025-12-13T19:22:07.960+0000] {dagbag.py:538} INFO - Filling up the DagBag from /opt/airflow/dags/seismic_etl_pipeline.py
[2025-12-13T19:22:08.140+0000] {processor.py:840} INFO - DAG(s) 'seismic_etl_pipeline' retrieved from /opt/airflow/dags/seismic_etl_pipeline.py
[2025-12-13T19:22:08.159+0000] {logging_mixin.py:188} INFO - [2025-12-13T19:22:08.159+0000] {dag.py:3033} INFO - Sync 1 DAGs
[2025-12-13T19:22:08.172+0000] {logging_mixin.py:188} INFO - [2025-12-13T19:22:08.172+0000] {dag.py:3820} INFO - Setting next_dagrun for seismic_etl_pipeline to 2025-12-13T00:00:00+00:00, run_after=2025-12-14T00:00:00+00:00
[2025-12-13T19:22:08.183+0000] {processor.py:183} INFO - Processing /opt/airflow/dags/seismic_etl_pipeline.py took 0.226 seconds
[2025-12-13T19:22:38.320+0000] {processor.py:161} INFO - Started process (PID=296) to work on /opt/airflow/dags/seismic_etl_pipeline.py
[2025-12-13T19:22:38.321+0000] {processor.py:830} INFO - Processing file /opt/airflow/dags/seismic_etl_pipeline.py for tasks to queue
[2025-12-13T19:22:38.321+0000] {logging_mixin.py:188} INFO - [2025-12-13T19:22:38.321+0000] {dagbag.py:538} INFO - Filling up the DagBag from /opt/airflow/dags/seismic_etl_pipeline.py
[2025-12-13T19:22:38.500+0000] {processor.py:840} INFO - DAG(s) 'seismic_etl_pipeline' retrieved from /opt/airflow/dags/seismic_etl_pipeline.py
[2025-12-13T19:22:38.519+0000] {logging_mixin.py:188} INFO - [2025-12-13T19:22:38.518+0000] {dag.py:3033} INFO - Sync 1 DAGs
[2025-12-13T19:22:38.532+0000] {logging_mixin.py:188} INFO - [2025-12-13T19:22:38.532+0000] {dag.py:3820} INFO - Setting next_dagrun for seismic_etl_pipeline to 2025-12-13T00:00:00+00:00, run_after=2025-12-14T00:00:00+00:00
[2025-12-13T19:22:38.544+0000] {processor.py:183} INFO - Processing /opt/airflow/dags/seismic_etl_pipeline.py took 0.225 seconds
[2025-12-13T19:23:08.681+0000] {processor.py:161} INFO - Started process (PID=319) to work on /opt/airflow/dags/seismic_etl_pipeline.py
[2025-12-13T19:23:08.681+0000] {processor.py:830} INFO - Processing file /opt/airflow/dags/seismic_etl_pipeline.py for tasks to queue
[2025-12-13T19:23:08.682+0000] {logging_mixin.py:188} INFO - [2025-12-13T19:23:08.682+0000] {dagbag.py:538} INFO - Filling up the DagBag from /opt/airflow/dags/seismic_etl_pipeline.py
[2025-12-13T19:23:08.860+0000] {processor.py:840} INFO - DAG(s) 'seismic_etl_pipeline' retrieved from /opt/airflow/dags/seismic_etl_pipeline.py
[2025-12-13T19:23:08.879+0000] {logging_mixin.py:188} INFO - [2025-12-13T19:23:08.879+0000] {dag.py:3033} INFO - Sync 1 DAGs
[2025-12-13T19:23:08.892+0000] {logging_mixin.py:188} INFO - [2025-12-13T19:23:08.892+0000] {dag.py:3820} INFO - Setting next_dagrun for seismic_etl_pipeline to 2025-12-13T00:00:00+00:00, run_after=2025-12-14T00:00:00+00:00
[2025-12-13T19:23:08.903+0000] {processor.py:183} INFO - Processing /opt/airflow/dags/seismic_etl_pipeline.py took 0.224 seconds
[2025-12-13T19:23:39.042+0000] {processor.py:161} INFO - Started process (PID=342) to work on /opt/airflow/dags/seismic_etl_pipeline.py
[2025-12-13T19:23:39.042+0000] {processor.py:830} INFO - Processing file /opt/airflow/dags/seismic_etl_pipeline.py for tasks to queue
[2025-12-13T19:23:39.042+0000] {logging_mixin.py:188} INFO - [2025-12-13T19:23:39.042+0000] {dagbag.py:538} INFO - Filling up the DagBag from /opt/airflow/dags/seismic_etl_pipeline.py
[2025-12-13T19:23:39.222+0000] {processor.py:840} INFO - DAG(s) 'seismic_etl_pipeline' retrieved from /opt/airflow/dags/seismic_etl_pipeline.py
[2025-12-13T19:23:39.240+0000] {logging_mixin.py:188} INFO - [2025-12-13T19:23:39.240+0000] {dag.py:3033} INFO - Sync 1 DAGs
[2025-12-13T19:23:39.253+0000] {logging_mixin.py:188} INFO - [2025-12-13T19:23:39.253+0000] {dag.py:3820} INFO - Setting next_dagrun for seismic_etl_pipeline to 2025-12-13T00:00:00+00:00, run_after=2025-12-14T00:00:00+00:00
[2025-12-13T19:23:39.264+0000] {processor.py:183} INFO - Processing /opt/airflow/dags/seismic_etl_pipeline.py took 0.225 seconds
[2025-12-13T19:24:09.408+0000] {processor.py:161} INFO - Started process (PID=365) to work on /opt/airflow/dags/seismic_etl_pipeline.py
[2025-12-13T19:24:09.409+0000] {processor.py:830} INFO - Processing file /opt/airflow/dags/seismic_etl_pipeline.py for tasks to queue
[2025-12-13T19:24:09.409+0000] {logging_mixin.py:188} INFO - [2025-12-13T19:24:09.409+0000] {dagbag.py:538} INFO - Filling up the DagBag from /opt/airflow/dags/seismic_etl_pipeline.py
[2025-12-13T19:24:09.589+0000] {processor.py:840} INFO - DAG(s) 'seismic_etl_pipeline' retrieved from /opt/airflow/dags/seismic_etl_pipeline.py
[2025-12-13T19:24:09.607+0000] {logging_mixin.py:188} INFO - [2025-12-13T19:24:09.607+0000] {dag.py:3033} INFO - Sync 1 DAGs
[2025-12-13T19:24:09.621+0000] {logging_mixin.py:188} INFO - [2025-12-13T19:24:09.621+0000] {dag.py:3820} INFO - Setting next_dagrun for seismic_etl_pipeline to 2025-12-13T00:00:00+00:00, run_after=2025-12-14T00:00:00+00:00
[2025-12-13T19:24:09.632+0000] {processor.py:183} INFO - Processing /opt/airflow/dags/seismic_etl_pipeline.py took 0.226 seconds
[2025-12-13T19:24:39.771+0000] {processor.py:161} INFO - Started process (PID=388) to work on /opt/airflow/dags/seismic_etl_pipeline.py
[2025-12-13T19:24:39.772+0000] {processor.py:830} INFO - Processing file /opt/airflow/dags/seismic_etl_pipeline.py for tasks to queue
[2025-12-13T19:24:39.772+0000] {logging_mixin.py:188} INFO - [2025-12-13T19:24:39.772+0000] {dagbag.py:538} INFO - Filling up the DagBag from /opt/airflow/dags/seismic_etl_pipeline.py
[2025-12-13T19:24:39.952+0000] {processor.py:840} INFO - DAG(s) 'seismic_etl_pipeline' retrieved from /opt/airflow/dags/seismic_etl_pipeline.py
[2025-12-13T19:24:39.970+0000] {logging_mixin.py:188} INFO - [2025-12-13T19:24:39.970+0000] {dag.py:3033} INFO - Sync 1 DAGs
[2025-12-13T19:24:39.983+0000] {logging_mixin.py:188} INFO - [2025-12-13T19:24:39.983+0000] {dag.py:3820} INFO - Setting next_dagrun for seismic_etl_pipeline to 2025-12-13T00:00:00+00:00, run_after=2025-12-14T00:00:00+00:00
[2025-12-13T19:24:39.994+0000] {processor.py:183} INFO - Processing /opt/airflow/dags/seismic_etl_pipeline.py took 0.225 seconds
[2025-12-13T19:25:10.134+0000] {processor.py:161} INFO - Started process (PID=411) to work on /opt/airflow/dags/seismic_etl_pipeline.py
[2025-12-13T19:25:10.135+0000] {processor.py:830} INFO - Processing file /opt/airflow/dags/seismic_etl_pipeline.py for tasks to queue
[2025-12-13T19:25:10.135+0000] {logging_mixin.py:188} INFO - [2025-12-13T19:25:10.135+0000] {dagbag.py:538} INFO - Filling up the DagBag from /opt/airflow/dags/seismic_etl_pipeline.py
[2025-12-13T19:25:10.314+0000] {processor.py:840} INFO - DAG(s) 'seismic_etl_pipeline' retrieved from /opt/airflow/dags/seismic_etl_pipeline.py
[2025-12-13T19:25:10.333+0000] {logging_mixin.py:188} INFO - [2025-12-13T19:25:10.332+0000] {dag.py:3033} INFO - Sync 1 DAGs
[2025-12-13T19:25:10.347+0000] {logging_mixin.py:188} INFO - [2025-12-13T19:25:10.347+0000] {dag.py:3820} INFO - Setting next_dagrun for seismic_etl_pipeline to 2025-12-13T00:00:00+00:00, run_after=2025-12-14T00:00:00+00:00
[2025-12-13T19:25:10.357+0000] {processor.py:183} INFO - Processing /opt/airflow/dags/seismic_etl_pipeline.py took 0.225 seconds
[2025-12-13T19:25:40.501+0000] {processor.py:161} INFO - Started process (PID=434) to work on /opt/airflow/dags/seismic_etl_pipeline.py
[2025-12-13T19:25:40.502+0000] {processor.py:830} INFO - Processing file /opt/airflow/dags/seismic_etl_pipeline.py for tasks to queue
[2025-12-13T19:25:40.502+0000] {logging_mixin.py:188} INFO - [2025-12-13T19:25:40.502+0000] {dagbag.py:538} INFO - Filling up the DagBag from /opt/airflow/dags/seismic_etl_pipeline.py
[2025-12-13T19:25:40.681+0000] {processor.py:840} INFO - DAG(s) 'seismic_etl_pipeline' retrieved from /opt/airflow/dags/seismic_etl_pipeline.py
[2025-12-13T19:25:40.700+0000] {logging_mixin.py:188} INFO - [2025-12-13T19:25:40.699+0000] {dag.py:3033} INFO - Sync 1 DAGs
[2025-12-13T19:25:40.713+0000] {logging_mixin.py:188} INFO - [2025-12-13T19:25:40.712+0000] {dag.py:3820} INFO - Setting next_dagrun for seismic_etl_pipeline to 2025-12-13T00:00:00+00:00, run_after=2025-12-14T00:00:00+00:00
[2025-12-13T19:25:40.723+0000] {processor.py:183} INFO - Processing /opt/airflow/dags/seismic_etl_pipeline.py took 0.224 seconds
[2025-12-13T19:26:10.865+0000] {processor.py:161} INFO - Started process (PID=457) to work on /opt/airflow/dags/seismic_etl_pipeline.py
[2025-12-13T19:26:10.866+0000] {processor.py:830} INFO - Processing file /opt/airflow/dags/seismic_etl_pipeline.py for tasks to queue
[2025-12-13T19:26:10.866+0000] {logging_mixin.py:188} INFO - [2025-12-13T19:26:10.866+0000] {dagbag.py:538} INFO - Filling up the DagBag from /opt/airflow/dags/seismic_etl_pipeline.py
[2025-12-13T19:26:11.045+0000] {processor.py:840} INFO - DAG(s) 'seismic_etl_pipeline' retrieved from /opt/airflow/dags/seismic_etl_pipeline.py
[2025-12-13T19:26:11.063+0000] {logging_mixin.py:188} INFO - [2025-12-13T19:26:11.063+0000] {dag.py:3033} INFO - Sync 1 DAGs
[2025-12-13T19:26:11.077+0000] {logging_mixin.py:188} INFO - [2025-12-13T19:26:11.077+0000] {dag.py:3820} INFO - Setting next_dagrun for seismic_etl_pipeline to 2025-12-13T00:00:00+00:00, run_after=2025-12-14T00:00:00+00:00
[2025-12-13T19:26:11.088+0000] {processor.py:183} INFO - Processing /opt/airflow/dags/seismic_etl_pipeline.py took 0.225 seconds
[2025-12-13T19:26:41.228+0000] {processor.py:161} INFO - Started process (PID=480) to work on /opt/airflow/dags/seismic_etl_pipeline.py
[2025-12-13T19:26:41.229+0000] {processor.py:830} INFO - Processing file /opt/airflow/dags/seismic_etl_pipeline.py for tasks to queue
[2025-12-13T19:26:41.229+0000] {logging_mixin.py:188} INFO - [2025-12-13T19:26:41.229+0000] {dagbag.py:538} INFO - Filling up the DagBag from /opt/airflow/dags/seismic_etl_pipeline.py
[2025-12-13T19:26:41.408+0000] {processor.py:840} INFO - DAG(s) 'seismic_etl_pipeline' retrieved from /opt/airflow/dags/seismic_etl_pipeline.py
[2025-12-13T19:26:41.427+0000] {logging_mixin.py:188} INFO - [2025-12-13T19:26:41.426+0000] {dag.py:3033} INFO - Sync 1 DAGs
[2025-12-13T19:26:41.440+0000] {logging_mixin.py:188} INFO - [2025-12-13T19:26:41.440+0000] {dag.py:3820} INFO - Setting next_dagrun for seismic_etl_pipeline to 2025-12-13T00:00:00+00:00, run_after=2025-12-14T00:00:00+00:00
[2025-12-13T19:26:41.451+0000] {processor.py:183} INFO - Processing /opt/airflow/dags/seismic_etl_pipeline.py took 0.225 seconds
[2025-12-13T19:27:11.589+0000] {processor.py:161} INFO - Started process (PID=503) to work on /opt/airflow/dags/seismic_etl_pipeline.py
[2025-12-13T19:27:11.590+0000] {processor.py:830} INFO - Processing file /opt/airflow/dags/seismic_etl_pipeline.py for tasks to queue
[2025-12-13T19:27:11.590+0000] {logging_mixin.py:188} INFO - [2025-12-13T19:27:11.590+0000] {dagbag.py:538} INFO - Filling up the DagBag from /opt/airflow/dags/seismic_etl_pipeline.py
[2025-12-13T19:27:11.769+0000] {processor.py:840} INFO - DAG(s) 'seismic_etl_pipeline' retrieved from /opt/airflow/dags/seismic_etl_pipeline.py
[2025-12-13T19:27:11.787+0000] {logging_mixin.py:188} INFO - [2025-12-13T19:27:11.787+0000] {dag.py:3033} INFO - Sync 1 DAGs
[2025-12-13T19:27:11.800+0000] {logging_mixin.py:188} INFO - [2025-12-13T19:27:11.800+0000] {dag.py:3820} INFO - Setting next_dagrun for seismic_etl_pipeline to 2025-12-13T00:00:00+00:00, run_after=2025-12-14T00:00:00+00:00
[2025-12-13T19:27:11.811+0000] {processor.py:183} INFO - Processing /opt/airflow/dags/seismic_etl_pipeline.py took 0.224 seconds
[2025-12-13T19:27:41.950+0000] {processor.py:161} INFO - Started process (PID=526) to work on /opt/airflow/dags/seismic_etl_pipeline.py
[2025-12-13T19:27:41.950+0000] {processor.py:830} INFO - Processing file /opt/airflow/dags/seismic_etl_pipeline.py for tasks to queue
[2025-12-13T19:27:41.951+0000] {logging_mixin.py:188} INFO - [2025-12-13T19:27:41.950+0000] {dagbag.py:538} INFO - Filling up the DagBag from /opt/airflow/dags/seismic_etl_pipeline.py
[2025-12-13T19:27:42.132+0000] {processor.py:840} INFO - DAG(s) 'seismic_etl_pipeline' retrieved from /opt/airflow/dags/seismic_etl_pipeline.py
[2025-12-13T19:27:42.151+0000] {logging_mixin.py:188} INFO - [2025-12-13T19:27:42.151+0000] {dag.py:3033} INFO - Sync 1 DAGs
[2025-12-13T19:27:42.165+0000] {logging_mixin.py:188} INFO - [2025-12-13T19:27:42.165+0000] {dag.py:3820} INFO - Setting next_dagrun for seismic_etl_pipeline to 2025-12-13T00:00:00+00:00, run_after=2025-12-14T00:00:00+00:00
[2025-12-13T19:27:42.176+0000] {processor.py:183} INFO - Processing /opt/airflow/dags/seismic_etl_pipeline.py took 0.228 seconds
[2025-12-13T19:28:12.311+0000] {processor.py:161} INFO - Started process (PID=549) to work on /opt/airflow/dags/seismic_etl_pipeline.py
[2025-12-13T19:28:12.311+0000] {processor.py:830} INFO - Processing file /opt/airflow/dags/seismic_etl_pipeline.py for tasks to queue
[2025-12-13T19:28:12.312+0000] {logging_mixin.py:188} INFO - [2025-12-13T19:28:12.312+0000] {dagbag.py:538} INFO - Filling up the DagBag from /opt/airflow/dags/seismic_etl_pipeline.py
[2025-12-13T19:28:12.492+0000] {processor.py:840} INFO - DAG(s) 'seismic_etl_pipeline' retrieved from /opt/airflow/dags/seismic_etl_pipeline.py
[2025-12-13T19:28:12.511+0000] {logging_mixin.py:188} INFO - [2025-12-13T19:28:12.510+0000] {dag.py:3033} INFO - Sync 1 DAGs
[2025-12-13T19:28:12.524+0000] {logging_mixin.py:188} INFO - [2025-12-13T19:28:12.524+0000] {dag.py:3820} INFO - Setting next_dagrun for seismic_etl_pipeline to 2025-12-13T00:00:00+00:00, run_after=2025-12-14T00:00:00+00:00
[2025-12-13T19:28:12.534+0000] {processor.py:183} INFO - Processing /opt/airflow/dags/seismic_etl_pipeline.py took 0.226 seconds
[2025-12-13T19:28:42.680+0000] {processor.py:161} INFO - Started process (PID=572) to work on /opt/airflow/dags/seismic_etl_pipeline.py
[2025-12-13T19:28:42.680+0000] {processor.py:830} INFO - Processing file /opt/airflow/dags/seismic_etl_pipeline.py for tasks to queue
[2025-12-13T19:28:42.681+0000] {logging_mixin.py:188} INFO - [2025-12-13T19:28:42.680+0000] {dagbag.py:538} INFO - Filling up the DagBag from /opt/airflow/dags/seismic_etl_pipeline.py
[2025-12-13T19:28:42.861+0000] {processor.py:840} INFO - DAG(s) 'seismic_etl_pipeline' retrieved from /opt/airflow/dags/seismic_etl_pipeline.py
[2025-12-13T19:28:42.880+0000] {logging_mixin.py:188} INFO - [2025-12-13T19:28:42.879+0000] {dag.py:3033} INFO - Sync 1 DAGs
[2025-12-13T19:28:42.893+0000] {logging_mixin.py:188} INFO - [2025-12-13T19:28:42.893+0000] {dag.py:3820} INFO - Setting next_dagrun for seismic_etl_pipeline to 2025-12-13T00:00:00+00:00, run_after=2025-12-14T00:00:00+00:00
[2025-12-13T19:28:42.905+0000] {processor.py:183} INFO - Processing /opt/airflow/dags/seismic_etl_pipeline.py took 0.227 seconds
[2025-12-13T19:29:13.045+0000] {processor.py:161} INFO - Started process (PID=595) to work on /opt/airflow/dags/seismic_etl_pipeline.py
[2025-12-13T19:29:13.045+0000] {processor.py:830} INFO - Processing file /opt/airflow/dags/seismic_etl_pipeline.py for tasks to queue
[2025-12-13T19:29:13.046+0000] {logging_mixin.py:188} INFO - [2025-12-13T19:29:13.046+0000] {dagbag.py:538} INFO - Filling up the DagBag from /opt/airflow/dags/seismic_etl_pipeline.py
[2025-12-13T19:29:13.227+0000] {processor.py:840} INFO - DAG(s) 'seismic_etl_pipeline' retrieved from /opt/airflow/dags/seismic_etl_pipeline.py
[2025-12-13T19:29:13.246+0000] {logging_mixin.py:188} INFO - [2025-12-13T19:29:13.245+0000] {dag.py:3033} INFO - Sync 1 DAGs
[2025-12-13T19:29:13.259+0000] {logging_mixin.py:188} INFO - [2025-12-13T19:29:13.259+0000] {dag.py:3820} INFO - Setting next_dagrun for seismic_etl_pipeline to 2025-12-13T00:00:00+00:00, run_after=2025-12-14T00:00:00+00:00
[2025-12-13T19:29:13.270+0000] {processor.py:183} INFO - Processing /opt/airflow/dags/seismic_etl_pipeline.py took 0.227 seconds
[2025-12-13T19:29:43.410+0000] {processor.py:161} INFO - Started process (PID=618) to work on /opt/airflow/dags/seismic_etl_pipeline.py
[2025-12-13T19:29:43.411+0000] {processor.py:830} INFO - Processing file /opt/airflow/dags/seismic_etl_pipeline.py for tasks to queue
[2025-12-13T19:29:43.411+0000] {logging_mixin.py:188} INFO - [2025-12-13T19:29:43.411+0000] {dagbag.py:538} INFO - Filling up the DagBag from /opt/airflow/dags/seismic_etl_pipeline.py
[2025-12-13T19:29:43.592+0000] {processor.py:840} INFO - DAG(s) 'seismic_etl_pipeline' retrieved from /opt/airflow/dags/seismic_etl_pipeline.py
[2025-12-13T19:29:43.611+0000] {logging_mixin.py:188} INFO - [2025-12-13T19:29:43.611+0000] {dag.py:3033} INFO - Sync 1 DAGs
[2025-12-13T19:29:43.625+0000] {logging_mixin.py:188} INFO - [2025-12-13T19:29:43.624+0000] {dag.py:3820} INFO - Setting next_dagrun for seismic_etl_pipeline to 2025-12-13T00:00:00+00:00, run_after=2025-12-14T00:00:00+00:00
[2025-12-13T19:29:43.635+0000] {processor.py:183} INFO - Processing /opt/airflow/dags/seismic_etl_pipeline.py took 0.227 seconds
[2025-12-13T19:30:13.774+0000] {processor.py:161} INFO - Started process (PID=641) to work on /opt/airflow/dags/seismic_etl_pipeline.py
[2025-12-13T19:30:13.775+0000] {processor.py:830} INFO - Processing file /opt/airflow/dags/seismic_etl_pipeline.py for tasks to queue
[2025-12-13T19:30:13.775+0000] {logging_mixin.py:188} INFO - [2025-12-13T19:30:13.775+0000] {dagbag.py:538} INFO - Filling up the DagBag from /opt/airflow/dags/seismic_etl_pipeline.py
[2025-12-13T19:30:13.956+0000] {processor.py:840} INFO - DAG(s) 'seismic_etl_pipeline' retrieved from /opt/airflow/dags/seismic_etl_pipeline.py
[2025-12-13T19:30:13.974+0000] {logging_mixin.py:188} INFO - [2025-12-13T19:30:13.974+0000] {dag.py:3033} INFO - Sync 1 DAGs
[2025-12-13T19:30:13.989+0000] {logging_mixin.py:188} INFO - [2025-12-13T19:30:13.988+0000] {dag.py:3820} INFO - Setting next_dagrun for seismic_etl_pipeline to 2025-12-13T00:00:00+00:00, run_after=2025-12-14T00:00:00+00:00
[2025-12-13T19:30:14.000+0000] {processor.py:183} INFO - Processing /opt/airflow/dags/seismic_etl_pipeline.py took 0.227 seconds
[2025-12-13T19:30:44.141+0000] {processor.py:161} INFO - Started process (PID=664) to work on /opt/airflow/dags/seismic_etl_pipeline.py
[2025-12-13T19:30:44.141+0000] {processor.py:830} INFO - Processing file /opt/airflow/dags/seismic_etl_pipeline.py for tasks to queue
[2025-12-13T19:30:44.141+0000] {logging_mixin.py:188} INFO - [2025-12-13T19:30:44.141+0000] {dagbag.py:538} INFO - Filling up the DagBag from /opt/airflow/dags/seismic_etl_pipeline.py
[2025-12-13T19:30:44.321+0000] {processor.py:840} INFO - DAG(s) 'seismic_etl_pipeline' retrieved from /opt/airflow/dags/seismic_etl_pipeline.py
[2025-12-13T19:30:44.340+0000] {logging_mixin.py:188} INFO - [2025-12-13T19:30:44.340+0000] {dag.py:3033} INFO - Sync 1 DAGs
[2025-12-13T19:30:44.353+0000] {logging_mixin.py:188} INFO - [2025-12-13T19:30:44.353+0000] {dag.py:3820} INFO - Setting next_dagrun for seismic_etl_pipeline to 2025-12-13T00:00:00+00:00, run_after=2025-12-14T00:00:00+00:00
[2025-12-13T19:30:44.371+0000] {processor.py:183} INFO - Processing /opt/airflow/dags/seismic_etl_pipeline.py took 0.233 seconds
[2025-12-13T19:31:14.504+0000] {processor.py:161} INFO - Started process (PID=687) to work on /opt/airflow/dags/seismic_etl_pipeline.py
[2025-12-13T19:31:14.505+0000] {processor.py:830} INFO - Processing file /opt/airflow/dags/seismic_etl_pipeline.py for tasks to queue
[2025-12-13T19:31:14.505+0000] {logging_mixin.py:188} INFO - [2025-12-13T19:31:14.505+0000] {dagbag.py:538} INFO - Filling up the DagBag from /opt/airflow/dags/seismic_etl_pipeline.py
[2025-12-13T19:31:14.685+0000] {processor.py:840} INFO - DAG(s) 'seismic_etl_pipeline' retrieved from /opt/airflow/dags/seismic_etl_pipeline.py
[2025-12-13T19:31:14.703+0000] {logging_mixin.py:188} INFO - [2025-12-13T19:31:14.703+0000] {dag.py:3033} INFO - Sync 1 DAGs
[2025-12-13T19:31:14.717+0000] {logging_mixin.py:188} INFO - [2025-12-13T19:31:14.716+0000] {dag.py:3820} INFO - Setting next_dagrun for seismic_etl_pipeline to 2025-12-13T00:00:00+00:00, run_after=2025-12-14T00:00:00+00:00
[2025-12-13T19:31:14.728+0000] {processor.py:183} INFO - Processing /opt/airflow/dags/seismic_etl_pipeline.py took 0.226 seconds
[2025-12-13T19:31:44.869+0000] {processor.py:161} INFO - Started process (PID=710) to work on /opt/airflow/dags/seismic_etl_pipeline.py
[2025-12-13T19:31:44.870+0000] {processor.py:830} INFO - Processing file /opt/airflow/dags/seismic_etl_pipeline.py for tasks to queue
[2025-12-13T19:31:44.870+0000] {logging_mixin.py:188} INFO - [2025-12-13T19:31:44.870+0000] {dagbag.py:538} INFO - Filling up the DagBag from /opt/airflow/dags/seismic_etl_pipeline.py
[2025-12-13T19:31:45.050+0000] {processor.py:840} INFO - DAG(s) 'seismic_etl_pipeline' retrieved from /opt/airflow/dags/seismic_etl_pipeline.py
[2025-12-13T19:31:45.069+0000] {logging_mixin.py:188} INFO - [2025-12-13T19:31:45.069+0000] {dag.py:3033} INFO - Sync 1 DAGs
[2025-12-13T19:31:45.082+0000] {logging_mixin.py:188} INFO - [2025-12-13T19:31:45.082+0000] {dag.py:3820} INFO - Setting next_dagrun for seismic_etl_pipeline to 2025-12-13T00:00:00+00:00, run_after=2025-12-14T00:00:00+00:00
[2025-12-13T19:31:45.093+0000] {processor.py:183} INFO - Processing /opt/airflow/dags/seismic_etl_pipeline.py took 0.226 seconds
[2025-12-13T19:32:15.231+0000] {processor.py:161} INFO - Started process (PID=733) to work on /opt/airflow/dags/seismic_etl_pipeline.py
[2025-12-13T19:32:15.232+0000] {processor.py:830} INFO - Processing file /opt/airflow/dags/seismic_etl_pipeline.py for tasks to queue
[2025-12-13T19:32:15.232+0000] {logging_mixin.py:188} INFO - [2025-12-13T19:32:15.232+0000] {dagbag.py:538} INFO - Filling up the DagBag from /opt/airflow/dags/seismic_etl_pipeline.py
[2025-12-13T19:32:15.412+0000] {processor.py:840} INFO - DAG(s) 'seismic_etl_pipeline' retrieved from /opt/airflow/dags/seismic_etl_pipeline.py
[2025-12-13T19:32:15.431+0000] {logging_mixin.py:188} INFO - [2025-12-13T19:32:15.431+0000] {dag.py:3033} INFO - Sync 1 DAGs
[2025-12-13T19:32:15.444+0000] {logging_mixin.py:188} INFO - [2025-12-13T19:32:15.444+0000] {dag.py:3820} INFO - Setting next_dagrun for seismic_etl_pipeline to 2025-12-13T00:00:00+00:00, run_after=2025-12-14T00:00:00+00:00
[2025-12-13T19:32:15.456+0000] {processor.py:183} INFO - Processing /opt/airflow/dags/seismic_etl_pipeline.py took 0.227 seconds
[2025-12-13T19:32:45.597+0000] {processor.py:161} INFO - Started process (PID=756) to work on /opt/airflow/dags/seismic_etl_pipeline.py
[2025-12-13T19:32:45.598+0000] {processor.py:830} INFO - Processing file /opt/airflow/dags/seismic_etl_pipeline.py for tasks to queue
[2025-12-13T19:32:45.598+0000] {logging_mixin.py:188} INFO - [2025-12-13T19:32:45.598+0000] {dagbag.py:538} INFO - Filling up the DagBag from /opt/airflow/dags/seismic_etl_pipeline.py
[2025-12-13T19:32:45.778+0000] {processor.py:840} INFO - DAG(s) 'seismic_etl_pipeline' retrieved from /opt/airflow/dags/seismic_etl_pipeline.py
[2025-12-13T19:32:45.796+0000] {logging_mixin.py:188} INFO - [2025-12-13T19:32:45.796+0000] {dag.py:3033} INFO - Sync 1 DAGs
[2025-12-13T19:32:45.810+0000] {logging_mixin.py:188} INFO - [2025-12-13T19:32:45.810+0000] {dag.py:3820} INFO - Setting next_dagrun for seismic_etl_pipeline to 2025-12-13T00:00:00+00:00, run_after=2025-12-14T00:00:00+00:00
[2025-12-13T19:32:45.822+0000] {processor.py:183} INFO - Processing /opt/airflow/dags/seismic_etl_pipeline.py took 0.227 seconds
[2025-12-13T19:33:15.958+0000] {processor.py:161} INFO - Started process (PID=779) to work on /opt/airflow/dags/seismic_etl_pipeline.py
[2025-12-13T19:33:15.959+0000] {processor.py:830} INFO - Processing file /opt/airflow/dags/seismic_etl_pipeline.py for tasks to queue
[2025-12-13T19:33:15.960+0000] {logging_mixin.py:188} INFO - [2025-12-13T19:33:15.959+0000] {dagbag.py:538} INFO - Filling up the DagBag from /opt/airflow/dags/seismic_etl_pipeline.py
[2025-12-13T19:33:16.140+0000] {processor.py:840} INFO - DAG(s) 'seismic_etl_pipeline' retrieved from /opt/airflow/dags/seismic_etl_pipeline.py
[2025-12-13T19:33:16.159+0000] {logging_mixin.py:188} INFO - [2025-12-13T19:33:16.159+0000] {dag.py:3033} INFO - Sync 1 DAGs
[2025-12-13T19:33:16.172+0000] {logging_mixin.py:188} INFO - [2025-12-13T19:33:16.172+0000] {dag.py:3820} INFO - Setting next_dagrun for seismic_etl_pipeline to 2025-12-13T00:00:00+00:00, run_after=2025-12-14T00:00:00+00:00
[2025-12-13T19:33:16.183+0000] {processor.py:183} INFO - Processing /opt/airflow/dags/seismic_etl_pipeline.py took 0.227 seconds
[2025-12-13T19:33:46.327+0000] {processor.py:161} INFO - Started process (PID=802) to work on /opt/airflow/dags/seismic_etl_pipeline.py
[2025-12-13T19:33:46.328+0000] {processor.py:830} INFO - Processing file /opt/airflow/dags/seismic_etl_pipeline.py for tasks to queue
[2025-12-13T19:33:46.328+0000] {logging_mixin.py:188} INFO - [2025-12-13T19:33:46.328+0000] {dagbag.py:538} INFO - Filling up the DagBag from /opt/airflow/dags/seismic_etl_pipeline.py
[2025-12-13T19:33:46.509+0000] {processor.py:840} INFO - DAG(s) 'seismic_etl_pipeline' retrieved from /opt/airflow/dags/seismic_etl_pipeline.py
[2025-12-13T19:33:46.528+0000] {logging_mixin.py:188} INFO - [2025-12-13T19:33:46.528+0000] {dag.py:3033} INFO - Sync 1 DAGs
[2025-12-13T19:33:46.541+0000] {logging_mixin.py:188} INFO - [2025-12-13T19:33:46.541+0000] {dag.py:3820} INFO - Setting next_dagrun for seismic_etl_pipeline to 2025-12-13T00:00:00+00:00, run_after=2025-12-14T00:00:00+00:00
[2025-12-13T19:33:46.553+0000] {processor.py:183} INFO - Processing /opt/airflow/dags/seismic_etl_pipeline.py took 0.228 seconds
[2025-12-13T19:34:16.691+0000] {processor.py:161} INFO - Started process (PID=825) to work on /opt/airflow/dags/seismic_etl_pipeline.py
[2025-12-13T19:34:16.691+0000] {processor.py:830} INFO - Processing file /opt/airflow/dags/seismic_etl_pipeline.py for tasks to queue
[2025-12-13T19:34:16.691+0000] {logging_mixin.py:188} INFO - [2025-12-13T19:34:16.691+0000] {dagbag.py:538} INFO - Filling up the DagBag from /opt/airflow/dags/seismic_etl_pipeline.py
[2025-12-13T19:34:16.871+0000] {processor.py:840} INFO - DAG(s) 'seismic_etl_pipeline' retrieved from /opt/airflow/dags/seismic_etl_pipeline.py
[2025-12-13T19:34:16.890+0000] {logging_mixin.py:188} INFO - [2025-12-13T19:34:16.890+0000] {dag.py:3033} INFO - Sync 1 DAGs
[2025-12-13T19:34:16.903+0000] {logging_mixin.py:188} INFO - [2025-12-13T19:34:16.903+0000] {dag.py:3820} INFO - Setting next_dagrun for seismic_etl_pipeline to 2025-12-13T00:00:00+00:00, run_after=2025-12-14T00:00:00+00:00
[2025-12-13T19:34:16.915+0000] {processor.py:183} INFO - Processing /opt/airflow/dags/seismic_etl_pipeline.py took 0.226 seconds
[2025-12-13T19:34:47.053+0000] {processor.py:161} INFO - Started process (PID=848) to work on /opt/airflow/dags/seismic_etl_pipeline.py
[2025-12-13T19:34:47.053+0000] {processor.py:830} INFO - Processing file /opt/airflow/dags/seismic_etl_pipeline.py for tasks to queue
[2025-12-13T19:34:47.054+0000] {logging_mixin.py:188} INFO - [2025-12-13T19:34:47.053+0000] {dagbag.py:538} INFO - Filling up the DagBag from /opt/airflow/dags/seismic_etl_pipeline.py
[2025-12-13T19:34:47.233+0000] {processor.py:840} INFO - DAG(s) 'seismic_etl_pipeline' retrieved from /opt/airflow/dags/seismic_etl_pipeline.py
[2025-12-13T19:34:47.252+0000] {logging_mixin.py:188} INFO - [2025-12-13T19:34:47.252+0000] {dag.py:3033} INFO - Sync 1 DAGs
[2025-12-13T19:34:47.265+0000] {logging_mixin.py:188} INFO - [2025-12-13T19:34:47.265+0000] {dag.py:3820} INFO - Setting next_dagrun for seismic_etl_pipeline to 2025-12-13T00:00:00+00:00, run_after=2025-12-14T00:00:00+00:00
[2025-12-13T19:34:47.276+0000] {processor.py:183} INFO - Processing /opt/airflow/dags/seismic_etl_pipeline.py took 0.225 seconds
[2025-12-13T19:35:17.415+0000] {processor.py:161} INFO - Started process (PID=871) to work on /opt/airflow/dags/seismic_etl_pipeline.py
[2025-12-13T19:35:17.416+0000] {processor.py:830} INFO - Processing file /opt/airflow/dags/seismic_etl_pipeline.py for tasks to queue
[2025-12-13T19:35:17.417+0000] {logging_mixin.py:188} INFO - [2025-12-13T19:35:17.416+0000] {dagbag.py:538} INFO - Filling up the DagBag from /opt/airflow/dags/seismic_etl_pipeline.py
[2025-12-13T19:35:17.597+0000] {processor.py:840} INFO - DAG(s) 'seismic_etl_pipeline' retrieved from /opt/airflow/dags/seismic_etl_pipeline.py
[2025-12-13T19:35:17.615+0000] {logging_mixin.py:188} INFO - [2025-12-13T19:35:17.615+0000] {dag.py:3033} INFO - Sync 1 DAGs
[2025-12-13T19:35:17.629+0000] {logging_mixin.py:188} INFO - [2025-12-13T19:35:17.629+0000] {dag.py:3820} INFO - Setting next_dagrun for seismic_etl_pipeline to 2025-12-13T00:00:00+00:00, run_after=2025-12-14T00:00:00+00:00
[2025-12-13T19:35:17.640+0000] {processor.py:183} INFO - Processing /opt/airflow/dags/seismic_etl_pipeline.py took 0.227 seconds
[2025-12-13T19:35:47.788+0000] {processor.py:161} INFO - Started process (PID=894) to work on /opt/airflow/dags/seismic_etl_pipeline.py
[2025-12-13T19:35:47.788+0000] {processor.py:830} INFO - Processing file /opt/airflow/dags/seismic_etl_pipeline.py for tasks to queue
[2025-12-13T19:35:47.789+0000] {logging_mixin.py:188} INFO - [2025-12-13T19:35:47.789+0000] {dagbag.py:538} INFO - Filling up the DagBag from /opt/airflow/dags/seismic_etl_pipeline.py
[2025-12-13T19:35:47.968+0000] {processor.py:840} INFO - DAG(s) 'seismic_etl_pipeline' retrieved from /opt/airflow/dags/seismic_etl_pipeline.py
[2025-12-13T19:35:47.987+0000] {logging_mixin.py:188} INFO - [2025-12-13T19:35:47.987+0000] {dag.py:3033} INFO - Sync 1 DAGs
[2025-12-13T19:35:48.000+0000] {logging_mixin.py:188} INFO - [2025-12-13T19:35:48.000+0000] {dag.py:3820} INFO - Setting next_dagrun for seismic_etl_pipeline to 2025-12-13T00:00:00+00:00, run_after=2025-12-14T00:00:00+00:00
[2025-12-13T19:35:48.012+0000] {processor.py:183} INFO - Processing /opt/airflow/dags/seismic_etl_pipeline.py took 0.227 seconds
[2025-12-13T19:36:18.154+0000] {processor.py:161} INFO - Started process (PID=917) to work on /opt/airflow/dags/seismic_etl_pipeline.py
[2025-12-13T19:36:18.158+0000] {processor.py:830} INFO - Processing file /opt/airflow/dags/seismic_etl_pipeline.py for tasks to queue
[2025-12-13T19:36:18.158+0000] {logging_mixin.py:188} INFO - [2025-12-13T19:36:18.158+0000] {dagbag.py:538} INFO - Filling up the DagBag from /opt/airflow/dags/seismic_etl_pipeline.py
[2025-12-13T19:36:18.338+0000] {processor.py:840} INFO - DAG(s) 'seismic_etl_pipeline' retrieved from /opt/airflow/dags/seismic_etl_pipeline.py
[2025-12-13T19:36:18.357+0000] {logging_mixin.py:188} INFO - [2025-12-13T19:36:18.357+0000] {dag.py:3033} INFO - Sync 1 DAGs
[2025-12-13T19:36:18.371+0000] {logging_mixin.py:188} INFO - [2025-12-13T19:36:18.370+0000] {dag.py:3820} INFO - Setting next_dagrun for seismic_etl_pipeline to 2025-12-13T00:00:00+00:00, run_after=2025-12-14T00:00:00+00:00
[2025-12-13T19:36:18.381+0000] {processor.py:183} INFO - Processing /opt/airflow/dags/seismic_etl_pipeline.py took 0.230 seconds
[2025-12-13T19:36:48.517+0000] {processor.py:161} INFO - Started process (PID=940) to work on /opt/airflow/dags/seismic_etl_pipeline.py
[2025-12-13T19:36:48.518+0000] {processor.py:830} INFO - Processing file /opt/airflow/dags/seismic_etl_pipeline.py for tasks to queue
[2025-12-13T19:36:48.518+0000] {logging_mixin.py:188} INFO - [2025-12-13T19:36:48.518+0000] {dagbag.py:538} INFO - Filling up the DagBag from /opt/airflow/dags/seismic_etl_pipeline.py
[2025-12-13T19:36:48.697+0000] {processor.py:840} INFO - DAG(s) 'seismic_etl_pipeline' retrieved from /opt/airflow/dags/seismic_etl_pipeline.py
[2025-12-13T19:36:48.716+0000] {logging_mixin.py:188} INFO - [2025-12-13T19:36:48.716+0000] {dag.py:3033} INFO - Sync 1 DAGs
[2025-12-13T19:36:48.729+0000] {logging_mixin.py:188} INFO - [2025-12-13T19:36:48.729+0000] {dag.py:3820} INFO - Setting next_dagrun for seismic_etl_pipeline to 2025-12-13T00:00:00+00:00, run_after=2025-12-14T00:00:00+00:00
[2025-12-13T19:36:48.740+0000] {processor.py:183} INFO - Processing /opt/airflow/dags/seismic_etl_pipeline.py took 0.225 seconds
[2025-12-13T19:37:18.877+0000] {processor.py:161} INFO - Started process (PID=963) to work on /opt/airflow/dags/seismic_etl_pipeline.py
[2025-12-13T19:37:18.878+0000] {processor.py:830} INFO - Processing file /opt/airflow/dags/seismic_etl_pipeline.py for tasks to queue
[2025-12-13T19:37:18.878+0000] {logging_mixin.py:188} INFO - [2025-12-13T19:37:18.878+0000] {dagbag.py:538} INFO - Filling up the DagBag from /opt/airflow/dags/seismic_etl_pipeline.py
[2025-12-13T19:37:19.058+0000] {processor.py:840} INFO - DAG(s) 'seismic_etl_pipeline' retrieved from /opt/airflow/dags/seismic_etl_pipeline.py
[2025-12-13T19:37:19.076+0000] {logging_mixin.py:188} INFO - [2025-12-13T19:37:19.076+0000] {dag.py:3033} INFO - Sync 1 DAGs
[2025-12-13T19:37:19.089+0000] {logging_mixin.py:188} INFO - [2025-12-13T19:37:19.089+0000] {dag.py:3820} INFO - Setting next_dagrun for seismic_etl_pipeline to 2025-12-13T00:00:00+00:00, run_after=2025-12-14T00:00:00+00:00
[2025-12-13T19:37:19.101+0000] {processor.py:183} INFO - Processing /opt/airflow/dags/seismic_etl_pipeline.py took 0.225 seconds
[2025-12-13T19:37:49.239+0000] {processor.py:161} INFO - Started process (PID=986) to work on /opt/airflow/dags/seismic_etl_pipeline.py
[2025-12-13T19:37:49.239+0000] {processor.py:830} INFO - Processing file /opt/airflow/dags/seismic_etl_pipeline.py for tasks to queue
[2025-12-13T19:37:49.239+0000] {logging_mixin.py:188} INFO - [2025-12-13T19:37:49.239+0000] {dagbag.py:538} INFO - Filling up the DagBag from /opt/airflow/dags/seismic_etl_pipeline.py
[2025-12-13T19:37:49.419+0000] {processor.py:840} INFO - DAG(s) 'seismic_etl_pipeline' retrieved from /opt/airflow/dags/seismic_etl_pipeline.py
[2025-12-13T19:37:49.438+0000] {logging_mixin.py:188} INFO - [2025-12-13T19:37:49.438+0000] {dag.py:3033} INFO - Sync 1 DAGs
[2025-12-13T19:37:49.452+0000] {logging_mixin.py:188} INFO - [2025-12-13T19:37:49.452+0000] {dag.py:3820} INFO - Setting next_dagrun for seismic_etl_pipeline to 2025-12-13T00:00:00+00:00, run_after=2025-12-14T00:00:00+00:00
[2025-12-13T19:37:49.463+0000] {processor.py:183} INFO - Processing /opt/airflow/dags/seismic_etl_pipeline.py took 0.227 seconds
[2025-12-13T19:38:19.603+0000] {processor.py:161} INFO - Started process (PID=1009) to work on /opt/airflow/dags/seismic_etl_pipeline.py
[2025-12-13T19:38:19.604+0000] {processor.py:830} INFO - Processing file /opt/airflow/dags/seismic_etl_pipeline.py for tasks to queue
[2025-12-13T19:38:19.605+0000] {logging_mixin.py:188} INFO - [2025-12-13T19:38:19.604+0000] {dagbag.py:538} INFO - Filling up the DagBag from /opt/airflow/dags/seismic_etl_pipeline.py
[2025-12-13T19:38:19.784+0000] {processor.py:840} INFO - DAG(s) 'seismic_etl_pipeline' retrieved from /opt/airflow/dags/seismic_etl_pipeline.py
[2025-12-13T19:38:19.803+0000] {logging_mixin.py:188} INFO - [2025-12-13T19:38:19.803+0000] {dag.py:3033} INFO - Sync 1 DAGs
[2025-12-13T19:38:19.817+0000] {logging_mixin.py:188} INFO - [2025-12-13T19:38:19.816+0000] {dag.py:3820} INFO - Setting next_dagrun for seismic_etl_pipeline to 2025-12-13T00:00:00+00:00, run_after=2025-12-14T00:00:00+00:00
[2025-12-13T19:38:19.827+0000] {processor.py:183} INFO - Processing /opt/airflow/dags/seismic_etl_pipeline.py took 0.226 seconds
[2025-12-13T19:38:49.969+0000] {processor.py:161} INFO - Started process (PID=1032) to work on /opt/airflow/dags/seismic_etl_pipeline.py
[2025-12-13T19:38:49.970+0000] {processor.py:830} INFO - Processing file /opt/airflow/dags/seismic_etl_pipeline.py for tasks to queue
[2025-12-13T19:38:49.970+0000] {logging_mixin.py:188} INFO - [2025-12-13T19:38:49.970+0000] {dagbag.py:538} INFO - Filling up the DagBag from /opt/airflow/dags/seismic_etl_pipeline.py
[2025-12-13T19:38:50.150+0000] {processor.py:840} INFO - DAG(s) 'seismic_etl_pipeline' retrieved from /opt/airflow/dags/seismic_etl_pipeline.py
[2025-12-13T19:38:50.169+0000] {logging_mixin.py:188} INFO - [2025-12-13T19:38:50.169+0000] {dag.py:3033} INFO - Sync 1 DAGs
[2025-12-13T19:38:50.183+0000] {logging_mixin.py:188} INFO - [2025-12-13T19:38:50.182+0000] {dag.py:3820} INFO - Setting next_dagrun for seismic_etl_pipeline to 2025-12-13T00:00:00+00:00, run_after=2025-12-14T00:00:00+00:00
[2025-12-13T19:38:50.193+0000] {processor.py:183} INFO - Processing /opt/airflow/dags/seismic_etl_pipeline.py took 0.226 seconds
[2025-12-13T19:39:20.332+0000] {processor.py:161} INFO - Started process (PID=1055) to work on /opt/airflow/dags/seismic_etl_pipeline.py
[2025-12-13T19:39:20.333+0000] {processor.py:830} INFO - Processing file /opt/airflow/dags/seismic_etl_pipeline.py for tasks to queue
[2025-12-13T19:39:20.333+0000] {logging_mixin.py:188} INFO - [2025-12-13T19:39:20.333+0000] {dagbag.py:538} INFO - Filling up the DagBag from /opt/airflow/dags/seismic_etl_pipeline.py
[2025-12-13T19:39:20.512+0000] {processor.py:840} INFO - DAG(s) 'seismic_etl_pipeline' retrieved from /opt/airflow/dags/seismic_etl_pipeline.py
[2025-12-13T19:39:20.532+0000] {logging_mixin.py:188} INFO - [2025-12-13T19:39:20.531+0000] {dag.py:3033} INFO - Sync 1 DAGs
[2025-12-13T19:39:20.545+0000] {logging_mixin.py:188} INFO - [2025-12-13T19:39:20.545+0000] {dag.py:3820} INFO - Setting next_dagrun for seismic_etl_pipeline to 2025-12-13T00:00:00+00:00, run_after=2025-12-14T00:00:00+00:00
[2025-12-13T19:39:20.556+0000] {processor.py:183} INFO - Processing /opt/airflow/dags/seismic_etl_pipeline.py took 0.226 seconds
[2025-12-13T19:39:50.696+0000] {processor.py:161} INFO - Started process (PID=1078) to work on /opt/airflow/dags/seismic_etl_pipeline.py
[2025-12-13T19:39:50.696+0000] {processor.py:830} INFO - Processing file /opt/airflow/dags/seismic_etl_pipeline.py for tasks to queue
[2025-12-13T19:39:50.697+0000] {logging_mixin.py:188} INFO - [2025-12-13T19:39:50.696+0000] {dagbag.py:538} INFO - Filling up the DagBag from /opt/airflow/dags/seismic_etl_pipeline.py
[2025-12-13T19:39:50.875+0000] {processor.py:840} INFO - DAG(s) 'seismic_etl_pipeline' retrieved from /opt/airflow/dags/seismic_etl_pipeline.py
[2025-12-13T19:39:50.894+0000] {logging_mixin.py:188} INFO - [2025-12-13T19:39:50.893+0000] {dag.py:3033} INFO - Sync 1 DAGs
[2025-12-13T19:39:50.907+0000] {logging_mixin.py:188} INFO - [2025-12-13T19:39:50.907+0000] {dag.py:3820} INFO - Setting next_dagrun for seismic_etl_pipeline to 2025-12-13T00:00:00+00:00, run_after=2025-12-14T00:00:00+00:00
[2025-12-13T19:39:50.919+0000] {processor.py:183} INFO - Processing /opt/airflow/dags/seismic_etl_pipeline.py took 0.225 seconds
[2025-12-13T19:40:21.056+0000] {processor.py:161} INFO - Started process (PID=1101) to work on /opt/airflow/dags/seismic_etl_pipeline.py
[2025-12-13T19:40:21.057+0000] {processor.py:830} INFO - Processing file /opt/airflow/dags/seismic_etl_pipeline.py for tasks to queue
[2025-12-13T19:40:21.058+0000] {logging_mixin.py:188} INFO - [2025-12-13T19:40:21.057+0000] {dagbag.py:538} INFO - Filling up the DagBag from /opt/airflow/dags/seismic_etl_pipeline.py
[2025-12-13T19:40:21.238+0000] {processor.py:840} INFO - DAG(s) 'seismic_etl_pipeline' retrieved from /opt/airflow/dags/seismic_etl_pipeline.py
[2025-12-13T19:40:21.257+0000] {logging_mixin.py:188} INFO - [2025-12-13T19:40:21.257+0000] {dag.py:3033} INFO - Sync 1 DAGs
[2025-12-13T19:40:21.271+0000] {logging_mixin.py:188} INFO - [2025-12-13T19:40:21.271+0000] {dag.py:3820} INFO - Setting next_dagrun for seismic_etl_pipeline to 2025-12-13T00:00:00+00:00, run_after=2025-12-14T00:00:00+00:00
[2025-12-13T19:40:21.282+0000] {processor.py:183} INFO - Processing /opt/airflow/dags/seismic_etl_pipeline.py took 0.227 seconds
[2025-12-13T19:40:51.423+0000] {processor.py:161} INFO - Started process (PID=1124) to work on /opt/airflow/dags/seismic_etl_pipeline.py
[2025-12-13T19:40:51.423+0000] {processor.py:830} INFO - Processing file /opt/airflow/dags/seismic_etl_pipeline.py for tasks to queue
[2025-12-13T19:40:51.424+0000] {logging_mixin.py:188} INFO - [2025-12-13T19:40:51.423+0000] {dagbag.py:538} INFO - Filling up the DagBag from /opt/airflow/dags/seismic_etl_pipeline.py
[2025-12-13T19:40:51.602+0000] {processor.py:840} INFO - DAG(s) 'seismic_etl_pipeline' retrieved from /opt/airflow/dags/seismic_etl_pipeline.py
[2025-12-13T19:40:51.620+0000] {logging_mixin.py:188} INFO - [2025-12-13T19:40:51.620+0000] {dag.py:3033} INFO - Sync 1 DAGs
[2025-12-13T19:40:51.633+0000] {logging_mixin.py:188} INFO - [2025-12-13T19:40:51.633+0000] {dag.py:3820} INFO - Setting next_dagrun for seismic_etl_pipeline to 2025-12-13T00:00:00+00:00, run_after=2025-12-14T00:00:00+00:00
[2025-12-13T19:40:51.644+0000] {processor.py:183} INFO - Processing /opt/airflow/dags/seismic_etl_pipeline.py took 0.224 seconds
[2025-12-13T19:41:21.786+0000] {processor.py:161} INFO - Started process (PID=1147) to work on /opt/airflow/dags/seismic_etl_pipeline.py
[2025-12-13T19:41:21.787+0000] {processor.py:830} INFO - Processing file /opt/airflow/dags/seismic_etl_pipeline.py for tasks to queue
[2025-12-13T19:41:21.787+0000] {logging_mixin.py:188} INFO - [2025-12-13T19:41:21.787+0000] {dagbag.py:538} INFO - Filling up the DagBag from /opt/airflow/dags/seismic_etl_pipeline.py
[2025-12-13T19:41:21.965+0000] {processor.py:840} INFO - DAG(s) 'seismic_etl_pipeline' retrieved from /opt/airflow/dags/seismic_etl_pipeline.py
[2025-12-13T19:41:21.983+0000] {logging_mixin.py:188} INFO - [2025-12-13T19:41:21.983+0000] {dag.py:3033} INFO - Sync 1 DAGs
[2025-12-13T19:41:21.997+0000] {logging_mixin.py:188} INFO - [2025-12-13T19:41:21.997+0000] {dag.py:3820} INFO - Setting next_dagrun for seismic_etl_pipeline to 2025-12-13T00:00:00+00:00, run_after=2025-12-14T00:00:00+00:00
[2025-12-13T19:41:22.008+0000] {processor.py:183} INFO - Processing /opt/airflow/dags/seismic_etl_pipeline.py took 0.224 seconds
[2025-12-13T19:41:52.149+0000] {processor.py:161} INFO - Started process (PID=1170) to work on /opt/airflow/dags/seismic_etl_pipeline.py
[2025-12-13T19:41:52.149+0000] {processor.py:830} INFO - Processing file /opt/airflow/dags/seismic_etl_pipeline.py for tasks to queue
[2025-12-13T19:41:52.150+0000] {logging_mixin.py:188} INFO - [2025-12-13T19:41:52.150+0000] {dagbag.py:538} INFO - Filling up the DagBag from /opt/airflow/dags/seismic_etl_pipeline.py
[2025-12-13T19:41:52.328+0000] {processor.py:840} INFO - DAG(s) 'seismic_etl_pipeline' retrieved from /opt/airflow/dags/seismic_etl_pipeline.py
[2025-12-13T19:41:52.347+0000] {logging_mixin.py:188} INFO - [2025-12-13T19:41:52.347+0000] {dag.py:3033} INFO - Sync 1 DAGs
[2025-12-13T19:41:52.360+0000] {logging_mixin.py:188} INFO - [2025-12-13T19:41:52.360+0000] {dag.py:3820} INFO - Setting next_dagrun for seismic_etl_pipeline to 2025-12-13T00:00:00+00:00, run_after=2025-12-14T00:00:00+00:00
[2025-12-13T19:41:52.372+0000] {processor.py:183} INFO - Processing /opt/airflow/dags/seismic_etl_pipeline.py took 0.225 seconds
[2025-12-13T19:42:22.510+0000] {processor.py:161} INFO - Started process (PID=1193) to work on /opt/airflow/dags/seismic_etl_pipeline.py
[2025-12-13T19:42:22.514+0000] {processor.py:830} INFO - Processing file /opt/airflow/dags/seismic_etl_pipeline.py for tasks to queue
[2025-12-13T19:42:22.514+0000] {logging_mixin.py:188} INFO - [2025-12-13T19:42:22.514+0000] {dagbag.py:538} INFO - Filling up the DagBag from /opt/airflow/dags/seismic_etl_pipeline.py
[2025-12-13T19:42:22.692+0000] {processor.py:840} INFO - DAG(s) 'seismic_etl_pipeline' retrieved from /opt/airflow/dags/seismic_etl_pipeline.py
[2025-12-13T19:42:22.711+0000] {logging_mixin.py:188} INFO - [2025-12-13T19:42:22.710+0000] {dag.py:3033} INFO - Sync 1 DAGs
[2025-12-13T19:42:22.725+0000] {logging_mixin.py:188} INFO - [2025-12-13T19:42:22.724+0000] {dag.py:3820} INFO - Setting next_dagrun for seismic_etl_pipeline to 2025-12-13T00:00:00+00:00, run_after=2025-12-14T00:00:00+00:00
[2025-12-13T19:42:22.735+0000] {processor.py:183} INFO - Processing /opt/airflow/dags/seismic_etl_pipeline.py took 0.228 seconds
[2025-12-13T19:42:52.872+0000] {processor.py:161} INFO - Started process (PID=1216) to work on /opt/airflow/dags/seismic_etl_pipeline.py
[2025-12-13T19:42:52.872+0000] {processor.py:830} INFO - Processing file /opt/airflow/dags/seismic_etl_pipeline.py for tasks to queue
[2025-12-13T19:42:52.873+0000] {logging_mixin.py:188} INFO - [2025-12-13T19:42:52.872+0000] {dagbag.py:538} INFO - Filling up the DagBag from /opt/airflow/dags/seismic_etl_pipeline.py
[2025-12-13T19:42:53.051+0000] {processor.py:840} INFO - DAG(s) 'seismic_etl_pipeline' retrieved from /opt/airflow/dags/seismic_etl_pipeline.py
[2025-12-13T19:42:53.070+0000] {logging_mixin.py:188} INFO - [2025-12-13T19:42:53.070+0000] {dag.py:3033} INFO - Sync 1 DAGs
[2025-12-13T19:42:53.084+0000] {logging_mixin.py:188} INFO - [2025-12-13T19:42:53.084+0000] {dag.py:3820} INFO - Setting next_dagrun for seismic_etl_pipeline to 2025-12-13T00:00:00+00:00, run_after=2025-12-14T00:00:00+00:00
[2025-12-13T19:42:53.095+0000] {processor.py:183} INFO - Processing /opt/airflow/dags/seismic_etl_pipeline.py took 0.225 seconds
[2025-12-13T19:43:23.233+0000] {processor.py:161} INFO - Started process (PID=1239) to work on /opt/airflow/dags/seismic_etl_pipeline.py
[2025-12-13T19:43:23.234+0000] {processor.py:830} INFO - Processing file /opt/airflow/dags/seismic_etl_pipeline.py for tasks to queue
[2025-12-13T19:43:23.234+0000] {logging_mixin.py:188} INFO - [2025-12-13T19:43:23.234+0000] {dagbag.py:538} INFO - Filling up the DagBag from /opt/airflow/dags/seismic_etl_pipeline.py
[2025-12-13T19:43:23.414+0000] {processor.py:840} INFO - DAG(s) 'seismic_etl_pipeline' retrieved from /opt/airflow/dags/seismic_etl_pipeline.py
[2025-12-13T19:43:23.433+0000] {logging_mixin.py:188} INFO - [2025-12-13T19:43:23.433+0000] {dag.py:3033} INFO - Sync 1 DAGs
[2025-12-13T19:43:23.446+0000] {logging_mixin.py:188} INFO - [2025-12-13T19:43:23.446+0000] {dag.py:3820} INFO - Setting next_dagrun for seismic_etl_pipeline to 2025-12-13T00:00:00+00:00, run_after=2025-12-14T00:00:00+00:00
[2025-12-13T19:43:23.458+0000] {processor.py:183} INFO - Processing /opt/airflow/dags/seismic_etl_pipeline.py took 0.227 seconds
[2025-12-13T19:43:53.597+0000] {processor.py:161} INFO - Started process (PID=1262) to work on /opt/airflow/dags/seismic_etl_pipeline.py
[2025-12-13T19:43:53.597+0000] {processor.py:830} INFO - Processing file /opt/airflow/dags/seismic_etl_pipeline.py for tasks to queue
[2025-12-13T19:43:53.598+0000] {logging_mixin.py:188} INFO - [2025-12-13T19:43:53.598+0000] {dagbag.py:538} INFO - Filling up the DagBag from /opt/airflow/dags/seismic_etl_pipeline.py
[2025-12-13T19:43:53.777+0000] {processor.py:840} INFO - DAG(s) 'seismic_etl_pipeline' retrieved from /opt/airflow/dags/seismic_etl_pipeline.py
[2025-12-13T19:43:53.795+0000] {logging_mixin.py:188} INFO - [2025-12-13T19:43:53.795+0000] {dag.py:3033} INFO - Sync 1 DAGs
[2025-12-13T19:43:53.809+0000] {logging_mixin.py:188} INFO - [2025-12-13T19:43:53.809+0000] {dag.py:3820} INFO - Setting next_dagrun for seismic_etl_pipeline to 2025-12-13T00:00:00+00:00, run_after=2025-12-14T00:00:00+00:00
[2025-12-13T19:43:53.820+0000] {processor.py:183} INFO - Processing /opt/airflow/dags/seismic_etl_pipeline.py took 0.225 seconds
[2025-12-13T19:44:23.956+0000] {processor.py:161} INFO - Started process (PID=1285) to work on /opt/airflow/dags/seismic_etl_pipeline.py
[2025-12-13T19:44:23.957+0000] {processor.py:830} INFO - Processing file /opt/airflow/dags/seismic_etl_pipeline.py for tasks to queue
[2025-12-13T19:44:23.957+0000] {logging_mixin.py:188} INFO - [2025-12-13T19:44:23.957+0000] {dagbag.py:538} INFO - Filling up the DagBag from /opt/airflow/dags/seismic_etl_pipeline.py
[2025-12-13T19:44:24.137+0000] {processor.py:840} INFO - DAG(s) 'seismic_etl_pipeline' retrieved from /opt/airflow/dags/seismic_etl_pipeline.py
[2025-12-13T19:44:24.156+0000] {logging_mixin.py:188} INFO - [2025-12-13T19:44:24.156+0000] {dag.py:3033} INFO - Sync 1 DAGs
[2025-12-13T19:44:24.169+0000] {logging_mixin.py:188} INFO - [2025-12-13T19:44:24.169+0000] {dag.py:3820} INFO - Setting next_dagrun for seismic_etl_pipeline to 2025-12-13T00:00:00+00:00, run_after=2025-12-14T00:00:00+00:00
[2025-12-13T19:44:24.180+0000] {processor.py:183} INFO - Processing /opt/airflow/dags/seismic_etl_pipeline.py took 0.226 seconds
[2025-12-13T19:44:54.315+0000] {processor.py:161} INFO - Started process (PID=1308) to work on /opt/airflow/dags/seismic_etl_pipeline.py
[2025-12-13T19:44:54.315+0000] {processor.py:830} INFO - Processing file /opt/airflow/dags/seismic_etl_pipeline.py for tasks to queue
[2025-12-13T19:44:54.316+0000] {logging_mixin.py:188} INFO - [2025-12-13T19:44:54.316+0000] {dagbag.py:538} INFO - Filling up the DagBag from /opt/airflow/dags/seismic_etl_pipeline.py
[2025-12-13T19:44:54.493+0000] {processor.py:840} INFO - DAG(s) 'seismic_etl_pipeline' retrieved from /opt/airflow/dags/seismic_etl_pipeline.py
[2025-12-13T19:44:54.512+0000] {logging_mixin.py:188} INFO - [2025-12-13T19:44:54.512+0000] {dag.py:3033} INFO - Sync 1 DAGs
[2025-12-13T19:44:54.526+0000] {logging_mixin.py:188} INFO - [2025-12-13T19:44:54.526+0000] {dag.py:3820} INFO - Setting next_dagrun for seismic_etl_pipeline to 2025-12-13T00:00:00+00:00, run_after=2025-12-14T00:00:00+00:00
[2025-12-13T19:44:54.536+0000] {processor.py:183} INFO - Processing /opt/airflow/dags/seismic_etl_pipeline.py took 0.224 seconds
[2025-12-13T19:45:24.676+0000] {processor.py:161} INFO - Started process (PID=1331) to work on /opt/airflow/dags/seismic_etl_pipeline.py
[2025-12-13T19:45:24.677+0000] {processor.py:830} INFO - Processing file /opt/airflow/dags/seismic_etl_pipeline.py for tasks to queue
[2025-12-13T19:45:24.677+0000] {logging_mixin.py:188} INFO - [2025-12-13T19:45:24.677+0000] {dagbag.py:538} INFO - Filling up the DagBag from /opt/airflow/dags/seismic_etl_pipeline.py
[2025-12-13T19:45:24.856+0000] {processor.py:840} INFO - DAG(s) 'seismic_etl_pipeline' retrieved from /opt/airflow/dags/seismic_etl_pipeline.py
[2025-12-13T19:45:24.875+0000] {logging_mixin.py:188} INFO - [2025-12-13T19:45:24.875+0000] {dag.py:3033} INFO - Sync 1 DAGs
[2025-12-13T19:45:24.889+0000] {logging_mixin.py:188} INFO - [2025-12-13T19:45:24.889+0000] {dag.py:3820} INFO - Setting next_dagrun for seismic_etl_pipeline to 2025-12-13T00:00:00+00:00, run_after=2025-12-14T00:00:00+00:00
[2025-12-13T19:45:24.900+0000] {processor.py:183} INFO - Processing /opt/airflow/dags/seismic_etl_pipeline.py took 0.226 seconds
[2025-12-13T19:45:55.042+0000] {processor.py:161} INFO - Started process (PID=1354) to work on /opt/airflow/dags/seismic_etl_pipeline.py
[2025-12-13T19:45:55.042+0000] {processor.py:830} INFO - Processing file /opt/airflow/dags/seismic_etl_pipeline.py for tasks to queue
[2025-12-13T19:45:55.043+0000] {logging_mixin.py:188} INFO - [2025-12-13T19:45:55.042+0000] {dagbag.py:538} INFO - Filling up the DagBag from /opt/airflow/dags/seismic_etl_pipeline.py
[2025-12-13T19:45:55.220+0000] {processor.py:840} INFO - DAG(s) 'seismic_etl_pipeline' retrieved from /opt/airflow/dags/seismic_etl_pipeline.py
[2025-12-13T19:45:55.239+0000] {logging_mixin.py:188} INFO - [2025-12-13T19:45:55.238+0000] {dag.py:3033} INFO - Sync 1 DAGs
[2025-12-13T19:45:55.252+0000] {logging_mixin.py:188} INFO - [2025-12-13T19:45:55.252+0000] {dag.py:3820} INFO - Setting next_dagrun for seismic_etl_pipeline to 2025-12-13T00:00:00+00:00, run_after=2025-12-14T00:00:00+00:00
[2025-12-13T19:45:55.264+0000] {processor.py:183} INFO - Processing /opt/airflow/dags/seismic_etl_pipeline.py took 0.225 seconds
[2025-12-13T19:46:25.405+0000] {processor.py:161} INFO - Started process (PID=1377) to work on /opt/airflow/dags/seismic_etl_pipeline.py
[2025-12-13T19:46:25.406+0000] {processor.py:830} INFO - Processing file /opt/airflow/dags/seismic_etl_pipeline.py for tasks to queue
[2025-12-13T19:46:25.406+0000] {logging_mixin.py:188} INFO - [2025-12-13T19:46:25.406+0000] {dagbag.py:538} INFO - Filling up the DagBag from /opt/airflow/dags/seismic_etl_pipeline.py
[2025-12-13T19:46:25.584+0000] {processor.py:840} INFO - DAG(s) 'seismic_etl_pipeline' retrieved from /opt/airflow/dags/seismic_etl_pipeline.py
[2025-12-13T19:46:25.603+0000] {logging_mixin.py:188} INFO - [2025-12-13T19:46:25.603+0000] {dag.py:3033} INFO - Sync 1 DAGs
[2025-12-13T19:46:25.617+0000] {logging_mixin.py:188} INFO - [2025-12-13T19:46:25.617+0000] {dag.py:3820} INFO - Setting next_dagrun for seismic_etl_pipeline to 2025-12-13T00:00:00+00:00, run_after=2025-12-14T00:00:00+00:00
[2025-12-13T19:46:25.627+0000] {processor.py:183} INFO - Processing /opt/airflow/dags/seismic_etl_pipeline.py took 0.224 seconds
[2025-12-13T19:46:55.765+0000] {processor.py:161} INFO - Started process (PID=1400) to work on /opt/airflow/dags/seismic_etl_pipeline.py
[2025-12-13T19:46:55.765+0000] {processor.py:830} INFO - Processing file /opt/airflow/dags/seismic_etl_pipeline.py for tasks to queue
[2025-12-13T19:46:55.766+0000] {logging_mixin.py:188} INFO - [2025-12-13T19:46:55.765+0000] {dagbag.py:538} INFO - Filling up the DagBag from /opt/airflow/dags/seismic_etl_pipeline.py
[2025-12-13T19:46:55.944+0000] {processor.py:840} INFO - DAG(s) 'seismic_etl_pipeline' retrieved from /opt/airflow/dags/seismic_etl_pipeline.py
[2025-12-13T19:46:55.962+0000] {logging_mixin.py:188} INFO - [2025-12-13T19:46:55.962+0000] {dag.py:3033} INFO - Sync 1 DAGs
[2025-12-13T19:46:55.976+0000] {logging_mixin.py:188} INFO - [2025-12-13T19:46:55.975+0000] {dag.py:3820} INFO - Setting next_dagrun for seismic_etl_pipeline to 2025-12-13T00:00:00+00:00, run_after=2025-12-14T00:00:00+00:00
[2025-12-13T19:46:55.986+0000] {processor.py:183} INFO - Processing /opt/airflow/dags/seismic_etl_pipeline.py took 0.224 seconds
[2025-12-13T19:47:26.122+0000] {processor.py:161} INFO - Started process (PID=1423) to work on /opt/airflow/dags/seismic_etl_pipeline.py
[2025-12-13T19:47:26.122+0000] {processor.py:830} INFO - Processing file /opt/airflow/dags/seismic_etl_pipeline.py for tasks to queue
[2025-12-13T19:47:26.123+0000] {logging_mixin.py:188} INFO - [2025-12-13T19:47:26.123+0000] {dagbag.py:538} INFO - Filling up the DagBag from /opt/airflow/dags/seismic_etl_pipeline.py
[2025-12-13T19:47:26.302+0000] {processor.py:840} INFO - DAG(s) 'seismic_etl_pipeline' retrieved from /opt/airflow/dags/seismic_etl_pipeline.py
[2025-12-13T19:47:26.320+0000] {logging_mixin.py:188} INFO - [2025-12-13T19:47:26.320+0000] {dag.py:3033} INFO - Sync 1 DAGs
[2025-12-13T19:47:26.334+0000] {logging_mixin.py:188} INFO - [2025-12-13T19:47:26.334+0000] {dag.py:3820} INFO - Setting next_dagrun for seismic_etl_pipeline to 2025-12-13T00:00:00+00:00, run_after=2025-12-14T00:00:00+00:00
[2025-12-13T19:47:26.345+0000] {processor.py:183} INFO - Processing /opt/airflow/dags/seismic_etl_pipeline.py took 0.225 seconds
[2025-12-13T19:47:56.485+0000] {processor.py:161} INFO - Started process (PID=1446) to work on /opt/airflow/dags/seismic_etl_pipeline.py
[2025-12-13T19:47:56.486+0000] {processor.py:830} INFO - Processing file /opt/airflow/dags/seismic_etl_pipeline.py for tasks to queue
[2025-12-13T19:47:56.486+0000] {logging_mixin.py:188} INFO - [2025-12-13T19:47:56.486+0000] {dagbag.py:538} INFO - Filling up the DagBag from /opt/airflow/dags/seismic_etl_pipeline.py
[2025-12-13T19:47:56.665+0000] {processor.py:840} INFO - DAG(s) 'seismic_etl_pipeline' retrieved from /opt/airflow/dags/seismic_etl_pipeline.py
[2025-12-13T19:47:56.684+0000] {logging_mixin.py:188} INFO - [2025-12-13T19:47:56.683+0000] {dag.py:3033} INFO - Sync 1 DAGs
[2025-12-13T19:47:56.697+0000] {logging_mixin.py:188} INFO - [2025-12-13T19:47:56.697+0000] {dag.py:3820} INFO - Setting next_dagrun for seismic_etl_pipeline to 2025-12-13T00:00:00+00:00, run_after=2025-12-14T00:00:00+00:00
[2025-12-13T19:47:56.708+0000] {processor.py:183} INFO - Processing /opt/airflow/dags/seismic_etl_pipeline.py took 0.225 seconds
[2025-12-13T19:48:26.848+0000] {processor.py:161} INFO - Started process (PID=1469) to work on /opt/airflow/dags/seismic_etl_pipeline.py
[2025-12-13T19:48:26.849+0000] {processor.py:830} INFO - Processing file /opt/airflow/dags/seismic_etl_pipeline.py for tasks to queue
[2025-12-13T19:48:26.849+0000] {logging_mixin.py:188} INFO - [2025-12-13T19:48:26.849+0000] {dagbag.py:538} INFO - Filling up the DagBag from /opt/airflow/dags/seismic_etl_pipeline.py
[2025-12-13T19:48:27.028+0000] {processor.py:840} INFO - DAG(s) 'seismic_etl_pipeline' retrieved from /opt/airflow/dags/seismic_etl_pipeline.py
[2025-12-13T19:48:27.047+0000] {logging_mixin.py:188} INFO - [2025-12-13T19:48:27.047+0000] {dag.py:3033} INFO - Sync 1 DAGs
[2025-12-13T19:48:27.061+0000] {logging_mixin.py:188} INFO - [2025-12-13T19:48:27.061+0000] {dag.py:3820} INFO - Setting next_dagrun for seismic_etl_pipeline to 2025-12-13T00:00:00+00:00, run_after=2025-12-14T00:00:00+00:00
[2025-12-13T19:48:27.072+0000] {processor.py:183} INFO - Processing /opt/airflow/dags/seismic_etl_pipeline.py took 0.226 seconds
[2025-12-13T19:48:57.210+0000] {processor.py:161} INFO - Started process (PID=1492) to work on /opt/airflow/dags/seismic_etl_pipeline.py
[2025-12-13T19:48:57.211+0000] {processor.py:830} INFO - Processing file /opt/airflow/dags/seismic_etl_pipeline.py for tasks to queue
[2025-12-13T19:48:57.211+0000] {logging_mixin.py:188} INFO - [2025-12-13T19:48:57.211+0000] {dagbag.py:538} INFO - Filling up the DagBag from /opt/airflow/dags/seismic_etl_pipeline.py
[2025-12-13T19:48:57.390+0000] {processor.py:840} INFO - DAG(s) 'seismic_etl_pipeline' retrieved from /opt/airflow/dags/seismic_etl_pipeline.py
[2025-12-13T19:48:57.409+0000] {logging_mixin.py:188} INFO - [2025-12-13T19:48:57.409+0000] {dag.py:3033} INFO - Sync 1 DAGs
[2025-12-13T19:48:57.422+0000] {logging_mixin.py:188} INFO - [2025-12-13T19:48:57.422+0000] {dag.py:3820} INFO - Setting next_dagrun for seismic_etl_pipeline to 2025-12-13T00:00:00+00:00, run_after=2025-12-14T00:00:00+00:00
[2025-12-13T19:48:57.433+0000] {processor.py:183} INFO - Processing /opt/airflow/dags/seismic_etl_pipeline.py took 0.225 seconds
[2025-12-13T19:49:27.573+0000] {processor.py:161} INFO - Started process (PID=1515) to work on /opt/airflow/dags/seismic_etl_pipeline.py
[2025-12-13T19:49:27.573+0000] {processor.py:830} INFO - Processing file /opt/airflow/dags/seismic_etl_pipeline.py for tasks to queue
[2025-12-13T19:49:27.574+0000] {logging_mixin.py:188} INFO - [2025-12-13T19:49:27.574+0000] {dagbag.py:538} INFO - Filling up the DagBag from /opt/airflow/dags/seismic_etl_pipeline.py
[2025-12-13T19:49:27.752+0000] {processor.py:840} INFO - DAG(s) 'seismic_etl_pipeline' retrieved from /opt/airflow/dags/seismic_etl_pipeline.py
[2025-12-13T19:49:27.770+0000] {logging_mixin.py:188} INFO - [2025-12-13T19:49:27.770+0000] {dag.py:3033} INFO - Sync 1 DAGs
[2025-12-13T19:49:27.784+0000] {logging_mixin.py:188} INFO - [2025-12-13T19:49:27.783+0000] {dag.py:3820} INFO - Setting next_dagrun for seismic_etl_pipeline to 2025-12-13T00:00:00+00:00, run_after=2025-12-14T00:00:00+00:00
[2025-12-13T19:49:27.795+0000] {processor.py:183} INFO - Processing /opt/airflow/dags/seismic_etl_pipeline.py took 0.224 seconds
[2025-12-13T19:49:57.936+0000] {processor.py:161} INFO - Started process (PID=1538) to work on /opt/airflow/dags/seismic_etl_pipeline.py
[2025-12-13T19:49:57.940+0000] {processor.py:830} INFO - Processing file /opt/airflow/dags/seismic_etl_pipeline.py for tasks to queue
[2025-12-13T19:49:57.940+0000] {logging_mixin.py:188} INFO - [2025-12-13T19:49:57.940+0000] {dagbag.py:538} INFO - Filling up the DagBag from /opt/airflow/dags/seismic_etl_pipeline.py
[2025-12-13T19:49:58.121+0000] {processor.py:840} INFO - DAG(s) 'seismic_etl_pipeline' retrieved from /opt/airflow/dags/seismic_etl_pipeline.py
[2025-12-13T19:49:58.139+0000] {logging_mixin.py:188} INFO - [2025-12-13T19:49:58.139+0000] {dag.py:3033} INFO - Sync 1 DAGs
[2025-12-13T19:49:58.153+0000] {logging_mixin.py:188} INFO - [2025-12-13T19:49:58.153+0000] {dag.py:3820} INFO - Setting next_dagrun for seismic_etl_pipeline to 2025-12-13T00:00:00+00:00, run_after=2025-12-14T00:00:00+00:00
[2025-12-13T19:49:58.164+0000] {processor.py:183} INFO - Processing /opt/airflow/dags/seismic_etl_pipeline.py took 0.231 seconds
[2025-12-13T19:50:28.298+0000] {processor.py:161} INFO - Started process (PID=1561) to work on /opt/airflow/dags/seismic_etl_pipeline.py
[2025-12-13T19:50:28.298+0000] {processor.py:830} INFO - Processing file /opt/airflow/dags/seismic_etl_pipeline.py for tasks to queue
[2025-12-13T19:50:28.298+0000] {logging_mixin.py:188} INFO - [2025-12-13T19:50:28.298+0000] {dagbag.py:538} INFO - Filling up the DagBag from /opt/airflow/dags/seismic_etl_pipeline.py
[2025-12-13T19:50:28.477+0000] {processor.py:840} INFO - DAG(s) 'seismic_etl_pipeline' retrieved from /opt/airflow/dags/seismic_etl_pipeline.py
[2025-12-13T19:50:28.496+0000] {logging_mixin.py:188} INFO - [2025-12-13T19:50:28.495+0000] {dag.py:3033} INFO - Sync 1 DAGs
[2025-12-13T19:50:28.509+0000] {logging_mixin.py:188} INFO - [2025-12-13T19:50:28.509+0000] {dag.py:3820} INFO - Setting next_dagrun for seismic_etl_pipeline to 2025-12-13T00:00:00+00:00, run_after=2025-12-14T00:00:00+00:00
[2025-12-13T19:50:28.519+0000] {processor.py:183} INFO - Processing /opt/airflow/dags/seismic_etl_pipeline.py took 0.224 seconds
[2025-12-13T19:50:58.664+0000] {processor.py:161} INFO - Started process (PID=1584) to work on /opt/airflow/dags/seismic_etl_pipeline.py
[2025-12-13T19:50:58.665+0000] {processor.py:830} INFO - Processing file /opt/airflow/dags/seismic_etl_pipeline.py for tasks to queue
[2025-12-13T19:50:58.665+0000] {logging_mixin.py:188} INFO - [2025-12-13T19:50:58.665+0000] {dagbag.py:538} INFO - Filling up the DagBag from /opt/airflow/dags/seismic_etl_pipeline.py
[2025-12-13T19:50:58.843+0000] {processor.py:840} INFO - DAG(s) 'seismic_etl_pipeline' retrieved from /opt/airflow/dags/seismic_etl_pipeline.py
[2025-12-13T19:50:58.861+0000] {logging_mixin.py:188} INFO - [2025-12-13T19:50:58.861+0000] {dag.py:3033} INFO - Sync 1 DAGs
[2025-12-13T19:50:58.875+0000] {logging_mixin.py:188} INFO - [2025-12-13T19:50:58.874+0000] {dag.py:3820} INFO - Setting next_dagrun for seismic_etl_pipeline to 2025-12-13T00:00:00+00:00, run_after=2025-12-14T00:00:00+00:00
[2025-12-13T19:50:58.885+0000] {processor.py:183} INFO - Processing /opt/airflow/dags/seismic_etl_pipeline.py took 0.223 seconds
[2025-12-13T19:51:29.027+0000] {processor.py:161} INFO - Started process (PID=1607) to work on /opt/airflow/dags/seismic_etl_pipeline.py
[2025-12-13T19:51:29.028+0000] {processor.py:830} INFO - Processing file /opt/airflow/dags/seismic_etl_pipeline.py for tasks to queue
[2025-12-13T19:51:29.028+0000] {logging_mixin.py:188} INFO - [2025-12-13T19:51:29.028+0000] {dagbag.py:538} INFO - Filling up the DagBag from /opt/airflow/dags/seismic_etl_pipeline.py
[2025-12-13T19:51:29.207+0000] {processor.py:840} INFO - DAG(s) 'seismic_etl_pipeline' retrieved from /opt/airflow/dags/seismic_etl_pipeline.py
[2025-12-13T19:51:29.226+0000] {logging_mixin.py:188} INFO - [2025-12-13T19:51:29.226+0000] {dag.py:3033} INFO - Sync 1 DAGs
[2025-12-13T19:51:29.239+0000] {logging_mixin.py:188} INFO - [2025-12-13T19:51:29.239+0000] {dag.py:3820} INFO - Setting next_dagrun for seismic_etl_pipeline to 2025-12-13T00:00:00+00:00, run_after=2025-12-14T00:00:00+00:00
[2025-12-13T19:51:29.251+0000] {processor.py:183} INFO - Processing /opt/airflow/dags/seismic_etl_pipeline.py took 0.225 seconds
[2025-12-13T19:51:59.391+0000] {processor.py:161} INFO - Started process (PID=1630) to work on /opt/airflow/dags/seismic_etl_pipeline.py
[2025-12-13T19:51:59.393+0000] {processor.py:830} INFO - Processing file /opt/airflow/dags/seismic_etl_pipeline.py for tasks to queue
[2025-12-13T19:51:59.394+0000] {logging_mixin.py:188} INFO - [2025-12-13T19:51:59.393+0000] {dagbag.py:538} INFO - Filling up the DagBag from /opt/airflow/dags/seismic_etl_pipeline.py
[2025-12-13T19:51:59.572+0000] {processor.py:840} INFO - DAG(s) 'seismic_etl_pipeline' retrieved from /opt/airflow/dags/seismic_etl_pipeline.py
[2025-12-13T19:51:59.590+0000] {logging_mixin.py:188} INFO - [2025-12-13T19:51:59.590+0000] {dag.py:3033} INFO - Sync 1 DAGs
[2025-12-13T19:51:59.604+0000] {logging_mixin.py:188} INFO - [2025-12-13T19:51:59.603+0000] {dag.py:3820} INFO - Setting next_dagrun for seismic_etl_pipeline to 2025-12-13T00:00:00+00:00, run_after=2025-12-14T00:00:00+00:00
[2025-12-13T19:51:59.615+0000] {processor.py:183} INFO - Processing /opt/airflow/dags/seismic_etl_pipeline.py took 0.227 seconds
[2025-12-13T19:52:29.752+0000] {processor.py:161} INFO - Started process (PID=1653) to work on /opt/airflow/dags/seismic_etl_pipeline.py
[2025-12-13T19:52:29.752+0000] {processor.py:830} INFO - Processing file /opt/airflow/dags/seismic_etl_pipeline.py for tasks to queue
[2025-12-13T19:52:29.752+0000] {logging_mixin.py:188} INFO - [2025-12-13T19:52:29.752+0000] {dagbag.py:538} INFO - Filling up the DagBag from /opt/airflow/dags/seismic_etl_pipeline.py
[2025-12-13T19:52:29.931+0000] {processor.py:840} INFO - DAG(s) 'seismic_etl_pipeline' retrieved from /opt/airflow/dags/seismic_etl_pipeline.py
[2025-12-13T19:52:29.950+0000] {logging_mixin.py:188} INFO - [2025-12-13T19:52:29.950+0000] {dag.py:3033} INFO - Sync 1 DAGs
[2025-12-13T19:52:29.964+0000] {logging_mixin.py:188} INFO - [2025-12-13T19:52:29.963+0000] {dag.py:3820} INFO - Setting next_dagrun for seismic_etl_pipeline to 2025-12-13T00:00:00+00:00, run_after=2025-12-14T00:00:00+00:00
[2025-12-13T19:52:29.974+0000] {processor.py:183} INFO - Processing /opt/airflow/dags/seismic_etl_pipeline.py took 0.225 seconds
[2025-12-13T19:53:00.111+0000] {processor.py:161} INFO - Started process (PID=1676) to work on /opt/airflow/dags/seismic_etl_pipeline.py
[2025-12-13T19:53:00.112+0000] {processor.py:830} INFO - Processing file /opt/airflow/dags/seismic_etl_pipeline.py for tasks to queue
[2025-12-13T19:53:00.112+0000] {logging_mixin.py:188} INFO - [2025-12-13T19:53:00.112+0000] {dagbag.py:538} INFO - Filling up the DagBag from /opt/airflow/dags/seismic_etl_pipeline.py
[2025-12-13T19:53:00.290+0000] {processor.py:840} INFO - DAG(s) 'seismic_etl_pipeline' retrieved from /opt/airflow/dags/seismic_etl_pipeline.py
[2025-12-13T19:53:00.308+0000] {logging_mixin.py:188} INFO - [2025-12-13T19:53:00.308+0000] {dag.py:3033} INFO - Sync 1 DAGs
[2025-12-13T19:53:00.321+0000] {logging_mixin.py:188} INFO - [2025-12-13T19:53:00.321+0000] {dag.py:3820} INFO - Setting next_dagrun for seismic_etl_pipeline to 2025-12-13T00:00:00+00:00, run_after=2025-12-14T00:00:00+00:00
[2025-12-13T19:53:00.332+0000] {processor.py:183} INFO - Processing /opt/airflow/dags/seismic_etl_pipeline.py took 0.223 seconds
[2025-12-13T19:53:30.471+0000] {processor.py:161} INFO - Started process (PID=1699) to work on /opt/airflow/dags/seismic_etl_pipeline.py
[2025-12-13T19:53:30.472+0000] {processor.py:830} INFO - Processing file /opt/airflow/dags/seismic_etl_pipeline.py for tasks to queue
[2025-12-13T19:53:30.472+0000] {logging_mixin.py:188} INFO - [2025-12-13T19:53:30.472+0000] {dagbag.py:538} INFO - Filling up the DagBag from /opt/airflow/dags/seismic_etl_pipeline.py
[2025-12-13T19:53:30.650+0000] {processor.py:840} INFO - DAG(s) 'seismic_etl_pipeline' retrieved from /opt/airflow/dags/seismic_etl_pipeline.py
[2025-12-13T19:53:30.669+0000] {logging_mixin.py:188} INFO - [2025-12-13T19:53:30.668+0000] {dag.py:3033} INFO - Sync 1 DAGs
[2025-12-13T19:53:30.683+0000] {logging_mixin.py:188} INFO - [2025-12-13T19:53:30.683+0000] {dag.py:3820} INFO - Setting next_dagrun for seismic_etl_pipeline to 2025-12-13T00:00:00+00:00, run_after=2025-12-14T00:00:00+00:00
[2025-12-13T19:53:30.694+0000] {processor.py:183} INFO - Processing /opt/airflow/dags/seismic_etl_pipeline.py took 0.225 seconds
[2025-12-13T19:54:00.831+0000] {processor.py:161} INFO - Started process (PID=1722) to work on /opt/airflow/dags/seismic_etl_pipeline.py
[2025-12-13T19:54:00.832+0000] {processor.py:830} INFO - Processing file /opt/airflow/dags/seismic_etl_pipeline.py for tasks to queue
[2025-12-13T19:54:00.833+0000] {logging_mixin.py:188} INFO - [2025-12-13T19:54:00.832+0000] {dagbag.py:538} INFO - Filling up the DagBag from /opt/airflow/dags/seismic_etl_pipeline.py
[2025-12-13T19:54:01.010+0000] {processor.py:840} INFO - DAG(s) 'seismic_etl_pipeline' retrieved from /opt/airflow/dags/seismic_etl_pipeline.py
[2025-12-13T19:54:01.028+0000] {logging_mixin.py:188} INFO - [2025-12-13T19:54:01.028+0000] {dag.py:3033} INFO - Sync 1 DAGs
[2025-12-13T19:54:01.041+0000] {logging_mixin.py:188} INFO - [2025-12-13T19:54:01.041+0000] {dag.py:3820} INFO - Setting next_dagrun for seismic_etl_pipeline to 2025-12-13T00:00:00+00:00, run_after=2025-12-14T00:00:00+00:00
[2025-12-13T19:54:01.053+0000] {processor.py:183} INFO - Processing /opt/airflow/dags/seismic_etl_pipeline.py took 0.224 seconds
[2025-12-13T19:54:31.193+0000] {processor.py:161} INFO - Started process (PID=1745) to work on /opt/airflow/dags/seismic_etl_pipeline.py
[2025-12-13T19:54:31.193+0000] {processor.py:830} INFO - Processing file /opt/airflow/dags/seismic_etl_pipeline.py for tasks to queue
[2025-12-13T19:54:31.194+0000] {logging_mixin.py:188} INFO - [2025-12-13T19:54:31.193+0000] {dagbag.py:538} INFO - Filling up the DagBag from /opt/airflow/dags/seismic_etl_pipeline.py
[2025-12-13T19:54:31.372+0000] {processor.py:840} INFO - DAG(s) 'seismic_etl_pipeline' retrieved from /opt/airflow/dags/seismic_etl_pipeline.py
[2025-12-13T19:54:31.391+0000] {logging_mixin.py:188} INFO - [2025-12-13T19:54:31.390+0000] {dag.py:3033} INFO - Sync 1 DAGs
[2025-12-13T19:54:31.405+0000] {logging_mixin.py:188} INFO - [2025-12-13T19:54:31.405+0000] {dag.py:3820} INFO - Setting next_dagrun for seismic_etl_pipeline to 2025-12-13T00:00:00+00:00, run_after=2025-12-14T00:00:00+00:00
[2025-12-13T19:54:31.416+0000] {processor.py:183} INFO - Processing /opt/airflow/dags/seismic_etl_pipeline.py took 0.225 seconds
[2025-12-13T19:55:01.558+0000] {processor.py:161} INFO - Started process (PID=1768) to work on /opt/airflow/dags/seismic_etl_pipeline.py
[2025-12-13T19:55:01.559+0000] {processor.py:830} INFO - Processing file /opt/airflow/dags/seismic_etl_pipeline.py for tasks to queue
[2025-12-13T19:55:01.560+0000] {logging_mixin.py:188} INFO - [2025-12-13T19:55:01.559+0000] {dagbag.py:538} INFO - Filling up the DagBag from /opt/airflow/dags/seismic_etl_pipeline.py
[2025-12-13T19:55:01.737+0000] {processor.py:840} INFO - DAG(s) 'seismic_etl_pipeline' retrieved from /opt/airflow/dags/seismic_etl_pipeline.py
[2025-12-13T19:55:01.756+0000] {logging_mixin.py:188} INFO - [2025-12-13T19:55:01.756+0000] {dag.py:3033} INFO - Sync 1 DAGs
[2025-12-13T19:55:01.769+0000] {logging_mixin.py:188} INFO - [2025-12-13T19:55:01.769+0000] {dag.py:3820} INFO - Setting next_dagrun for seismic_etl_pipeline to 2025-12-13T00:00:00+00:00, run_after=2025-12-14T00:00:00+00:00
[2025-12-13T19:55:01.780+0000] {processor.py:183} INFO - Processing /opt/airflow/dags/seismic_etl_pipeline.py took 0.224 seconds
[2025-12-13T19:55:31.921+0000] {processor.py:161} INFO - Started process (PID=1791) to work on /opt/airflow/dags/seismic_etl_pipeline.py
[2025-12-13T19:55:31.922+0000] {processor.py:830} INFO - Processing file /opt/airflow/dags/seismic_etl_pipeline.py for tasks to queue
[2025-12-13T19:55:31.922+0000] {logging_mixin.py:188} INFO - [2025-12-13T19:55:31.922+0000] {dagbag.py:538} INFO - Filling up the DagBag from /opt/airflow/dags/seismic_etl_pipeline.py
[2025-12-13T19:55:32.101+0000] {processor.py:840} INFO - DAG(s) 'seismic_etl_pipeline' retrieved from /opt/airflow/dags/seismic_etl_pipeline.py
[2025-12-13T19:55:32.119+0000] {logging_mixin.py:188} INFO - [2025-12-13T19:55:32.119+0000] {dag.py:3033} INFO - Sync 1 DAGs
[2025-12-13T19:55:32.132+0000] {logging_mixin.py:188} INFO - [2025-12-13T19:55:32.132+0000] {dag.py:3820} INFO - Setting next_dagrun for seismic_etl_pipeline to 2025-12-13T00:00:00+00:00, run_after=2025-12-14T00:00:00+00:00
[2025-12-13T19:55:32.145+0000] {processor.py:183} INFO - Processing /opt/airflow/dags/seismic_etl_pipeline.py took 0.226 seconds
[2025-12-13T19:56:02.288+0000] {processor.py:161} INFO - Started process (PID=1814) to work on /opt/airflow/dags/seismic_etl_pipeline.py
[2025-12-13T19:56:02.289+0000] {processor.py:830} INFO - Processing file /opt/airflow/dags/seismic_etl_pipeline.py for tasks to queue
[2025-12-13T19:56:02.289+0000] {logging_mixin.py:188} INFO - [2025-12-13T19:56:02.289+0000] {dagbag.py:538} INFO - Filling up the DagBag from /opt/airflow/dags/seismic_etl_pipeline.py
[2025-12-13T19:56:02.467+0000] {processor.py:840} INFO - DAG(s) 'seismic_etl_pipeline' retrieved from /opt/airflow/dags/seismic_etl_pipeline.py
[2025-12-13T19:56:02.486+0000] {logging_mixin.py:188} INFO - [2025-12-13T19:56:02.485+0000] {dag.py:3033} INFO - Sync 1 DAGs
[2025-12-13T19:56:02.499+0000] {logging_mixin.py:188} INFO - [2025-12-13T19:56:02.499+0000] {dag.py:3820} INFO - Setting next_dagrun for seismic_etl_pipeline to 2025-12-13T00:00:00+00:00, run_after=2025-12-14T00:00:00+00:00
[2025-12-13T19:56:02.510+0000] {processor.py:183} INFO - Processing /opt/airflow/dags/seismic_etl_pipeline.py took 0.224 seconds
[2025-12-13T19:56:32.651+0000] {processor.py:161} INFO - Started process (PID=1837) to work on /opt/airflow/dags/seismic_etl_pipeline.py
[2025-12-13T19:56:32.651+0000] {processor.py:830} INFO - Processing file /opt/airflow/dags/seismic_etl_pipeline.py for tasks to queue
[2025-12-13T19:56:32.652+0000] {logging_mixin.py:188} INFO - [2025-12-13T19:56:32.651+0000] {dagbag.py:538} INFO - Filling up the DagBag from /opt/airflow/dags/seismic_etl_pipeline.py
[2025-12-13T19:56:32.830+0000] {processor.py:840} INFO - DAG(s) 'seismic_etl_pipeline' retrieved from /opt/airflow/dags/seismic_etl_pipeline.py
[2025-12-13T19:56:32.848+0000] {logging_mixin.py:188} INFO - [2025-12-13T19:56:32.848+0000] {dag.py:3033} INFO - Sync 1 DAGs
[2025-12-13T19:56:32.862+0000] {logging_mixin.py:188} INFO - [2025-12-13T19:56:32.862+0000] {dag.py:3820} INFO - Setting next_dagrun for seismic_etl_pipeline to 2025-12-13T00:00:00+00:00, run_after=2025-12-14T00:00:00+00:00
[2025-12-13T19:56:32.873+0000] {processor.py:183} INFO - Processing /opt/airflow/dags/seismic_etl_pipeline.py took 0.224 seconds
[2025-12-13T19:57:03.013+0000] {processor.py:161} INFO - Started process (PID=1860) to work on /opt/airflow/dags/seismic_etl_pipeline.py
[2025-12-13T19:57:03.014+0000] {processor.py:830} INFO - Processing file /opt/airflow/dags/seismic_etl_pipeline.py for tasks to queue
[2025-12-13T19:57:03.014+0000] {logging_mixin.py:188} INFO - [2025-12-13T19:57:03.014+0000] {dagbag.py:538} INFO - Filling up the DagBag from /opt/airflow/dags/seismic_etl_pipeline.py
[2025-12-13T19:57:03.193+0000] {processor.py:840} INFO - DAG(s) 'seismic_etl_pipeline' retrieved from /opt/airflow/dags/seismic_etl_pipeline.py
[2025-12-13T19:57:03.212+0000] {logging_mixin.py:188} INFO - [2025-12-13T19:57:03.211+0000] {dag.py:3033} INFO - Sync 1 DAGs
[2025-12-13T19:57:03.226+0000] {logging_mixin.py:188} INFO - [2025-12-13T19:57:03.226+0000] {dag.py:3820} INFO - Setting next_dagrun for seismic_etl_pipeline to 2025-12-13T00:00:00+00:00, run_after=2025-12-14T00:00:00+00:00
[2025-12-13T19:57:03.237+0000] {processor.py:183} INFO - Processing /opt/airflow/dags/seismic_etl_pipeline.py took 0.225 seconds
[2025-12-13T19:57:33.376+0000] {processor.py:161} INFO - Started process (PID=1883) to work on /opt/airflow/dags/seismic_etl_pipeline.py
[2025-12-13T19:57:33.376+0000] {processor.py:830} INFO - Processing file /opt/airflow/dags/seismic_etl_pipeline.py for tasks to queue
[2025-12-13T19:57:33.377+0000] {logging_mixin.py:188} INFO - [2025-12-13T19:57:33.376+0000] {dagbag.py:538} INFO - Filling up the DagBag from /opt/airflow/dags/seismic_etl_pipeline.py
[2025-12-13T19:57:33.554+0000] {processor.py:840} INFO - DAG(s) 'seismic_etl_pipeline' retrieved from /opt/airflow/dags/seismic_etl_pipeline.py
[2025-12-13T19:57:33.573+0000] {logging_mixin.py:188} INFO - [2025-12-13T19:57:33.573+0000] {dag.py:3033} INFO - Sync 1 DAGs
[2025-12-13T19:57:33.586+0000] {logging_mixin.py:188} INFO - [2025-12-13T19:57:33.586+0000] {dag.py:3820} INFO - Setting next_dagrun for seismic_etl_pipeline to 2025-12-13T00:00:00+00:00, run_after=2025-12-14T00:00:00+00:00
[2025-12-13T19:57:33.597+0000] {processor.py:183} INFO - Processing /opt/airflow/dags/seismic_etl_pipeline.py took 0.224 seconds
[2025-12-13T19:58:03.740+0000] {processor.py:161} INFO - Started process (PID=1906) to work on /opt/airflow/dags/seismic_etl_pipeline.py
[2025-12-13T19:58:03.741+0000] {processor.py:830} INFO - Processing file /opt/airflow/dags/seismic_etl_pipeline.py for tasks to queue
[2025-12-13T19:58:03.741+0000] {logging_mixin.py:188} INFO - [2025-12-13T19:58:03.741+0000] {dagbag.py:538} INFO - Filling up the DagBag from /opt/airflow/dags/seismic_etl_pipeline.py
[2025-12-13T19:58:03.920+0000] {processor.py:840} INFO - DAG(s) 'seismic_etl_pipeline' retrieved from /opt/airflow/dags/seismic_etl_pipeline.py
[2025-12-13T19:58:03.938+0000] {logging_mixin.py:188} INFO - [2025-12-13T19:58:03.938+0000] {dag.py:3033} INFO - Sync 1 DAGs
[2025-12-13T19:58:03.952+0000] {logging_mixin.py:188} INFO - [2025-12-13T19:58:03.952+0000] {dag.py:3820} INFO - Setting next_dagrun for seismic_etl_pipeline to 2025-12-13T00:00:00+00:00, run_after=2025-12-14T00:00:00+00:00
[2025-12-13T19:58:03.963+0000] {processor.py:183} INFO - Processing /opt/airflow/dags/seismic_etl_pipeline.py took 0.225 seconds
[2025-12-13T19:58:34.104+0000] {processor.py:161} INFO - Started process (PID=1929) to work on /opt/airflow/dags/seismic_etl_pipeline.py
[2025-12-13T19:58:34.104+0000] {processor.py:830} INFO - Processing file /opt/airflow/dags/seismic_etl_pipeline.py for tasks to queue
[2025-12-13T19:58:34.104+0000] {logging_mixin.py:188} INFO - [2025-12-13T19:58:34.104+0000] {dagbag.py:538} INFO - Filling up the DagBag from /opt/airflow/dags/seismic_etl_pipeline.py
[2025-12-13T19:58:34.283+0000] {processor.py:840} INFO - DAG(s) 'seismic_etl_pipeline' retrieved from /opt/airflow/dags/seismic_etl_pipeline.py
[2025-12-13T19:58:34.302+0000] {logging_mixin.py:188} INFO - [2025-12-13T19:58:34.301+0000] {dag.py:3033} INFO - Sync 1 DAGs
[2025-12-13T19:58:34.315+0000] {logging_mixin.py:188} INFO - [2025-12-13T19:58:34.315+0000] {dag.py:3820} INFO - Setting next_dagrun for seismic_etl_pipeline to 2025-12-13T00:00:00+00:00, run_after=2025-12-14T00:00:00+00:00
[2025-12-13T19:58:34.326+0000] {processor.py:183} INFO - Processing /opt/airflow/dags/seismic_etl_pipeline.py took 0.224 seconds
[2025-12-13T19:59:04.467+0000] {processor.py:161} INFO - Started process (PID=1952) to work on /opt/airflow/dags/seismic_etl_pipeline.py
[2025-12-13T19:59:04.468+0000] {processor.py:830} INFO - Processing file /opt/airflow/dags/seismic_etl_pipeline.py for tasks to queue
[2025-12-13T19:59:04.468+0000] {logging_mixin.py:188} INFO - [2025-12-13T19:59:04.468+0000] {dagbag.py:538} INFO - Filling up the DagBag from /opt/airflow/dags/seismic_etl_pipeline.py
[2025-12-13T19:59:04.647+0000] {processor.py:840} INFO - DAG(s) 'seismic_etl_pipeline' retrieved from /opt/airflow/dags/seismic_etl_pipeline.py
[2025-12-13T19:59:04.666+0000] {logging_mixin.py:188} INFO - [2025-12-13T19:59:04.665+0000] {dag.py:3033} INFO - Sync 1 DAGs
[2025-12-13T19:59:04.679+0000] {logging_mixin.py:188} INFO - [2025-12-13T19:59:04.679+0000] {dag.py:3820} INFO - Setting next_dagrun for seismic_etl_pipeline to 2025-12-13T00:00:00+00:00, run_after=2025-12-14T00:00:00+00:00
[2025-12-13T19:59:04.690+0000] {processor.py:183} INFO - Processing /opt/airflow/dags/seismic_etl_pipeline.py took 0.225 seconds
[2025-12-13T19:59:34.826+0000] {processor.py:161} INFO - Started process (PID=1975) to work on /opt/airflow/dags/seismic_etl_pipeline.py
[2025-12-13T19:59:34.826+0000] {processor.py:830} INFO - Processing file /opt/airflow/dags/seismic_etl_pipeline.py for tasks to queue
[2025-12-13T19:59:34.827+0000] {logging_mixin.py:188} INFO - [2025-12-13T19:59:34.827+0000] {dagbag.py:538} INFO - Filling up the DagBag from /opt/airflow/dags/seismic_etl_pipeline.py
[2025-12-13T19:59:35.005+0000] {processor.py:840} INFO - DAG(s) 'seismic_etl_pipeline' retrieved from /opt/airflow/dags/seismic_etl_pipeline.py
[2025-12-13T19:59:35.024+0000] {logging_mixin.py:188} INFO - [2025-12-13T19:59:35.023+0000] {dag.py:3033} INFO - Sync 1 DAGs
[2025-12-13T19:59:35.038+0000] {logging_mixin.py:188} INFO - [2025-12-13T19:59:35.038+0000] {dag.py:3820} INFO - Setting next_dagrun for seismic_etl_pipeline to 2025-12-13T00:00:00+00:00, run_after=2025-12-14T00:00:00+00:00
[2025-12-13T19:59:35.049+0000] {processor.py:183} INFO - Processing /opt/airflow/dags/seismic_etl_pipeline.py took 0.225 seconds
[2025-12-13T20:00:05.190+0000] {processor.py:161} INFO - Started process (PID=1998) to work on /opt/airflow/dags/seismic_etl_pipeline.py
[2025-12-13T20:00:05.191+0000] {processor.py:830} INFO - Processing file /opt/airflow/dags/seismic_etl_pipeline.py for tasks to queue
[2025-12-13T20:00:05.191+0000] {logging_mixin.py:188} INFO - [2025-12-13T20:00:05.191+0000] {dagbag.py:538} INFO - Filling up the DagBag from /opt/airflow/dags/seismic_etl_pipeline.py
[2025-12-13T20:00:05.369+0000] {processor.py:840} INFO - DAG(s) 'seismic_etl_pipeline' retrieved from /opt/airflow/dags/seismic_etl_pipeline.py
[2025-12-13T20:00:05.388+0000] {logging_mixin.py:188} INFO - [2025-12-13T20:00:05.387+0000] {dag.py:3033} INFO - Sync 1 DAGs
[2025-12-13T20:00:05.401+0000] {logging_mixin.py:188} INFO - [2025-12-13T20:00:05.401+0000] {dag.py:3820} INFO - Setting next_dagrun for seismic_etl_pipeline to 2025-12-13T00:00:00+00:00, run_after=2025-12-14T00:00:00+00:00
[2025-12-13T20:00:05.412+0000] {processor.py:183} INFO - Processing /opt/airflow/dags/seismic_etl_pipeline.py took 0.224 seconds
[2025-12-13T20:00:35.553+0000] {processor.py:161} INFO - Started process (PID=2019) to work on /opt/airflow/dags/seismic_etl_pipeline.py
[2025-12-13T20:00:35.553+0000] {processor.py:830} INFO - Processing file /opt/airflow/dags/seismic_etl_pipeline.py for tasks to queue
[2025-12-13T20:00:35.553+0000] {logging_mixin.py:188} INFO - [2025-12-13T20:00:35.553+0000] {dagbag.py:538} INFO - Filling up the DagBag from /opt/airflow/dags/seismic_etl_pipeline.py
[2025-12-13T20:00:35.735+0000] {processor.py:840} INFO - DAG(s) 'seismic_etl_pipeline' retrieved from /opt/airflow/dags/seismic_etl_pipeline.py
[2025-12-13T20:00:35.753+0000] {logging_mixin.py:188} INFO - [2025-12-13T20:00:35.752+0000] {dag.py:3033} INFO - Sync 1 DAGs
[2025-12-13T20:00:35.766+0000] {logging_mixin.py:188} INFO - [2025-12-13T20:00:35.766+0000] {dag.py:3820} INFO - Setting next_dagrun for seismic_etl_pipeline to 2025-12-13T00:00:00+00:00, run_after=2025-12-14T00:00:00+00:00
[2025-12-13T20:00:35.777+0000] {processor.py:183} INFO - Processing /opt/airflow/dags/seismic_etl_pipeline.py took 0.227 seconds
[2025-12-13T20:01:06.055+0000] {processor.py:161} INFO - Started process (PID=2044) to work on /opt/airflow/dags/seismic_etl_pipeline.py
[2025-12-13T20:01:06.056+0000] {processor.py:830} INFO - Processing file /opt/airflow/dags/seismic_etl_pipeline.py for tasks to queue
[2025-12-13T20:01:06.056+0000] {logging_mixin.py:188} INFO - [2025-12-13T20:01:06.056+0000] {dagbag.py:538} INFO - Filling up the DagBag from /opt/airflow/dags/seismic_etl_pipeline.py
[2025-12-13T20:01:06.234+0000] {processor.py:840} INFO - DAG(s) 'seismic_etl_pipeline' retrieved from /opt/airflow/dags/seismic_etl_pipeline.py
[2025-12-13T20:01:06.254+0000] {logging_mixin.py:188} INFO - [2025-12-13T20:01:06.253+0000] {dag.py:3033} INFO - Sync 1 DAGs
[2025-12-13T20:01:06.267+0000] {logging_mixin.py:188} INFO - [2025-12-13T20:01:06.267+0000] {dag.py:3820} INFO - Setting next_dagrun for seismic_etl_pipeline to 2025-12-13T00:00:00+00:00, run_after=2025-12-14T00:00:00+00:00
[2025-12-13T20:01:06.278+0000] {processor.py:183} INFO - Processing /opt/airflow/dags/seismic_etl_pipeline.py took 0.225 seconds
[2025-12-13T20:01:36.417+0000] {processor.py:161} INFO - Started process (PID=2067) to work on /opt/airflow/dags/seismic_etl_pipeline.py
[2025-12-13T20:01:36.418+0000] {processor.py:830} INFO - Processing file /opt/airflow/dags/seismic_etl_pipeline.py for tasks to queue
[2025-12-13T20:01:36.418+0000] {logging_mixin.py:188} INFO - [2025-12-13T20:01:36.418+0000] {dagbag.py:538} INFO - Filling up the DagBag from /opt/airflow/dags/seismic_etl_pipeline.py
[2025-12-13T20:01:36.597+0000] {processor.py:840} INFO - DAG(s) 'seismic_etl_pipeline' retrieved from /opt/airflow/dags/seismic_etl_pipeline.py
[2025-12-13T20:01:36.616+0000] {logging_mixin.py:188} INFO - [2025-12-13T20:01:36.615+0000] {dag.py:3033} INFO - Sync 1 DAGs
[2025-12-13T20:01:36.629+0000] {logging_mixin.py:188} INFO - [2025-12-13T20:01:36.629+0000] {dag.py:3820} INFO - Setting next_dagrun for seismic_etl_pipeline to 2025-12-13T00:00:00+00:00, run_after=2025-12-14T00:00:00+00:00
[2025-12-13T20:01:36.641+0000] {processor.py:183} INFO - Processing /opt/airflow/dags/seismic_etl_pipeline.py took 0.226 seconds
[2025-12-13T20:02:06.780+0000] {processor.py:161} INFO - Started process (PID=2090) to work on /opt/airflow/dags/seismic_etl_pipeline.py
[2025-12-13T20:02:06.780+0000] {processor.py:830} INFO - Processing file /opt/airflow/dags/seismic_etl_pipeline.py for tasks to queue
[2025-12-13T20:02:06.781+0000] {logging_mixin.py:188} INFO - [2025-12-13T20:02:06.781+0000] {dagbag.py:538} INFO - Filling up the DagBag from /opt/airflow/dags/seismic_etl_pipeline.py
[2025-12-13T20:02:06.959+0000] {processor.py:840} INFO - DAG(s) 'seismic_etl_pipeline' retrieved from /opt/airflow/dags/seismic_etl_pipeline.py
[2025-12-13T20:02:06.978+0000] {logging_mixin.py:188} INFO - [2025-12-13T20:02:06.977+0000] {dag.py:3033} INFO - Sync 1 DAGs
[2025-12-13T20:02:06.992+0000] {logging_mixin.py:188} INFO - [2025-12-13T20:02:06.992+0000] {dag.py:3820} INFO - Setting next_dagrun for seismic_etl_pipeline to 2025-12-13T00:00:00+00:00, run_after=2025-12-14T00:00:00+00:00
[2025-12-13T20:02:07.003+0000] {processor.py:183} INFO - Processing /opt/airflow/dags/seismic_etl_pipeline.py took 0.226 seconds
[2025-12-13T20:02:37.139+0000] {processor.py:161} INFO - Started process (PID=2113) to work on /opt/airflow/dags/seismic_etl_pipeline.py
[2025-12-13T20:02:37.139+0000] {processor.py:830} INFO - Processing file /opt/airflow/dags/seismic_etl_pipeline.py for tasks to queue
[2025-12-13T20:02:37.140+0000] {logging_mixin.py:188} INFO - [2025-12-13T20:02:37.140+0000] {dagbag.py:538} INFO - Filling up the DagBag from /opt/airflow/dags/seismic_etl_pipeline.py
[2025-12-13T20:02:37.318+0000] {processor.py:840} INFO - DAG(s) 'seismic_etl_pipeline' retrieved from /opt/airflow/dags/seismic_etl_pipeline.py
[2025-12-13T20:02:37.336+0000] {logging_mixin.py:188} INFO - [2025-12-13T20:02:37.336+0000] {dag.py:3033} INFO - Sync 1 DAGs
[2025-12-13T20:02:37.350+0000] {logging_mixin.py:188} INFO - [2025-12-13T20:02:37.350+0000] {dag.py:3820} INFO - Setting next_dagrun for seismic_etl_pipeline to 2025-12-13T00:00:00+00:00, run_after=2025-12-14T00:00:00+00:00
[2025-12-13T20:02:37.360+0000] {processor.py:183} INFO - Processing /opt/airflow/dags/seismic_etl_pipeline.py took 0.224 seconds
[2025-12-13T20:03:07.642+0000] {processor.py:161} INFO - Started process (PID=2136) to work on /opt/airflow/dags/seismic_etl_pipeline.py
[2025-12-13T20:03:07.642+0000] {processor.py:830} INFO - Processing file /opt/airflow/dags/seismic_etl_pipeline.py for tasks to queue
[2025-12-13T20:03:07.643+0000] {logging_mixin.py:188} INFO - [2025-12-13T20:03:07.642+0000] {dagbag.py:538} INFO - Filling up the DagBag from /opt/airflow/dags/seismic_etl_pipeline.py
[2025-12-13T20:03:07.821+0000] {processor.py:840} INFO - DAG(s) 'seismic_etl_pipeline' retrieved from /opt/airflow/dags/seismic_etl_pipeline.py
[2025-12-13T20:03:07.840+0000] {logging_mixin.py:188} INFO - [2025-12-13T20:03:07.839+0000] {dag.py:3033} INFO - Sync 1 DAGs
[2025-12-13T20:03:07.980+0000] {logging_mixin.py:188} INFO - [2025-12-13T20:03:07.980+0000] {dag.py:3820} INFO - Setting next_dagrun for seismic_etl_pipeline to 2025-12-13T00:00:00+00:00, run_after=2025-12-14T00:00:00+00:00
[2025-12-13T20:03:07.990+0000] {processor.py:183} INFO - Processing /opt/airflow/dags/seismic_etl_pipeline.py took 0.351 seconds
[2025-12-13T20:03:38.802+0000] {processor.py:161} INFO - Started process (PID=2159) to work on /opt/airflow/dags/seismic_etl_pipeline.py
[2025-12-13T20:03:38.802+0000] {processor.py:830} INFO - Processing file /opt/airflow/dags/seismic_etl_pipeline.py for tasks to queue
[2025-12-13T20:03:38.803+0000] {logging_mixin.py:188} INFO - [2025-12-13T20:03:38.803+0000] {dagbag.py:538} INFO - Filling up the DagBag from /opt/airflow/dags/seismic_etl_pipeline.py
[2025-12-13T20:03:38.981+0000] {processor.py:840} INFO - DAG(s) 'seismic_etl_pipeline' retrieved from /opt/airflow/dags/seismic_etl_pipeline.py
[2025-12-13T20:03:38.999+0000] {logging_mixin.py:188} INFO - [2025-12-13T20:03:38.999+0000] {dag.py:3033} INFO - Sync 1 DAGs
[2025-12-13T20:03:39.012+0000] {logging_mixin.py:188} INFO - [2025-12-13T20:03:39.012+0000] {dag.py:3820} INFO - Setting next_dagrun for seismic_etl_pipeline to 2025-12-13T00:00:00+00:00, run_after=2025-12-14T00:00:00+00:00
[2025-12-13T20:03:39.023+0000] {processor.py:183} INFO - Processing /opt/airflow/dags/seismic_etl_pipeline.py took 0.223 seconds
[2025-12-13T20:04:09.156+0000] {processor.py:161} INFO - Started process (PID=2182) to work on /opt/airflow/dags/seismic_etl_pipeline.py
[2025-12-13T20:04:09.157+0000] {processor.py:830} INFO - Processing file /opt/airflow/dags/seismic_etl_pipeline.py for tasks to queue
[2025-12-13T20:04:09.157+0000] {logging_mixin.py:188} INFO - [2025-12-13T20:04:09.157+0000] {dagbag.py:538} INFO - Filling up the DagBag from /opt/airflow/dags/seismic_etl_pipeline.py
[2025-12-13T20:04:09.335+0000] {processor.py:840} INFO - DAG(s) 'seismic_etl_pipeline' retrieved from /opt/airflow/dags/seismic_etl_pipeline.py
[2025-12-13T20:04:09.354+0000] {logging_mixin.py:188} INFO - [2025-12-13T20:04:09.354+0000] {dag.py:3033} INFO - Sync 1 DAGs
[2025-12-13T20:04:09.367+0000] {logging_mixin.py:188} INFO - [2025-12-13T20:04:09.367+0000] {dag.py:3820} INFO - Setting next_dagrun for seismic_etl_pipeline to 2025-12-13T00:00:00+00:00, run_after=2025-12-14T00:00:00+00:00
[2025-12-13T20:04:09.505+0000] {processor.py:183} INFO - Processing /opt/airflow/dags/seismic_etl_pipeline.py took 0.350 seconds
[2025-12-13T20:04:39.713+0000] {processor.py:161} INFO - Started process (PID=2205) to work on /opt/airflow/dags/seismic_etl_pipeline.py
[2025-12-13T20:04:39.714+0000] {processor.py:830} INFO - Processing file /opt/airflow/dags/seismic_etl_pipeline.py for tasks to queue
[2025-12-13T20:04:39.714+0000] {logging_mixin.py:188} INFO - [2025-12-13T20:04:39.714+0000] {dagbag.py:538} INFO - Filling up the DagBag from /opt/airflow/dags/seismic_etl_pipeline.py
[2025-12-13T20:04:39.891+0000] {processor.py:840} INFO - DAG(s) 'seismic_etl_pipeline' retrieved from /opt/airflow/dags/seismic_etl_pipeline.py
[2025-12-13T20:04:39.911+0000] {logging_mixin.py:188} INFO - [2025-12-13T20:04:39.910+0000] {dag.py:3033} INFO - Sync 1 DAGs
[2025-12-13T20:04:39.924+0000] {logging_mixin.py:188} INFO - [2025-12-13T20:04:39.924+0000] {dag.py:3820} INFO - Setting next_dagrun for seismic_etl_pipeline to 2025-12-13T00:00:00+00:00, run_after=2025-12-14T00:00:00+00:00
[2025-12-13T20:04:39.935+0000] {processor.py:183} INFO - Processing /opt/airflow/dags/seismic_etl_pipeline.py took 0.223 seconds
[2025-12-13T20:05:10.074+0000] {processor.py:161} INFO - Started process (PID=2228) to work on /opt/airflow/dags/seismic_etl_pipeline.py
[2025-12-13T20:05:10.074+0000] {processor.py:830} INFO - Processing file /opt/airflow/dags/seismic_etl_pipeline.py for tasks to queue
[2025-12-13T20:05:10.075+0000] {logging_mixin.py:188} INFO - [2025-12-13T20:05:10.074+0000] {dagbag.py:538} INFO - Filling up the DagBag from /opt/airflow/dags/seismic_etl_pipeline.py
[2025-12-13T20:05:10.253+0000] {processor.py:840} INFO - DAG(s) 'seismic_etl_pipeline' retrieved from /opt/airflow/dags/seismic_etl_pipeline.py
[2025-12-13T20:05:10.271+0000] {logging_mixin.py:188} INFO - [2025-12-13T20:05:10.271+0000] {dag.py:3033} INFO - Sync 1 DAGs
[2025-12-13T20:05:10.284+0000] {logging_mixin.py:188} INFO - [2025-12-13T20:05:10.284+0000] {dag.py:3820} INFO - Setting next_dagrun for seismic_etl_pipeline to 2025-12-13T00:00:00+00:00, run_after=2025-12-14T00:00:00+00:00
[2025-12-13T20:05:10.295+0000] {processor.py:183} INFO - Processing /opt/airflow/dags/seismic_etl_pipeline.py took 0.224 seconds
[2025-12-13T20:05:40.579+0000] {processor.py:161} INFO - Started process (PID=2251) to work on /opt/airflow/dags/seismic_etl_pipeline.py
[2025-12-13T20:05:40.580+0000] {processor.py:830} INFO - Processing file /opt/airflow/dags/seismic_etl_pipeline.py for tasks to queue
[2025-12-13T20:05:40.581+0000] {logging_mixin.py:188} INFO - [2025-12-13T20:05:40.580+0000] {dagbag.py:538} INFO - Filling up the DagBag from /opt/airflow/dags/seismic_etl_pipeline.py
[2025-12-13T20:05:40.758+0000] {processor.py:840} INFO - DAG(s) 'seismic_etl_pipeline' retrieved from /opt/airflow/dags/seismic_etl_pipeline.py
[2025-12-13T20:05:40.776+0000] {logging_mixin.py:188} INFO - [2025-12-13T20:05:40.776+0000] {dag.py:3033} INFO - Sync 1 DAGs
[2025-12-13T20:05:40.917+0000] {logging_mixin.py:188} INFO - [2025-12-13T20:05:40.917+0000] {dag.py:3820} INFO - Setting next_dagrun for seismic_etl_pipeline to 2025-12-13T00:00:00+00:00, run_after=2025-12-14T00:00:00+00:00
[2025-12-13T20:05:40.929+0000] {processor.py:183} INFO - Processing /opt/airflow/dags/seismic_etl_pipeline.py took 0.352 seconds
[2025-12-13T20:06:11.740+0000] {processor.py:161} INFO - Started process (PID=2274) to work on /opt/airflow/dags/seismic_etl_pipeline.py
[2025-12-13T20:06:11.740+0000] {processor.py:830} INFO - Processing file /opt/airflow/dags/seismic_etl_pipeline.py for tasks to queue
[2025-12-13T20:06:11.741+0000] {logging_mixin.py:188} INFO - [2025-12-13T20:06:11.740+0000] {dagbag.py:538} INFO - Filling up the DagBag from /opt/airflow/dags/seismic_etl_pipeline.py
[2025-12-13T20:06:11.919+0000] {processor.py:840} INFO - DAG(s) 'seismic_etl_pipeline' retrieved from /opt/airflow/dags/seismic_etl_pipeline.py
[2025-12-13T20:06:11.937+0000] {logging_mixin.py:188} INFO - [2025-12-13T20:06:11.937+0000] {dag.py:3033} INFO - Sync 1 DAGs
[2025-12-13T20:06:11.950+0000] {logging_mixin.py:188} INFO - [2025-12-13T20:06:11.950+0000] {dag.py:3820} INFO - Setting next_dagrun for seismic_etl_pipeline to 2025-12-13T00:00:00+00:00, run_after=2025-12-14T00:00:00+00:00
[2025-12-13T20:06:11.961+0000] {processor.py:183} INFO - Processing /opt/airflow/dags/seismic_etl_pipeline.py took 0.223 seconds
[2025-12-13T20:06:42.304+0000] {processor.py:161} INFO - Started process (PID=2297) to work on /opt/airflow/dags/seismic_etl_pipeline.py
[2025-12-13T20:06:42.304+0000] {processor.py:830} INFO - Processing file /opt/airflow/dags/seismic_etl_pipeline.py for tasks to queue
[2025-12-13T20:06:42.305+0000] {logging_mixin.py:188} INFO - [2025-12-13T20:06:42.305+0000] {dagbag.py:538} INFO - Filling up the DagBag from /opt/airflow/dags/seismic_etl_pipeline.py
[2025-12-13T20:06:42.484+0000] {processor.py:840} INFO - DAG(s) 'seismic_etl_pipeline' retrieved from /opt/airflow/dags/seismic_etl_pipeline.py
[2025-12-13T20:06:42.502+0000] {logging_mixin.py:188} INFO - [2025-12-13T20:06:42.501+0000] {dag.py:3033} INFO - Sync 1 DAGs
[2025-12-13T20:06:42.516+0000] {logging_mixin.py:188} INFO - [2025-12-13T20:06:42.515+0000] {dag.py:3820} INFO - Setting next_dagrun for seismic_etl_pipeline to 2025-12-13T00:00:00+00:00, run_after=2025-12-14T00:00:00+00:00
[2025-12-13T20:06:42.650+0000] {processor.py:183} INFO - Processing /opt/airflow/dags/seismic_etl_pipeline.py took 0.348 seconds
[2025-12-13T20:07:12.789+0000] {processor.py:161} INFO - Started process (PID=2320) to work on /opt/airflow/dags/seismic_etl_pipeline.py
[2025-12-13T20:07:12.790+0000] {processor.py:830} INFO - Processing file /opt/airflow/dags/seismic_etl_pipeline.py for tasks to queue
[2025-12-13T20:07:12.790+0000] {logging_mixin.py:188} INFO - [2025-12-13T20:07:12.790+0000] {dagbag.py:538} INFO - Filling up the DagBag from /opt/airflow/dags/seismic_etl_pipeline.py
[2025-12-13T20:07:12.968+0000] {processor.py:840} INFO - DAG(s) 'seismic_etl_pipeline' retrieved from /opt/airflow/dags/seismic_etl_pipeline.py
[2025-12-13T20:07:12.986+0000] {logging_mixin.py:188} INFO - [2025-12-13T20:07:12.986+0000] {dag.py:3033} INFO - Sync 1 DAGs
[2025-12-13T20:07:13.000+0000] {logging_mixin.py:188} INFO - [2025-12-13T20:07:12.999+0000] {dag.py:3820} INFO - Setting next_dagrun for seismic_etl_pipeline to 2025-12-13T00:00:00+00:00, run_after=2025-12-14T00:00:00+00:00
[2025-12-13T20:07:13.010+0000] {processor.py:183} INFO - Processing /opt/airflow/dags/seismic_etl_pipeline.py took 0.223 seconds
[2025-12-13T20:07:43.089+0000] {processor.py:161} INFO - Started process (PID=2343) to work on /opt/airflow/dags/seismic_etl_pipeline.py
[2025-12-13T20:07:43.090+0000] {processor.py:830} INFO - Processing file /opt/airflow/dags/seismic_etl_pipeline.py for tasks to queue
[2025-12-13T20:07:43.090+0000] {logging_mixin.py:188} INFO - [2025-12-13T20:07:43.090+0000] {dagbag.py:538} INFO - Filling up the DagBag from /opt/airflow/dags/seismic_etl_pipeline.py
[2025-12-13T20:07:43.269+0000] {processor.py:840} INFO - DAG(s) 'seismic_etl_pipeline' retrieved from /opt/airflow/dags/seismic_etl_pipeline.py
[2025-12-13T20:07:43.286+0000] {logging_mixin.py:188} INFO - [2025-12-13T20:07:43.286+0000] {dag.py:3033} INFO - Sync 1 DAGs
[2025-12-13T20:07:43.299+0000] {logging_mixin.py:188} INFO - [2025-12-13T20:07:43.299+0000] {dag.py:3820} INFO - Setting next_dagrun for seismic_etl_pipeline to 2025-12-13T00:00:00+00:00, run_after=2025-12-14T00:00:00+00:00
[2025-12-13T20:07:43.311+0000] {processor.py:183} INFO - Processing /opt/airflow/dags/seismic_etl_pipeline.py took 0.224 seconds
[2025-12-13T20:08:13.440+0000] {processor.py:161} INFO - Started process (PID=2366) to work on /opt/airflow/dags/seismic_etl_pipeline.py
[2025-12-13T20:08:13.440+0000] {processor.py:830} INFO - Processing file /opt/airflow/dags/seismic_etl_pipeline.py for tasks to queue
[2025-12-13T20:08:13.441+0000] {logging_mixin.py:188} INFO - [2025-12-13T20:08:13.441+0000] {dagbag.py:538} INFO - Filling up the DagBag from /opt/airflow/dags/seismic_etl_pipeline.py
[2025-12-13T20:08:13.619+0000] {processor.py:840} INFO - DAG(s) 'seismic_etl_pipeline' retrieved from /opt/airflow/dags/seismic_etl_pipeline.py
[2025-12-13T20:08:13.638+0000] {logging_mixin.py:188} INFO - [2025-12-13T20:08:13.637+0000] {dag.py:3033} INFO - Sync 1 DAGs
[2025-12-13T20:08:13.779+0000] {logging_mixin.py:188} INFO - [2025-12-13T20:08:13.779+0000] {dag.py:3820} INFO - Setting next_dagrun for seismic_etl_pipeline to 2025-12-13T00:00:00+00:00, run_after=2025-12-14T00:00:00+00:00
[2025-12-13T20:08:13.791+0000] {processor.py:183} INFO - Processing /opt/airflow/dags/seismic_etl_pipeline.py took 0.353 seconds
[2025-12-13T20:08:43.967+0000] {processor.py:161} INFO - Started process (PID=2389) to work on /opt/airflow/dags/seismic_etl_pipeline.py
[2025-12-13T20:08:43.968+0000] {processor.py:830} INFO - Processing file /opt/airflow/dags/seismic_etl_pipeline.py for tasks to queue
[2025-12-13T20:08:43.968+0000] {logging_mixin.py:188} INFO - [2025-12-13T20:08:43.968+0000] {dagbag.py:538} INFO - Filling up the DagBag from /opt/airflow/dags/seismic_etl_pipeline.py
[2025-12-13T20:08:44.146+0000] {processor.py:840} INFO - DAG(s) 'seismic_etl_pipeline' retrieved from /opt/airflow/dags/seismic_etl_pipeline.py
[2025-12-13T20:08:44.164+0000] {logging_mixin.py:188} INFO - [2025-12-13T20:08:44.164+0000] {dag.py:3033} INFO - Sync 1 DAGs
[2025-12-13T20:08:44.177+0000] {logging_mixin.py:188} INFO - [2025-12-13T20:08:44.177+0000] {dag.py:3820} INFO - Setting next_dagrun for seismic_etl_pipeline to 2025-12-13T00:00:00+00:00, run_after=2025-12-14T00:00:00+00:00
[2025-12-13T20:08:44.188+0000] {processor.py:183} INFO - Processing /opt/airflow/dags/seismic_etl_pipeline.py took 0.223 seconds
[2025-12-13T20:09:14.669+0000] {processor.py:161} INFO - Started process (PID=2412) to work on /opt/airflow/dags/seismic_etl_pipeline.py
[2025-12-13T20:09:14.669+0000] {processor.py:830} INFO - Processing file /opt/airflow/dags/seismic_etl_pipeline.py for tasks to queue
[2025-12-13T20:09:14.669+0000] {logging_mixin.py:188} INFO - [2025-12-13T20:09:14.669+0000] {dagbag.py:538} INFO - Filling up the DagBag from /opt/airflow/dags/seismic_etl_pipeline.py
[2025-12-13T20:09:14.847+0000] {processor.py:840} INFO - DAG(s) 'seismic_etl_pipeline' retrieved from /opt/airflow/dags/seismic_etl_pipeline.py
[2025-12-13T20:09:14.864+0000] {logging_mixin.py:188} INFO - [2025-12-13T20:09:14.864+0000] {dag.py:3033} INFO - Sync 1 DAGs
[2025-12-13T20:09:15.004+0000] {logging_mixin.py:188} INFO - [2025-12-13T20:09:15.004+0000] {dag.py:3820} INFO - Setting next_dagrun for seismic_etl_pipeline to 2025-12-13T00:00:00+00:00, run_after=2025-12-14T00:00:00+00:00
[2025-12-13T20:09:15.015+0000] {processor.py:183} INFO - Processing /opt/airflow/dags/seismic_etl_pipeline.py took 0.349 seconds
[2025-12-13T20:09:45.163+0000] {processor.py:161} INFO - Started process (PID=2435) to work on /opt/airflow/dags/seismic_etl_pipeline.py
[2025-12-13T20:09:45.163+0000] {processor.py:830} INFO - Processing file /opt/airflow/dags/seismic_etl_pipeline.py for tasks to queue
[2025-12-13T20:09:45.163+0000] {logging_mixin.py:188} INFO - [2025-12-13T20:09:45.163+0000] {dagbag.py:538} INFO - Filling up the DagBag from /opt/airflow/dags/seismic_etl_pipeline.py
[2025-12-13T20:09:45.341+0000] {processor.py:840} INFO - DAG(s) 'seismic_etl_pipeline' retrieved from /opt/airflow/dags/seismic_etl_pipeline.py
[2025-12-13T20:09:45.359+0000] {logging_mixin.py:188} INFO - [2025-12-13T20:09:45.359+0000] {dag.py:3033} INFO - Sync 1 DAGs
[2025-12-13T20:09:45.372+0000] {logging_mixin.py:188} INFO - [2025-12-13T20:09:45.372+0000] {dag.py:3820} INFO - Setting next_dagrun for seismic_etl_pipeline to 2025-12-13T00:00:00+00:00, run_after=2025-12-14T00:00:00+00:00
[2025-12-13T20:09:45.383+0000] {processor.py:183} INFO - Processing /opt/airflow/dags/seismic_etl_pipeline.py took 0.222 seconds
[2025-12-13T20:10:15.529+0000] {processor.py:161} INFO - Started process (PID=2458) to work on /opt/airflow/dags/seismic_etl_pipeline.py
[2025-12-13T20:10:15.529+0000] {processor.py:830} INFO - Processing file /opt/airflow/dags/seismic_etl_pipeline.py for tasks to queue
[2025-12-13T20:10:15.530+0000] {logging_mixin.py:188} INFO - [2025-12-13T20:10:15.530+0000] {dagbag.py:538} INFO - Filling up the DagBag from /opt/airflow/dags/seismic_etl_pipeline.py
[2025-12-13T20:10:15.707+0000] {processor.py:840} INFO - DAG(s) 'seismic_etl_pipeline' retrieved from /opt/airflow/dags/seismic_etl_pipeline.py
[2025-12-13T20:10:15.726+0000] {logging_mixin.py:188} INFO - [2025-12-13T20:10:15.726+0000] {dag.py:3033} INFO - Sync 1 DAGs
[2025-12-13T20:10:15.739+0000] {logging_mixin.py:188} INFO - [2025-12-13T20:10:15.739+0000] {dag.py:3820} INFO - Setting next_dagrun for seismic_etl_pipeline to 2025-12-13T00:00:00+00:00, run_after=2025-12-14T00:00:00+00:00
[2025-12-13T20:10:15.878+0000] {processor.py:183} INFO - Processing /opt/airflow/dags/seismic_etl_pipeline.py took 0.351 seconds
[2025-12-13T20:10:46.011+0000] {processor.py:161} INFO - Started process (PID=2481) to work on /opt/airflow/dags/seismic_etl_pipeline.py
[2025-12-13T20:10:46.012+0000] {processor.py:830} INFO - Processing file /opt/airflow/dags/seismic_etl_pipeline.py for tasks to queue
[2025-12-13T20:10:46.012+0000] {logging_mixin.py:188} INFO - [2025-12-13T20:10:46.012+0000] {dagbag.py:538} INFO - Filling up the DagBag from /opt/airflow/dags/seismic_etl_pipeline.py
[2025-12-13T20:10:46.189+0000] {processor.py:840} INFO - DAG(s) 'seismic_etl_pipeline' retrieved from /opt/airflow/dags/seismic_etl_pipeline.py
[2025-12-13T20:10:46.208+0000] {logging_mixin.py:188} INFO - [2025-12-13T20:10:46.207+0000] {dag.py:3033} INFO - Sync 1 DAGs
[2025-12-13T20:10:46.350+0000] {logging_mixin.py:188} INFO - [2025-12-13T20:10:46.350+0000] {dag.py:3820} INFO - Setting next_dagrun for seismic_etl_pipeline to 2025-12-13T00:00:00+00:00, run_after=2025-12-14T00:00:00+00:00
[2025-12-13T20:10:46.360+0000] {processor.py:183} INFO - Processing /opt/airflow/dags/seismic_etl_pipeline.py took 0.351 seconds
[2025-12-13T20:11:16.480+0000] {processor.py:161} INFO - Started process (PID=2504) to work on /opt/airflow/dags/seismic_etl_pipeline.py
[2025-12-13T20:11:16.480+0000] {processor.py:830} INFO - Processing file /opt/airflow/dags/seismic_etl_pipeline.py for tasks to queue
[2025-12-13T20:11:16.481+0000] {logging_mixin.py:188} INFO - [2025-12-13T20:11:16.481+0000] {dagbag.py:538} INFO - Filling up the DagBag from /opt/airflow/dags/seismic_etl_pipeline.py
[2025-12-13T20:11:16.659+0000] {processor.py:840} INFO - DAG(s) 'seismic_etl_pipeline' retrieved from /opt/airflow/dags/seismic_etl_pipeline.py
[2025-12-13T20:11:16.677+0000] {logging_mixin.py:188} INFO - [2025-12-13T20:11:16.677+0000] {dag.py:3033} INFO - Sync 1 DAGs
[2025-12-13T20:11:16.690+0000] {logging_mixin.py:188} INFO - [2025-12-13T20:11:16.690+0000] {dag.py:3820} INFO - Setting next_dagrun for seismic_etl_pipeline to 2025-12-13T00:00:00+00:00, run_after=2025-12-14T00:00:00+00:00
[2025-12-13T20:11:16.701+0000] {processor.py:183} INFO - Processing /opt/airflow/dags/seismic_etl_pipeline.py took 0.223 seconds
[2025-12-13T20:11:46.978+0000] {processor.py:161} INFO - Started process (PID=2527) to work on /opt/airflow/dags/seismic_etl_pipeline.py
[2025-12-13T20:11:46.978+0000] {processor.py:830} INFO - Processing file /opt/airflow/dags/seismic_etl_pipeline.py for tasks to queue
[2025-12-13T20:11:46.979+0000] {logging_mixin.py:188} INFO - [2025-12-13T20:11:46.979+0000] {dagbag.py:538} INFO - Filling up the DagBag from /opt/airflow/dags/seismic_etl_pipeline.py
[2025-12-13T20:11:47.157+0000] {processor.py:840} INFO - DAG(s) 'seismic_etl_pipeline' retrieved from /opt/airflow/dags/seismic_etl_pipeline.py
[2025-12-13T20:11:47.174+0000] {logging_mixin.py:188} INFO - [2025-12-13T20:11:47.174+0000] {dag.py:3033} INFO - Sync 1 DAGs
[2025-12-13T20:11:47.313+0000] {logging_mixin.py:188} INFO - [2025-12-13T20:11:47.312+0000] {dag.py:3820} INFO - Setting next_dagrun for seismic_etl_pipeline to 2025-12-13T00:00:00+00:00, run_after=2025-12-14T00:00:00+00:00
[2025-12-13T20:11:47.323+0000] {processor.py:183} INFO - Processing /opt/airflow/dags/seismic_etl_pipeline.py took 0.347 seconds
[2025-12-13T20:12:17.466+0000] {processor.py:161} INFO - Started process (PID=2550) to work on /opt/airflow/dags/seismic_etl_pipeline.py
[2025-12-13T20:12:17.467+0000] {processor.py:830} INFO - Processing file /opt/airflow/dags/seismic_etl_pipeline.py for tasks to queue
[2025-12-13T20:12:17.467+0000] {logging_mixin.py:188} INFO - [2025-12-13T20:12:17.467+0000] {dagbag.py:538} INFO - Filling up the DagBag from /opt/airflow/dags/seismic_etl_pipeline.py
[2025-12-13T20:12:17.645+0000] {processor.py:840} INFO - DAG(s) 'seismic_etl_pipeline' retrieved from /opt/airflow/dags/seismic_etl_pipeline.py
[2025-12-13T20:12:17.786+0000] {logging_mixin.py:188} INFO - [2025-12-13T20:12:17.785+0000] {dag.py:3033} INFO - Sync 1 DAGs
[2025-12-13T20:12:17.797+0000] {logging_mixin.py:188} INFO - [2025-12-13T20:12:17.797+0000] {dag.py:3820} INFO - Setting next_dagrun for seismic_etl_pipeline to 2025-12-13T00:00:00+00:00, run_after=2025-12-14T00:00:00+00:00
[2025-12-13T20:12:17.807+0000] {processor.py:183} INFO - Processing /opt/airflow/dags/seismic_etl_pipeline.py took 0.344 seconds
[2025-12-13T20:12:47.937+0000] {processor.py:161} INFO - Started process (PID=2573) to work on /opt/airflow/dags/seismic_etl_pipeline.py
[2025-12-13T20:12:47.937+0000] {processor.py:830} INFO - Processing file /opt/airflow/dags/seismic_etl_pipeline.py for tasks to queue
[2025-12-13T20:12:47.938+0000] {logging_mixin.py:188} INFO - [2025-12-13T20:12:47.937+0000] {dagbag.py:538} INFO - Filling up the DagBag from /opt/airflow/dags/seismic_etl_pipeline.py
[2025-12-13T20:12:48.116+0000] {processor.py:840} INFO - DAG(s) 'seismic_etl_pipeline' retrieved from /opt/airflow/dags/seismic_etl_pipeline.py
[2025-12-13T20:12:48.135+0000] {logging_mixin.py:188} INFO - [2025-12-13T20:12:48.134+0000] {dag.py:3033} INFO - Sync 1 DAGs
[2025-12-13T20:12:48.149+0000] {logging_mixin.py:188} INFO - [2025-12-13T20:12:48.148+0000] {dag.py:3820} INFO - Setting next_dagrun for seismic_etl_pipeline to 2025-12-13T00:00:00+00:00, run_after=2025-12-14T00:00:00+00:00
[2025-12-13T20:12:48.286+0000] {processor.py:183} INFO - Processing /opt/airflow/dags/seismic_etl_pipeline.py took 0.351 seconds
[2025-12-13T20:13:18.429+0000] {processor.py:161} INFO - Started process (PID=2596) to work on /opt/airflow/dags/seismic_etl_pipeline.py
[2025-12-13T20:13:18.430+0000] {processor.py:830} INFO - Processing file /opt/airflow/dags/seismic_etl_pipeline.py for tasks to queue
[2025-12-13T20:13:18.430+0000] {logging_mixin.py:188} INFO - [2025-12-13T20:13:18.430+0000] {dagbag.py:538} INFO - Filling up the DagBag from /opt/airflow/dags/seismic_etl_pipeline.py
[2025-12-13T20:13:18.608+0000] {processor.py:840} INFO - DAG(s) 'seismic_etl_pipeline' retrieved from /opt/airflow/dags/seismic_etl_pipeline.py
[2025-12-13T20:13:18.754+0000] {logging_mixin.py:188} INFO - [2025-12-13T20:13:18.754+0000] {dag.py:3033} INFO - Sync 1 DAGs
[2025-12-13T20:13:18.766+0000] {logging_mixin.py:188} INFO - [2025-12-13T20:13:18.766+0000] {dag.py:3820} INFO - Setting next_dagrun for seismic_etl_pipeline to 2025-12-13T00:00:00+00:00, run_after=2025-12-14T00:00:00+00:00
[2025-12-13T20:13:18.776+0000] {processor.py:183} INFO - Processing /opt/airflow/dags/seismic_etl_pipeline.py took 0.349 seconds
[2025-12-13T20:13:49.593+0000] {processor.py:161} INFO - Started process (PID=2619) to work on /opt/airflow/dags/seismic_etl_pipeline.py
[2025-12-13T20:13:49.594+0000] {processor.py:830} INFO - Processing file /opt/airflow/dags/seismic_etl_pipeline.py for tasks to queue
[2025-12-13T20:13:49.594+0000] {logging_mixin.py:188} INFO - [2025-12-13T20:13:49.594+0000] {dagbag.py:538} INFO - Filling up the DagBag from /opt/airflow/dags/seismic_etl_pipeline.py
[2025-12-13T20:13:49.774+0000] {processor.py:840} INFO - DAG(s) 'seismic_etl_pipeline' retrieved from /opt/airflow/dags/seismic_etl_pipeline.py
[2025-12-13T20:13:49.792+0000] {logging_mixin.py:188} INFO - [2025-12-13T20:13:49.792+0000] {dag.py:3033} INFO - Sync 1 DAGs
[2025-12-13T20:13:49.805+0000] {logging_mixin.py:188} INFO - [2025-12-13T20:13:49.805+0000] {dag.py:3820} INFO - Setting next_dagrun for seismic_etl_pipeline to 2025-12-13T00:00:00+00:00, run_after=2025-12-14T00:00:00+00:00
[2025-12-13T20:13:49.817+0000] {processor.py:183} INFO - Processing /opt/airflow/dags/seismic_etl_pipeline.py took 0.226 seconds
[2025-12-13T20:14:20.299+0000] {processor.py:161} INFO - Started process (PID=2642) to work on /opt/airflow/dags/seismic_etl_pipeline.py
[2025-12-13T20:14:20.300+0000] {processor.py:830} INFO - Processing file /opt/airflow/dags/seismic_etl_pipeline.py for tasks to queue
[2025-12-13T20:14:20.300+0000] {logging_mixin.py:188} INFO - [2025-12-13T20:14:20.300+0000] {dagbag.py:538} INFO - Filling up the DagBag from /opt/airflow/dags/seismic_etl_pipeline.py
[2025-12-13T20:14:20.478+0000] {processor.py:840} INFO - DAG(s) 'seismic_etl_pipeline' retrieved from /opt/airflow/dags/seismic_etl_pipeline.py
[2025-12-13T20:14:20.496+0000] {logging_mixin.py:188} INFO - [2025-12-13T20:14:20.496+0000] {dag.py:3033} INFO - Sync 1 DAGs
[2025-12-13T20:14:20.635+0000] {logging_mixin.py:188} INFO - [2025-12-13T20:14:20.635+0000] {dag.py:3820} INFO - Setting next_dagrun for seismic_etl_pipeline to 2025-12-13T00:00:00+00:00, run_after=2025-12-14T00:00:00+00:00
[2025-12-13T20:14:20.645+0000] {processor.py:183} INFO - Processing /opt/airflow/dags/seismic_etl_pipeline.py took 0.348 seconds
[2025-12-13T20:14:50.778+0000] {processor.py:161} INFO - Started process (PID=2665) to work on /opt/airflow/dags/seismic_etl_pipeline.py
[2025-12-13T20:14:50.778+0000] {processor.py:830} INFO - Processing file /opt/airflow/dags/seismic_etl_pipeline.py for tasks to queue
[2025-12-13T20:14:50.779+0000] {logging_mixin.py:188} INFO - [2025-12-13T20:14:50.779+0000] {dagbag.py:538} INFO - Filling up the DagBag from /opt/airflow/dags/seismic_etl_pipeline.py
[2025-12-13T20:14:51.088+0000] {processor.py:840} INFO - DAG(s) 'seismic_etl_pipeline' retrieved from /opt/airflow/dags/seismic_etl_pipeline.py
[2025-12-13T20:14:51.103+0000] {logging_mixin.py:188} INFO - [2025-12-13T20:14:51.103+0000] {dag.py:3033} INFO - Sync 1 DAGs
[2025-12-13T20:14:51.115+0000] {logging_mixin.py:188} INFO - [2025-12-13T20:14:51.115+0000] {dag.py:3820} INFO - Setting next_dagrun for seismic_etl_pipeline to 2025-12-13T00:00:00+00:00, run_after=2025-12-14T00:00:00+00:00
[2025-12-13T20:14:51.125+0000] {processor.py:183} INFO - Processing /opt/airflow/dags/seismic_etl_pipeline.py took 0.349 seconds
[2025-12-13T20:15:21.263+0000] {processor.py:161} INFO - Started process (PID=2688) to work on /opt/airflow/dags/seismic_etl_pipeline.py
[2025-12-13T20:15:21.264+0000] {processor.py:830} INFO - Processing file /opt/airflow/dags/seismic_etl_pipeline.py for tasks to queue
[2025-12-13T20:15:21.264+0000] {logging_mixin.py:188} INFO - [2025-12-13T20:15:21.264+0000] {dagbag.py:538} INFO - Filling up the DagBag from /opt/airflow/dags/seismic_etl_pipeline.py
[2025-12-13T20:15:21.442+0000] {processor.py:840} INFO - DAG(s) 'seismic_etl_pipeline' retrieved from /opt/airflow/dags/seismic_etl_pipeline.py
[2025-12-13T20:15:21.461+0000] {logging_mixin.py:188} INFO - [2025-12-13T20:15:21.461+0000] {dag.py:3033} INFO - Sync 1 DAGs
[2025-12-13T20:15:21.599+0000] {logging_mixin.py:188} INFO - [2025-12-13T20:15:21.599+0000] {dag.py:3820} INFO - Setting next_dagrun for seismic_etl_pipeline to 2025-12-13T00:00:00+00:00, run_after=2025-12-14T00:00:00+00:00
[2025-12-13T20:15:21.610+0000] {processor.py:183} INFO - Processing /opt/airflow/dags/seismic_etl_pipeline.py took 0.349 seconds
[2025-12-13T20:15:51.741+0000] {processor.py:161} INFO - Started process (PID=2711) to work on /opt/airflow/dags/seismic_etl_pipeline.py
[2025-12-13T20:15:51.742+0000] {processor.py:830} INFO - Processing file /opt/airflow/dags/seismic_etl_pipeline.py for tasks to queue
[2025-12-13T20:15:51.742+0000] {logging_mixin.py:188} INFO - [2025-12-13T20:15:51.742+0000] {dagbag.py:538} INFO - Filling up the DagBag from /opt/airflow/dags/seismic_etl_pipeline.py
[2025-12-13T20:15:52.050+0000] {processor.py:840} INFO - DAG(s) 'seismic_etl_pipeline' retrieved from /opt/airflow/dags/seismic_etl_pipeline.py
[2025-12-13T20:15:52.065+0000] {logging_mixin.py:188} INFO - [2025-12-13T20:15:52.065+0000] {dag.py:3033} INFO - Sync 1 DAGs
[2025-12-13T20:15:52.076+0000] {logging_mixin.py:188} INFO - [2025-12-13T20:15:52.076+0000] {dag.py:3820} INFO - Setting next_dagrun for seismic_etl_pipeline to 2025-12-13T00:00:00+00:00, run_after=2025-12-14T00:00:00+00:00
[2025-12-13T20:15:52.086+0000] {processor.py:183} INFO - Processing /opt/airflow/dags/seismic_etl_pipeline.py took 0.347 seconds
[2025-12-13T20:16:22.218+0000] {processor.py:161} INFO - Started process (PID=2734) to work on /opt/airflow/dags/seismic_etl_pipeline.py
[2025-12-13T20:16:22.219+0000] {processor.py:830} INFO - Processing file /opt/airflow/dags/seismic_etl_pipeline.py for tasks to queue
[2025-12-13T20:16:22.219+0000] {logging_mixin.py:188} INFO - [2025-12-13T20:16:22.219+0000] {dagbag.py:538} INFO - Filling up the DagBag from /opt/airflow/dags/seismic_etl_pipeline.py
[2025-12-13T20:16:22.398+0000] {processor.py:840} INFO - DAG(s) 'seismic_etl_pipeline' retrieved from /opt/airflow/dags/seismic_etl_pipeline.py
[2025-12-13T20:16:22.417+0000] {logging_mixin.py:188} INFO - [2025-12-13T20:16:22.416+0000] {dag.py:3033} INFO - Sync 1 DAGs
[2025-12-13T20:16:22.556+0000] {logging_mixin.py:188} INFO - [2025-12-13T20:16:22.556+0000] {dag.py:3820} INFO - Setting next_dagrun for seismic_etl_pipeline to 2025-12-13T00:00:00+00:00, run_after=2025-12-14T00:00:00+00:00
[2025-12-13T20:16:22.566+0000] {processor.py:183} INFO - Processing /opt/airflow/dags/seismic_etl_pipeline.py took 0.350 seconds
[2025-12-13T20:16:52.699+0000] {processor.py:161} INFO - Started process (PID=2757) to work on /opt/airflow/dags/seismic_etl_pipeline.py
[2025-12-13T20:16:52.699+0000] {processor.py:830} INFO - Processing file /opt/airflow/dags/seismic_etl_pipeline.py for tasks to queue
[2025-12-13T20:16:52.700+0000] {logging_mixin.py:188} INFO - [2025-12-13T20:16:52.700+0000] {dagbag.py:538} INFO - Filling up the DagBag from /opt/airflow/dags/seismic_etl_pipeline.py
[2025-12-13T20:16:53.005+0000] {processor.py:840} INFO - DAG(s) 'seismic_etl_pipeline' retrieved from /opt/airflow/dags/seismic_etl_pipeline.py
[2025-12-13T20:16:53.020+0000] {logging_mixin.py:188} INFO - [2025-12-13T20:16:53.020+0000] {dag.py:3033} INFO - Sync 1 DAGs
[2025-12-13T20:16:53.031+0000] {logging_mixin.py:188} INFO - [2025-12-13T20:16:53.031+0000] {dag.py:3820} INFO - Setting next_dagrun for seismic_etl_pipeline to 2025-12-13T00:00:00+00:00, run_after=2025-12-14T00:00:00+00:00
[2025-12-13T20:16:53.042+0000] {processor.py:183} INFO - Processing /opt/airflow/dags/seismic_etl_pipeline.py took 0.345 seconds
[2025-12-13T20:17:23.185+0000] {processor.py:161} INFO - Started process (PID=2780) to work on /opt/airflow/dags/seismic_etl_pipeline.py
[2025-12-13T20:17:23.186+0000] {processor.py:830} INFO - Processing file /opt/airflow/dags/seismic_etl_pipeline.py for tasks to queue
[2025-12-13T20:17:23.186+0000] {logging_mixin.py:188} INFO - [2025-12-13T20:17:23.186+0000] {dagbag.py:538} INFO - Filling up the DagBag from /opt/airflow/dags/seismic_etl_pipeline.py
[2025-12-13T20:17:23.492+0000] {processor.py:840} INFO - DAG(s) 'seismic_etl_pipeline' retrieved from /opt/airflow/dags/seismic_etl_pipeline.py
[2025-12-13T20:17:23.508+0000] {logging_mixin.py:188} INFO - [2025-12-13T20:17:23.507+0000] {dag.py:3033} INFO - Sync 1 DAGs
[2025-12-13T20:17:23.520+0000] {logging_mixin.py:188} INFO - [2025-12-13T20:17:23.519+0000] {dag.py:3820} INFO - Setting next_dagrun for seismic_etl_pipeline to 2025-12-13T00:00:00+00:00, run_after=2025-12-14T00:00:00+00:00
[2025-12-13T20:17:23.529+0000] {processor.py:183} INFO - Processing /opt/airflow/dags/seismic_etl_pipeline.py took 0.347 seconds
[2025-12-13T20:17:53.661+0000] {processor.py:161} INFO - Started process (PID=2803) to work on /opt/airflow/dags/seismic_etl_pipeline.py
[2025-12-13T20:17:53.661+0000] {processor.py:830} INFO - Processing file /opt/airflow/dags/seismic_etl_pipeline.py for tasks to queue
[2025-12-13T20:17:53.662+0000] {logging_mixin.py:188} INFO - [2025-12-13T20:17:53.661+0000] {dagbag.py:538} INFO - Filling up the DagBag from /opt/airflow/dags/seismic_etl_pipeline.py
[2025-12-13T20:17:53.966+0000] {processor.py:840} INFO - DAG(s) 'seismic_etl_pipeline' retrieved from /opt/airflow/dags/seismic_etl_pipeline.py
[2025-12-13T20:17:53.982+0000] {logging_mixin.py:188} INFO - [2025-12-13T20:17:53.981+0000] {dag.py:3033} INFO - Sync 1 DAGs
[2025-12-13T20:17:53.993+0000] {logging_mixin.py:188} INFO - [2025-12-13T20:17:53.993+0000] {dag.py:3820} INFO - Setting next_dagrun for seismic_etl_pipeline to 2025-12-13T00:00:00+00:00, run_after=2025-12-14T00:00:00+00:00
[2025-12-13T20:17:54.003+0000] {processor.py:183} INFO - Processing /opt/airflow/dags/seismic_etl_pipeline.py took 0.344 seconds
[2025-12-13T20:18:24.150+0000] {processor.py:161} INFO - Started process (PID=2826) to work on /opt/airflow/dags/seismic_etl_pipeline.py
[2025-12-13T20:18:24.150+0000] {processor.py:830} INFO - Processing file /opt/airflow/dags/seismic_etl_pipeline.py for tasks to queue
[2025-12-13T20:18:24.151+0000] {logging_mixin.py:188} INFO - [2025-12-13T20:18:24.150+0000] {dagbag.py:538} INFO - Filling up the DagBag from /opt/airflow/dags/seismic_etl_pipeline.py
[2025-12-13T20:18:24.457+0000] {processor.py:840} INFO - DAG(s) 'seismic_etl_pipeline' retrieved from /opt/airflow/dags/seismic_etl_pipeline.py
[2025-12-13T20:18:24.473+0000] {logging_mixin.py:188} INFO - [2025-12-13T20:18:24.473+0000] {dag.py:3033} INFO - Sync 1 DAGs
[2025-12-13T20:18:24.485+0000] {logging_mixin.py:188} INFO - [2025-12-13T20:18:24.484+0000] {dag.py:3820} INFO - Setting next_dagrun for seismic_etl_pipeline to 2025-12-13T00:00:00+00:00, run_after=2025-12-14T00:00:00+00:00
[2025-12-13T20:18:24.494+0000] {processor.py:183} INFO - Processing /opt/airflow/dags/seismic_etl_pipeline.py took 0.347 seconds
[2025-12-13T20:18:54.620+0000] {processor.py:161} INFO - Started process (PID=2849) to work on /opt/airflow/dags/seismic_etl_pipeline.py
[2025-12-13T20:18:54.621+0000] {processor.py:830} INFO - Processing file /opt/airflow/dags/seismic_etl_pipeline.py for tasks to queue
[2025-12-13T20:18:54.621+0000] {logging_mixin.py:188} INFO - [2025-12-13T20:18:54.621+0000] {dagbag.py:538} INFO - Filling up the DagBag from /opt/airflow/dags/seismic_etl_pipeline.py
[2025-12-13T20:18:54.930+0000] {processor.py:840} INFO - DAG(s) 'seismic_etl_pipeline' retrieved from /opt/airflow/dags/seismic_etl_pipeline.py
[2025-12-13T20:18:54.945+0000] {logging_mixin.py:188} INFO - [2025-12-13T20:18:54.945+0000] {dag.py:3033} INFO - Sync 1 DAGs
[2025-12-13T20:18:54.956+0000] {logging_mixin.py:188} INFO - [2025-12-13T20:18:54.956+0000] {dag.py:3820} INFO - Setting next_dagrun for seismic_etl_pipeline to 2025-12-13T00:00:00+00:00, run_after=2025-12-14T00:00:00+00:00
[2025-12-13T20:18:54.966+0000] {processor.py:183} INFO - Processing /opt/airflow/dags/seismic_etl_pipeline.py took 0.348 seconds
[2025-12-13T20:19:25.103+0000] {processor.py:161} INFO - Started process (PID=2872) to work on /opt/airflow/dags/seismic_etl_pipeline.py
[2025-12-13T20:19:25.104+0000] {processor.py:830} INFO - Processing file /opt/airflow/dags/seismic_etl_pipeline.py for tasks to queue
[2025-12-13T20:19:25.105+0000] {logging_mixin.py:188} INFO - [2025-12-13T20:19:25.104+0000] {dagbag.py:538} INFO - Filling up the DagBag from /opt/airflow/dags/seismic_etl_pipeline.py
[2025-12-13T20:19:25.410+0000] {processor.py:840} INFO - DAG(s) 'seismic_etl_pipeline' retrieved from /opt/airflow/dags/seismic_etl_pipeline.py
[2025-12-13T20:19:25.426+0000] {logging_mixin.py:188} INFO - [2025-12-13T20:19:25.425+0000] {dag.py:3033} INFO - Sync 1 DAGs
[2025-12-13T20:19:25.437+0000] {logging_mixin.py:188} INFO - [2025-12-13T20:19:25.437+0000] {dag.py:3820} INFO - Setting next_dagrun for seismic_etl_pipeline to 2025-12-13T00:00:00+00:00, run_after=2025-12-14T00:00:00+00:00
[2025-12-13T20:19:25.447+0000] {processor.py:183} INFO - Processing /opt/airflow/dags/seismic_etl_pipeline.py took 0.346 seconds
[2025-12-13T20:19:55.582+0000] {processor.py:161} INFO - Started process (PID=2895) to work on /opt/airflow/dags/seismic_etl_pipeline.py
[2025-12-13T20:19:55.583+0000] {processor.py:830} INFO - Processing file /opt/airflow/dags/seismic_etl_pipeline.py for tasks to queue
[2025-12-13T20:19:55.584+0000] {logging_mixin.py:188} INFO - [2025-12-13T20:19:55.583+0000] {dagbag.py:538} INFO - Filling up the DagBag from /opt/airflow/dags/seismic_etl_pipeline.py
[2025-12-13T20:19:55.888+0000] {processor.py:840} INFO - DAG(s) 'seismic_etl_pipeline' retrieved from /opt/airflow/dags/seismic_etl_pipeline.py
[2025-12-13T20:19:55.903+0000] {logging_mixin.py:188} INFO - [2025-12-13T20:19:55.903+0000] {dag.py:3033} INFO - Sync 1 DAGs
[2025-12-13T20:19:55.915+0000] {logging_mixin.py:188} INFO - [2025-12-13T20:19:55.915+0000] {dag.py:3820} INFO - Setting next_dagrun for seismic_etl_pipeline to 2025-12-13T00:00:00+00:00, run_after=2025-12-14T00:00:00+00:00
[2025-12-13T20:19:55.925+0000] {processor.py:183} INFO - Processing /opt/airflow/dags/seismic_etl_pipeline.py took 0.345 seconds
[2025-12-13T20:20:26.062+0000] {processor.py:161} INFO - Started process (PID=2918) to work on /opt/airflow/dags/seismic_etl_pipeline.py
[2025-12-13T20:20:26.063+0000] {processor.py:830} INFO - Processing file /opt/airflow/dags/seismic_etl_pipeline.py for tasks to queue
[2025-12-13T20:20:26.063+0000] {logging_mixin.py:188} INFO - [2025-12-13T20:20:26.063+0000] {dagbag.py:538} INFO - Filling up the DagBag from /opt/airflow/dags/seismic_etl_pipeline.py
[2025-12-13T20:20:26.364+0000] {processor.py:840} INFO - DAG(s) 'seismic_etl_pipeline' retrieved from /opt/airflow/dags/seismic_etl_pipeline.py
[2025-12-13T20:20:26.379+0000] {logging_mixin.py:188} INFO - [2025-12-13T20:20:26.379+0000] {dag.py:3033} INFO - Sync 1 DAGs
[2025-12-13T20:20:26.391+0000] {logging_mixin.py:188} INFO - [2025-12-13T20:20:26.391+0000] {dag.py:3820} INFO - Setting next_dagrun for seismic_etl_pipeline to 2025-12-13T00:00:00+00:00, run_after=2025-12-14T00:00:00+00:00
[2025-12-13T20:20:26.401+0000] {processor.py:183} INFO - Processing /opt/airflow/dags/seismic_etl_pipeline.py took 0.341 seconds
[2025-12-13T20:20:56.548+0000] {processor.py:161} INFO - Started process (PID=2941) to work on /opt/airflow/dags/seismic_etl_pipeline.py
[2025-12-13T20:20:56.548+0000] {processor.py:830} INFO - Processing file /opt/airflow/dags/seismic_etl_pipeline.py for tasks to queue
[2025-12-13T20:20:56.549+0000] {logging_mixin.py:188} INFO - [2025-12-13T20:20:56.549+0000] {dagbag.py:538} INFO - Filling up the DagBag from /opt/airflow/dags/seismic_etl_pipeline.py
[2025-12-13T20:20:56.858+0000] {processor.py:840} INFO - DAG(s) 'seismic_etl_pipeline' retrieved from /opt/airflow/dags/seismic_etl_pipeline.py
[2025-12-13T20:20:56.873+0000] {logging_mixin.py:188} INFO - [2025-12-13T20:20:56.873+0000] {dag.py:3033} INFO - Sync 1 DAGs
[2025-12-13T20:20:56.885+0000] {logging_mixin.py:188} INFO - [2025-12-13T20:20:56.885+0000] {dag.py:3820} INFO - Setting next_dagrun for seismic_etl_pipeline to 2025-12-13T00:00:00+00:00, run_after=2025-12-14T00:00:00+00:00
[2025-12-13T20:20:56.895+0000] {processor.py:183} INFO - Processing /opt/airflow/dags/seismic_etl_pipeline.py took 0.349 seconds
[2025-12-13T20:21:27.030+0000] {processor.py:161} INFO - Started process (PID=2964) to work on /opt/airflow/dags/seismic_etl_pipeline.py
[2025-12-13T20:21:27.030+0000] {processor.py:830} INFO - Processing file /opt/airflow/dags/seismic_etl_pipeline.py for tasks to queue
[2025-12-13T20:21:27.031+0000] {logging_mixin.py:188} INFO - [2025-12-13T20:21:27.031+0000] {dagbag.py:538} INFO - Filling up the DagBag from /opt/airflow/dags/seismic_etl_pipeline.py
[2025-12-13T20:21:27.337+0000] {processor.py:840} INFO - DAG(s) 'seismic_etl_pipeline' retrieved from /opt/airflow/dags/seismic_etl_pipeline.py
[2025-12-13T20:21:27.352+0000] {logging_mixin.py:188} INFO - [2025-12-13T20:21:27.351+0000] {dag.py:3033} INFO - Sync 1 DAGs
[2025-12-13T20:21:27.363+0000] {logging_mixin.py:188} INFO - [2025-12-13T20:21:27.363+0000] {dag.py:3820} INFO - Setting next_dagrun for seismic_etl_pipeline to 2025-12-13T00:00:00+00:00, run_after=2025-12-14T00:00:00+00:00
[2025-12-13T20:21:27.373+0000] {processor.py:183} INFO - Processing /opt/airflow/dags/seismic_etl_pipeline.py took 0.346 seconds
[2025-12-13T20:21:57.513+0000] {processor.py:161} INFO - Started process (PID=2987) to work on /opt/airflow/dags/seismic_etl_pipeline.py
[2025-12-13T20:21:57.514+0000] {processor.py:830} INFO - Processing file /opt/airflow/dags/seismic_etl_pipeline.py for tasks to queue
[2025-12-13T20:21:57.514+0000] {logging_mixin.py:188} INFO - [2025-12-13T20:21:57.514+0000] {dagbag.py:538} INFO - Filling up the DagBag from /opt/airflow/dags/seismic_etl_pipeline.py
[2025-12-13T20:21:57.819+0000] {processor.py:840} INFO - DAG(s) 'seismic_etl_pipeline' retrieved from /opt/airflow/dags/seismic_etl_pipeline.py
[2025-12-13T20:21:57.834+0000] {logging_mixin.py:188} INFO - [2025-12-13T20:21:57.834+0000] {dag.py:3033} INFO - Sync 1 DAGs
[2025-12-13T20:21:57.845+0000] {logging_mixin.py:188} INFO - [2025-12-13T20:21:57.845+0000] {dag.py:3820} INFO - Setting next_dagrun for seismic_etl_pipeline to 2025-12-13T00:00:00+00:00, run_after=2025-12-14T00:00:00+00:00
[2025-12-13T20:21:57.855+0000] {processor.py:183} INFO - Processing /opt/airflow/dags/seismic_etl_pipeline.py took 0.345 seconds
[2025-12-13T20:22:27.989+0000] {processor.py:161} INFO - Started process (PID=3010) to work on /opt/airflow/dags/seismic_etl_pipeline.py
[2025-12-13T20:22:27.989+0000] {processor.py:830} INFO - Processing file /opt/airflow/dags/seismic_etl_pipeline.py for tasks to queue
[2025-12-13T20:22:27.990+0000] {logging_mixin.py:188} INFO - [2025-12-13T20:22:27.989+0000] {dagbag.py:538} INFO - Filling up the DagBag from /opt/airflow/dags/seismic_etl_pipeline.py
[2025-12-13T20:22:28.292+0000] {processor.py:840} INFO - DAG(s) 'seismic_etl_pipeline' retrieved from /opt/airflow/dags/seismic_etl_pipeline.py
[2025-12-13T20:22:28.307+0000] {logging_mixin.py:188} INFO - [2025-12-13T20:22:28.307+0000] {dag.py:3033} INFO - Sync 1 DAGs
[2025-12-13T20:22:28.319+0000] {logging_mixin.py:188} INFO - [2025-12-13T20:22:28.319+0000] {dag.py:3820} INFO - Setting next_dagrun for seismic_etl_pipeline to 2025-12-13T00:00:00+00:00, run_after=2025-12-14T00:00:00+00:00
[2025-12-13T20:22:28.329+0000] {processor.py:183} INFO - Processing /opt/airflow/dags/seismic_etl_pipeline.py took 0.342 seconds
[2025-12-13T20:22:58.472+0000] {processor.py:161} INFO - Started process (PID=3033) to work on /opt/airflow/dags/seismic_etl_pipeline.py
[2025-12-13T20:22:58.475+0000] {processor.py:830} INFO - Processing file /opt/airflow/dags/seismic_etl_pipeline.py for tasks to queue
[2025-12-13T20:22:58.475+0000] {logging_mixin.py:188} INFO - [2025-12-13T20:22:58.475+0000] {dagbag.py:538} INFO - Filling up the DagBag from /opt/airflow/dags/seismic_etl_pipeline.py
[2025-12-13T20:22:58.780+0000] {processor.py:840} INFO - DAG(s) 'seismic_etl_pipeline' retrieved from /opt/airflow/dags/seismic_etl_pipeline.py
[2025-12-13T20:22:58.795+0000] {logging_mixin.py:188} INFO - [2025-12-13T20:22:58.795+0000] {dag.py:3033} INFO - Sync 1 DAGs
[2025-12-13T20:22:58.806+0000] {logging_mixin.py:188} INFO - [2025-12-13T20:22:58.806+0000] {dag.py:3820} INFO - Setting next_dagrun for seismic_etl_pipeline to 2025-12-13T00:00:00+00:00, run_after=2025-12-14T00:00:00+00:00
[2025-12-13T20:22:58.816+0000] {processor.py:183} INFO - Processing /opt/airflow/dags/seismic_etl_pipeline.py took 0.347 seconds
[2025-12-13T20:23:28.946+0000] {processor.py:161} INFO - Started process (PID=3056) to work on /opt/airflow/dags/seismic_etl_pipeline.py
[2025-12-13T20:23:28.946+0000] {processor.py:830} INFO - Processing file /opt/airflow/dags/seismic_etl_pipeline.py for tasks to queue
[2025-12-13T20:23:28.946+0000] {logging_mixin.py:188} INFO - [2025-12-13T20:23:28.946+0000] {dagbag.py:538} INFO - Filling up the DagBag from /opt/airflow/dags/seismic_etl_pipeline.py
[2025-12-13T20:23:29.251+0000] {processor.py:840} INFO - DAG(s) 'seismic_etl_pipeline' retrieved from /opt/airflow/dags/seismic_etl_pipeline.py
[2025-12-13T20:23:29.266+0000] {logging_mixin.py:188} INFO - [2025-12-13T20:23:29.265+0000] {dag.py:3033} INFO - Sync 1 DAGs
[2025-12-13T20:23:29.277+0000] {logging_mixin.py:188} INFO - [2025-12-13T20:23:29.277+0000] {dag.py:3820} INFO - Setting next_dagrun for seismic_etl_pipeline to 2025-12-13T00:00:00+00:00, run_after=2025-12-14T00:00:00+00:00
[2025-12-13T20:23:29.289+0000] {processor.py:183} INFO - Processing /opt/airflow/dags/seismic_etl_pipeline.py took 0.345 seconds
[2025-12-13T20:23:59.431+0000] {processor.py:161} INFO - Started process (PID=3079) to work on /opt/airflow/dags/seismic_etl_pipeline.py
[2025-12-13T20:23:59.432+0000] {processor.py:830} INFO - Processing file /opt/airflow/dags/seismic_etl_pipeline.py for tasks to queue
[2025-12-13T20:23:59.433+0000] {logging_mixin.py:188} INFO - [2025-12-13T20:23:59.432+0000] {dagbag.py:538} INFO - Filling up the DagBag from /opt/airflow/dags/seismic_etl_pipeline.py
[2025-12-13T20:23:59.737+0000] {processor.py:840} INFO - DAG(s) 'seismic_etl_pipeline' retrieved from /opt/airflow/dags/seismic_etl_pipeline.py
[2025-12-13T20:23:59.753+0000] {logging_mixin.py:188} INFO - [2025-12-13T20:23:59.752+0000] {dag.py:3033} INFO - Sync 1 DAGs
[2025-12-13T20:23:59.764+0000] {logging_mixin.py:188} INFO - [2025-12-13T20:23:59.764+0000] {dag.py:3820} INFO - Setting next_dagrun for seismic_etl_pipeline to 2025-12-13T00:00:00+00:00, run_after=2025-12-14T00:00:00+00:00
[2025-12-13T20:23:59.774+0000] {processor.py:183} INFO - Processing /opt/airflow/dags/seismic_etl_pipeline.py took 0.345 seconds
[2025-12-13T20:24:29.921+0000] {processor.py:161} INFO - Started process (PID=3102) to work on /opt/airflow/dags/seismic_etl_pipeline.py
[2025-12-13T20:24:29.922+0000] {processor.py:830} INFO - Processing file /opt/airflow/dags/seismic_etl_pipeline.py for tasks to queue
[2025-12-13T20:24:29.922+0000] {logging_mixin.py:188} INFO - [2025-12-13T20:24:29.922+0000] {dagbag.py:538} INFO - Filling up the DagBag from /opt/airflow/dags/seismic_etl_pipeline.py
[2025-12-13T20:24:30.228+0000] {processor.py:840} INFO - DAG(s) 'seismic_etl_pipeline' retrieved from /opt/airflow/dags/seismic_etl_pipeline.py
[2025-12-13T20:24:30.244+0000] {logging_mixin.py:188} INFO - [2025-12-13T20:24:30.243+0000] {dag.py:3033} INFO - Sync 1 DAGs
[2025-12-13T20:24:30.255+0000] {logging_mixin.py:188} INFO - [2025-12-13T20:24:30.255+0000] {dag.py:3820} INFO - Setting next_dagrun for seismic_etl_pipeline to 2025-12-13T00:00:00+00:00, run_after=2025-12-14T00:00:00+00:00
[2025-12-13T20:24:30.265+0000] {processor.py:183} INFO - Processing /opt/airflow/dags/seismic_etl_pipeline.py took 0.346 seconds
[2025-12-13T20:25:00.402+0000] {processor.py:161} INFO - Started process (PID=3125) to work on /opt/airflow/dags/seismic_etl_pipeline.py
[2025-12-13T20:25:00.403+0000] {processor.py:830} INFO - Processing file /opt/airflow/dags/seismic_etl_pipeline.py for tasks to queue
[2025-12-13T20:25:00.403+0000] {logging_mixin.py:188} INFO - [2025-12-13T20:25:00.403+0000] {dagbag.py:538} INFO - Filling up the DagBag from /opt/airflow/dags/seismic_etl_pipeline.py
[2025-12-13T20:25:00.705+0000] {processor.py:840} INFO - DAG(s) 'seismic_etl_pipeline' retrieved from /opt/airflow/dags/seismic_etl_pipeline.py
[2025-12-13T20:25:00.720+0000] {logging_mixin.py:188} INFO - [2025-12-13T20:25:00.720+0000] {dag.py:3033} INFO - Sync 1 DAGs
[2025-12-13T20:25:00.731+0000] {logging_mixin.py:188} INFO - [2025-12-13T20:25:00.731+0000] {dag.py:3820} INFO - Setting next_dagrun for seismic_etl_pipeline to 2025-12-13T00:00:00+00:00, run_after=2025-12-14T00:00:00+00:00
[2025-12-13T20:25:00.742+0000] {processor.py:183} INFO - Processing /opt/airflow/dags/seismic_etl_pipeline.py took 0.341 seconds
[2025-12-13T20:25:30.882+0000] {processor.py:161} INFO - Started process (PID=3148) to work on /opt/airflow/dags/seismic_etl_pipeline.py
[2025-12-13T20:25:30.882+0000] {processor.py:830} INFO - Processing file /opt/airflow/dags/seismic_etl_pipeline.py for tasks to queue
[2025-12-13T20:25:30.882+0000] {logging_mixin.py:188} INFO - [2025-12-13T20:25:30.882+0000] {dagbag.py:538} INFO - Filling up the DagBag from /opt/airflow/dags/seismic_etl_pipeline.py
[2025-12-13T20:25:31.185+0000] {processor.py:840} INFO - DAG(s) 'seismic_etl_pipeline' retrieved from /opt/airflow/dags/seismic_etl_pipeline.py
[2025-12-13T20:25:31.201+0000] {logging_mixin.py:188} INFO - [2025-12-13T20:25:31.200+0000] {dag.py:3033} INFO - Sync 1 DAGs
[2025-12-13T20:25:31.212+0000] {logging_mixin.py:188} INFO - [2025-12-13T20:25:31.212+0000] {dag.py:3820} INFO - Setting next_dagrun for seismic_etl_pipeline to 2025-12-13T00:00:00+00:00, run_after=2025-12-14T00:00:00+00:00
[2025-12-13T20:25:31.229+0000] {processor.py:183} INFO - Processing /opt/airflow/dags/seismic_etl_pipeline.py took 0.350 seconds
[2025-12-13T20:26:01.367+0000] {processor.py:161} INFO - Started process (PID=3171) to work on /opt/airflow/dags/seismic_etl_pipeline.py
[2025-12-13T20:26:01.368+0000] {processor.py:830} INFO - Processing file /opt/airflow/dags/seismic_etl_pipeline.py for tasks to queue
[2025-12-13T20:26:01.368+0000] {logging_mixin.py:188} INFO - [2025-12-13T20:26:01.368+0000] {dagbag.py:538} INFO - Filling up the DagBag from /opt/airflow/dags/seismic_etl_pipeline.py
[2025-12-13T20:26:01.684+0000] {processor.py:840} INFO - DAG(s) 'seismic_etl_pipeline' retrieved from /opt/airflow/dags/seismic_etl_pipeline.py
[2025-12-13T20:26:01.699+0000] {logging_mixin.py:188} INFO - [2025-12-13T20:26:01.699+0000] {dag.py:3033} INFO - Sync 1 DAGs
[2025-12-13T20:26:01.711+0000] {logging_mixin.py:188} INFO - [2025-12-13T20:26:01.710+0000] {dag.py:3820} INFO - Setting next_dagrun for seismic_etl_pipeline to 2025-12-13T00:00:00+00:00, run_after=2025-12-14T00:00:00+00:00
[2025-12-13T20:26:01.720+0000] {processor.py:183} INFO - Processing /opt/airflow/dags/seismic_etl_pipeline.py took 0.356 seconds
[2025-12-13T20:26:31.851+0000] {processor.py:161} INFO - Started process (PID=3194) to work on /opt/airflow/dags/seismic_etl_pipeline.py
[2025-12-13T20:26:31.851+0000] {processor.py:830} INFO - Processing file /opt/airflow/dags/seismic_etl_pipeline.py for tasks to queue
[2025-12-13T20:26:31.852+0000] {logging_mixin.py:188} INFO - [2025-12-13T20:26:31.852+0000] {dagbag.py:538} INFO - Filling up the DagBag from /opt/airflow/dags/seismic_etl_pipeline.py
[2025-12-13T20:26:32.155+0000] {processor.py:840} INFO - DAG(s) 'seismic_etl_pipeline' retrieved from /opt/airflow/dags/seismic_etl_pipeline.py
[2025-12-13T20:26:32.170+0000] {logging_mixin.py:188} INFO - [2025-12-13T20:26:32.170+0000] {dag.py:3033} INFO - Sync 1 DAGs
[2025-12-13T20:26:32.182+0000] {logging_mixin.py:188} INFO - [2025-12-13T20:26:32.182+0000] {dag.py:3820} INFO - Setting next_dagrun for seismic_etl_pipeline to 2025-12-13T00:00:00+00:00, run_after=2025-12-14T00:00:00+00:00
[2025-12-13T20:26:32.193+0000] {processor.py:183} INFO - Processing /opt/airflow/dags/seismic_etl_pipeline.py took 0.344 seconds
[2025-12-13T20:27:02.319+0000] {processor.py:161} INFO - Started process (PID=3217) to work on /opt/airflow/dags/seismic_etl_pipeline.py
[2025-12-13T20:27:02.320+0000] {processor.py:830} INFO - Processing file /opt/airflow/dags/seismic_etl_pipeline.py for tasks to queue
[2025-12-13T20:27:02.321+0000] {logging_mixin.py:188} INFO - [2025-12-13T20:27:02.320+0000] {dagbag.py:538} INFO - Filling up the DagBag from /opt/airflow/dags/seismic_etl_pipeline.py
[2025-12-13T20:27:02.623+0000] {processor.py:840} INFO - DAG(s) 'seismic_etl_pipeline' retrieved from /opt/airflow/dags/seismic_etl_pipeline.py
[2025-12-13T20:27:02.639+0000] {logging_mixin.py:188} INFO - [2025-12-13T20:27:02.639+0000] {dag.py:3033} INFO - Sync 1 DAGs
[2025-12-13T20:27:02.650+0000] {logging_mixin.py:188} INFO - [2025-12-13T20:27:02.650+0000] {dag.py:3820} INFO - Setting next_dagrun for seismic_etl_pipeline to 2025-12-13T00:00:00+00:00, run_after=2025-12-14T00:00:00+00:00
[2025-12-13T20:27:02.660+0000] {processor.py:183} INFO - Processing /opt/airflow/dags/seismic_etl_pipeline.py took 0.343 seconds
[2025-12-13T20:27:32.797+0000] {processor.py:161} INFO - Started process (PID=3240) to work on /opt/airflow/dags/seismic_etl_pipeline.py
[2025-12-13T20:27:32.797+0000] {processor.py:830} INFO - Processing file /opt/airflow/dags/seismic_etl_pipeline.py for tasks to queue
[2025-12-13T20:27:32.797+0000] {logging_mixin.py:188} INFO - [2025-12-13T20:27:32.797+0000] {dagbag.py:538} INFO - Filling up the DagBag from /opt/airflow/dags/seismic_etl_pipeline.py
[2025-12-13T20:27:33.101+0000] {processor.py:840} INFO - DAG(s) 'seismic_etl_pipeline' retrieved from /opt/airflow/dags/seismic_etl_pipeline.py
[2025-12-13T20:27:33.116+0000] {logging_mixin.py:188} INFO - [2025-12-13T20:27:33.116+0000] {dag.py:3033} INFO - Sync 1 DAGs
[2025-12-13T20:27:33.128+0000] {logging_mixin.py:188} INFO - [2025-12-13T20:27:33.128+0000] {dag.py:3820} INFO - Setting next_dagrun for seismic_etl_pipeline to 2025-12-13T00:00:00+00:00, run_after=2025-12-14T00:00:00+00:00
[2025-12-13T20:27:33.138+0000] {processor.py:183} INFO - Processing /opt/airflow/dags/seismic_etl_pipeline.py took 0.344 seconds
[2025-12-13T20:28:03.275+0000] {processor.py:161} INFO - Started process (PID=3263) to work on /opt/airflow/dags/seismic_etl_pipeline.py
[2025-12-13T20:28:03.276+0000] {processor.py:830} INFO - Processing file /opt/airflow/dags/seismic_etl_pipeline.py for tasks to queue
[2025-12-13T20:28:03.276+0000] {logging_mixin.py:188} INFO - [2025-12-13T20:28:03.276+0000] {dagbag.py:538} INFO - Filling up the DagBag from /opt/airflow/dags/seismic_etl_pipeline.py
[2025-12-13T20:28:03.580+0000] {processor.py:840} INFO - DAG(s) 'seismic_etl_pipeline' retrieved from /opt/airflow/dags/seismic_etl_pipeline.py
[2025-12-13T20:28:03.596+0000] {logging_mixin.py:188} INFO - [2025-12-13T20:28:03.596+0000] {dag.py:3033} INFO - Sync 1 DAGs
[2025-12-13T20:28:03.607+0000] {logging_mixin.py:188} INFO - [2025-12-13T20:28:03.607+0000] {dag.py:3820} INFO - Setting next_dagrun for seismic_etl_pipeline to 2025-12-13T00:00:00+00:00, run_after=2025-12-14T00:00:00+00:00
[2025-12-13T20:28:03.617+0000] {processor.py:183} INFO - Processing /opt/airflow/dags/seismic_etl_pipeline.py took 0.345 seconds
[2025-12-13T20:28:33.775+0000] {processor.py:161} INFO - Started process (PID=3286) to work on /opt/airflow/dags/seismic_etl_pipeline.py
[2025-12-13T20:28:33.775+0000] {processor.py:830} INFO - Processing file /opt/airflow/dags/seismic_etl_pipeline.py for tasks to queue
[2025-12-13T20:28:33.775+0000] {logging_mixin.py:188} INFO - [2025-12-13T20:28:33.775+0000] {dagbag.py:538} INFO - Filling up the DagBag from /opt/airflow/dags/seismic_etl_pipeline.py
[2025-12-13T20:28:34.079+0000] {processor.py:840} INFO - DAG(s) 'seismic_etl_pipeline' retrieved from /opt/airflow/dags/seismic_etl_pipeline.py
[2025-12-13T20:28:34.094+0000] {logging_mixin.py:188} INFO - [2025-12-13T20:28:34.094+0000] {dag.py:3033} INFO - Sync 1 DAGs
[2025-12-13T20:28:34.106+0000] {logging_mixin.py:188} INFO - [2025-12-13T20:28:34.106+0000] {dag.py:3820} INFO - Setting next_dagrun for seismic_etl_pipeline to 2025-12-13T00:00:00+00:00, run_after=2025-12-14T00:00:00+00:00
[2025-12-13T20:28:34.116+0000] {processor.py:183} INFO - Processing /opt/airflow/dags/seismic_etl_pipeline.py took 0.344 seconds
[2025-12-13T20:29:04.244+0000] {processor.py:161} INFO - Started process (PID=3309) to work on /opt/airflow/dags/seismic_etl_pipeline.py
[2025-12-13T20:29:04.245+0000] {processor.py:830} INFO - Processing file /opt/airflow/dags/seismic_etl_pipeline.py for tasks to queue
[2025-12-13T20:29:04.245+0000] {logging_mixin.py:188} INFO - [2025-12-13T20:29:04.245+0000] {dagbag.py:538} INFO - Filling up the DagBag from /opt/airflow/dags/seismic_etl_pipeline.py
[2025-12-13T20:29:04.546+0000] {processor.py:840} INFO - DAG(s) 'seismic_etl_pipeline' retrieved from /opt/airflow/dags/seismic_etl_pipeline.py
[2025-12-13T20:29:04.561+0000] {logging_mixin.py:188} INFO - [2025-12-13T20:29:04.561+0000] {dag.py:3033} INFO - Sync 1 DAGs
[2025-12-13T20:29:04.573+0000] {logging_mixin.py:188} INFO - [2025-12-13T20:29:04.573+0000] {dag.py:3820} INFO - Setting next_dagrun for seismic_etl_pipeline to 2025-12-13T00:00:00+00:00, run_after=2025-12-14T00:00:00+00:00
[2025-12-13T20:29:04.583+0000] {processor.py:183} INFO - Processing /opt/airflow/dags/seismic_etl_pipeline.py took 0.341 seconds
[2025-12-13T20:29:34.720+0000] {processor.py:161} INFO - Started process (PID=3332) to work on /opt/airflow/dags/seismic_etl_pipeline.py
[2025-12-13T20:29:34.721+0000] {processor.py:830} INFO - Processing file /opt/airflow/dags/seismic_etl_pipeline.py for tasks to queue
[2025-12-13T20:29:34.721+0000] {logging_mixin.py:188} INFO - [2025-12-13T20:29:34.721+0000] {dagbag.py:538} INFO - Filling up the DagBag from /opt/airflow/dags/seismic_etl_pipeline.py
[2025-12-13T20:29:35.022+0000] {processor.py:840} INFO - DAG(s) 'seismic_etl_pipeline' retrieved from /opt/airflow/dags/seismic_etl_pipeline.py
[2025-12-13T20:29:35.037+0000] {logging_mixin.py:188} INFO - [2025-12-13T20:29:35.037+0000] {dag.py:3033} INFO - Sync 1 DAGs
[2025-12-13T20:29:35.049+0000] {logging_mixin.py:188} INFO - [2025-12-13T20:29:35.049+0000] {dag.py:3820} INFO - Setting next_dagrun for seismic_etl_pipeline to 2025-12-13T00:00:00+00:00, run_after=2025-12-14T00:00:00+00:00
[2025-12-13T20:29:35.059+0000] {processor.py:183} INFO - Processing /opt/airflow/dags/seismic_etl_pipeline.py took 0.341 seconds
[2025-12-13T20:30:05.202+0000] {processor.py:161} INFO - Started process (PID=3355) to work on /opt/airflow/dags/seismic_etl_pipeline.py
[2025-12-13T20:30:05.202+0000] {processor.py:830} INFO - Processing file /opt/airflow/dags/seismic_etl_pipeline.py for tasks to queue
[2025-12-13T20:30:05.203+0000] {logging_mixin.py:188} INFO - [2025-12-13T20:30:05.203+0000] {dagbag.py:538} INFO - Filling up the DagBag from /opt/airflow/dags/seismic_etl_pipeline.py
[2025-12-13T20:30:05.506+0000] {processor.py:840} INFO - DAG(s) 'seismic_etl_pipeline' retrieved from /opt/airflow/dags/seismic_etl_pipeline.py
[2025-12-13T20:30:05.522+0000] {logging_mixin.py:188} INFO - [2025-12-13T20:30:05.521+0000] {dag.py:3033} INFO - Sync 1 DAGs
[2025-12-13T20:30:05.533+0000] {logging_mixin.py:188} INFO - [2025-12-13T20:30:05.533+0000] {dag.py:3820} INFO - Setting next_dagrun for seismic_etl_pipeline to 2025-12-13T00:00:00+00:00, run_after=2025-12-14T00:00:00+00:00
[2025-12-13T20:30:05.543+0000] {processor.py:183} INFO - Processing /opt/airflow/dags/seismic_etl_pipeline.py took 0.343 seconds
[2025-12-13T20:30:35.687+0000] {processor.py:161} INFO - Started process (PID=3378) to work on /opt/airflow/dags/seismic_etl_pipeline.py
[2025-12-13T20:30:35.687+0000] {processor.py:830} INFO - Processing file /opt/airflow/dags/seismic_etl_pipeline.py for tasks to queue
[2025-12-13T20:30:35.688+0000] {logging_mixin.py:188} INFO - [2025-12-13T20:30:35.687+0000] {dagbag.py:538} INFO - Filling up the DagBag from /opt/airflow/dags/seismic_etl_pipeline.py
[2025-12-13T20:30:36.003+0000] {processor.py:840} INFO - DAG(s) 'seismic_etl_pipeline' retrieved from /opt/airflow/dags/seismic_etl_pipeline.py
[2025-12-13T20:30:36.018+0000] {logging_mixin.py:188} INFO - [2025-12-13T20:30:36.018+0000] {dag.py:3033} INFO - Sync 1 DAGs
[2025-12-13T20:30:36.030+0000] {logging_mixin.py:188} INFO - [2025-12-13T20:30:36.030+0000] {dag.py:3820} INFO - Setting next_dagrun for seismic_etl_pipeline to 2025-12-13T00:00:00+00:00, run_after=2025-12-14T00:00:00+00:00
[2025-12-13T20:30:36.040+0000] {processor.py:183} INFO - Processing /opt/airflow/dags/seismic_etl_pipeline.py took 0.356 seconds
[2025-12-13T20:31:06.165+0000] {processor.py:161} INFO - Started process (PID=3401) to work on /opt/airflow/dags/seismic_etl_pipeline.py
[2025-12-13T20:31:06.166+0000] {processor.py:830} INFO - Processing file /opt/airflow/dags/seismic_etl_pipeline.py for tasks to queue
[2025-12-13T20:31:06.166+0000] {logging_mixin.py:188} INFO - [2025-12-13T20:31:06.166+0000] {dagbag.py:538} INFO - Filling up the DagBag from /opt/airflow/dags/seismic_etl_pipeline.py
[2025-12-13T20:31:06.469+0000] {processor.py:840} INFO - DAG(s) 'seismic_etl_pipeline' retrieved from /opt/airflow/dags/seismic_etl_pipeline.py
[2025-12-13T20:31:06.485+0000] {logging_mixin.py:188} INFO - [2025-12-13T20:31:06.485+0000] {dag.py:3033} INFO - Sync 1 DAGs
[2025-12-13T20:31:06.496+0000] {logging_mixin.py:188} INFO - [2025-12-13T20:31:06.496+0000] {dag.py:3820} INFO - Setting next_dagrun for seismic_etl_pipeline to 2025-12-13T00:00:00+00:00, run_after=2025-12-14T00:00:00+00:00
[2025-12-13T20:31:06.506+0000] {processor.py:183} INFO - Processing /opt/airflow/dags/seismic_etl_pipeline.py took 0.343 seconds
[2025-12-13T20:31:36.637+0000] {processor.py:161} INFO - Started process (PID=3424) to work on /opt/airflow/dags/seismic_etl_pipeline.py
[2025-12-13T20:31:36.637+0000] {processor.py:830} INFO - Processing file /opt/airflow/dags/seismic_etl_pipeline.py for tasks to queue
[2025-12-13T20:31:36.638+0000] {logging_mixin.py:188} INFO - [2025-12-13T20:31:36.637+0000] {dagbag.py:538} INFO - Filling up the DagBag from /opt/airflow/dags/seismic_etl_pipeline.py
[2025-12-13T20:31:36.941+0000] {processor.py:840} INFO - DAG(s) 'seismic_etl_pipeline' retrieved from /opt/airflow/dags/seismic_etl_pipeline.py
[2025-12-13T20:31:36.957+0000] {logging_mixin.py:188} INFO - [2025-12-13T20:31:36.956+0000] {dag.py:3033} INFO - Sync 1 DAGs
[2025-12-13T20:31:36.968+0000] {logging_mixin.py:188} INFO - [2025-12-13T20:31:36.968+0000] {dag.py:3820} INFO - Setting next_dagrun for seismic_etl_pipeline to 2025-12-13T00:00:00+00:00, run_after=2025-12-14T00:00:00+00:00
[2025-12-13T20:31:36.978+0000] {processor.py:183} INFO - Processing /opt/airflow/dags/seismic_etl_pipeline.py took 0.344 seconds
[2025-12-13T20:32:07.110+0000] {processor.py:161} INFO - Started process (PID=3447) to work on /opt/airflow/dags/seismic_etl_pipeline.py
[2025-12-13T20:32:07.111+0000] {processor.py:830} INFO - Processing file /opt/airflow/dags/seismic_etl_pipeline.py for tasks to queue
[2025-12-13T20:32:07.111+0000] {logging_mixin.py:188} INFO - [2025-12-13T20:32:07.111+0000] {dagbag.py:538} INFO - Filling up the DagBag from /opt/airflow/dags/seismic_etl_pipeline.py
[2025-12-13T20:32:07.412+0000] {processor.py:840} INFO - DAG(s) 'seismic_etl_pipeline' retrieved from /opt/airflow/dags/seismic_etl_pipeline.py
[2025-12-13T20:32:07.427+0000] {logging_mixin.py:188} INFO - [2025-12-13T20:32:07.427+0000] {dag.py:3033} INFO - Sync 1 DAGs
[2025-12-13T20:32:07.438+0000] {logging_mixin.py:188} INFO - [2025-12-13T20:32:07.438+0000] {dag.py:3820} INFO - Setting next_dagrun for seismic_etl_pipeline to 2025-12-13T00:00:00+00:00, run_after=2025-12-14T00:00:00+00:00
[2025-12-13T20:32:07.448+0000] {processor.py:183} INFO - Processing /opt/airflow/dags/seismic_etl_pipeline.py took 0.340 seconds
[2025-12-13T20:32:37.584+0000] {processor.py:161} INFO - Started process (PID=3470) to work on /opt/airflow/dags/seismic_etl_pipeline.py
[2025-12-13T20:32:37.584+0000] {processor.py:830} INFO - Processing file /opt/airflow/dags/seismic_etl_pipeline.py for tasks to queue
[2025-12-13T20:32:37.585+0000] {logging_mixin.py:188} INFO - [2025-12-13T20:32:37.585+0000] {dagbag.py:538} INFO - Filling up the DagBag from /opt/airflow/dags/seismic_etl_pipeline.py
[2025-12-13T20:32:37.886+0000] {processor.py:840} INFO - DAG(s) 'seismic_etl_pipeline' retrieved from /opt/airflow/dags/seismic_etl_pipeline.py
[2025-12-13T20:32:37.902+0000] {logging_mixin.py:188} INFO - [2025-12-13T20:32:37.902+0000] {dag.py:3033} INFO - Sync 1 DAGs
[2025-12-13T20:32:37.914+0000] {logging_mixin.py:188} INFO - [2025-12-13T20:32:37.914+0000] {dag.py:3820} INFO - Setting next_dagrun for seismic_etl_pipeline to 2025-12-13T00:00:00+00:00, run_after=2025-12-14T00:00:00+00:00
[2025-12-13T20:32:37.924+0000] {processor.py:183} INFO - Processing /opt/airflow/dags/seismic_etl_pipeline.py took 0.342 seconds
[2025-12-13T20:33:08.061+0000] {processor.py:161} INFO - Started process (PID=3493) to work on /opt/airflow/dags/seismic_etl_pipeline.py
[2025-12-13T20:33:08.062+0000] {processor.py:830} INFO - Processing file /opt/airflow/dags/seismic_etl_pipeline.py for tasks to queue
[2025-12-13T20:33:08.062+0000] {logging_mixin.py:188} INFO - [2025-12-13T20:33:08.062+0000] {dagbag.py:538} INFO - Filling up the DagBag from /opt/airflow/dags/seismic_etl_pipeline.py
[2025-12-13T20:33:08.365+0000] {processor.py:840} INFO - DAG(s) 'seismic_etl_pipeline' retrieved from /opt/airflow/dags/seismic_etl_pipeline.py
[2025-12-13T20:33:08.380+0000] {logging_mixin.py:188} INFO - [2025-12-13T20:33:08.380+0000] {dag.py:3033} INFO - Sync 1 DAGs
[2025-12-13T20:33:08.391+0000] {logging_mixin.py:188} INFO - [2025-12-13T20:33:08.391+0000] {dag.py:3820} INFO - Setting next_dagrun for seismic_etl_pipeline to 2025-12-13T00:00:00+00:00, run_after=2025-12-14T00:00:00+00:00
[2025-12-13T20:33:08.401+0000] {processor.py:183} INFO - Processing /opt/airflow/dags/seismic_etl_pipeline.py took 0.343 seconds
[2025-12-13T20:33:38.531+0000] {processor.py:161} INFO - Started process (PID=3516) to work on /opt/airflow/dags/seismic_etl_pipeline.py
[2025-12-13T20:33:38.532+0000] {processor.py:830} INFO - Processing file /opt/airflow/dags/seismic_etl_pipeline.py for tasks to queue
[2025-12-13T20:33:38.532+0000] {logging_mixin.py:188} INFO - [2025-12-13T20:33:38.532+0000] {dagbag.py:538} INFO - Filling up the DagBag from /opt/airflow/dags/seismic_etl_pipeline.py
[2025-12-13T20:33:38.836+0000] {processor.py:840} INFO - DAG(s) 'seismic_etl_pipeline' retrieved from /opt/airflow/dags/seismic_etl_pipeline.py
[2025-12-13T20:33:38.852+0000] {logging_mixin.py:188} INFO - [2025-12-13T20:33:38.851+0000] {dag.py:3033} INFO - Sync 1 DAGs
[2025-12-13T20:33:38.863+0000] {logging_mixin.py:188} INFO - [2025-12-13T20:33:38.863+0000] {dag.py:3820} INFO - Setting next_dagrun for seismic_etl_pipeline to 2025-12-13T00:00:00+00:00, run_after=2025-12-14T00:00:00+00:00
[2025-12-13T20:33:38.873+0000] {processor.py:183} INFO - Processing /opt/airflow/dags/seismic_etl_pipeline.py took 0.345 seconds
[2025-12-13T20:34:09.008+0000] {processor.py:161} INFO - Started process (PID=3539) to work on /opt/airflow/dags/seismic_etl_pipeline.py
[2025-12-13T20:34:09.009+0000] {processor.py:830} INFO - Processing file /opt/airflow/dags/seismic_etl_pipeline.py for tasks to queue
[2025-12-13T20:34:09.009+0000] {logging_mixin.py:188} INFO - [2025-12-13T20:34:09.009+0000] {dagbag.py:538} INFO - Filling up the DagBag from /opt/airflow/dags/seismic_etl_pipeline.py
[2025-12-13T20:34:09.311+0000] {processor.py:840} INFO - DAG(s) 'seismic_etl_pipeline' retrieved from /opt/airflow/dags/seismic_etl_pipeline.py
[2025-12-13T20:34:09.326+0000] {logging_mixin.py:188} INFO - [2025-12-13T20:34:09.326+0000] {dag.py:3033} INFO - Sync 1 DAGs
[2025-12-13T20:34:09.337+0000] {logging_mixin.py:188} INFO - [2025-12-13T20:34:09.337+0000] {dag.py:3820} INFO - Setting next_dagrun for seismic_etl_pipeline to 2025-12-13T00:00:00+00:00, run_after=2025-12-14T00:00:00+00:00
[2025-12-13T20:34:09.347+0000] {processor.py:183} INFO - Processing /opt/airflow/dags/seismic_etl_pipeline.py took 0.341 seconds
[2025-12-13T20:34:39.491+0000] {processor.py:161} INFO - Started process (PID=3562) to work on /opt/airflow/dags/seismic_etl_pipeline.py
[2025-12-13T20:34:39.492+0000] {processor.py:830} INFO - Processing file /opt/airflow/dags/seismic_etl_pipeline.py for tasks to queue
[2025-12-13T20:34:39.492+0000] {logging_mixin.py:188} INFO - [2025-12-13T20:34:39.492+0000] {dagbag.py:538} INFO - Filling up the DagBag from /opt/airflow/dags/seismic_etl_pipeline.py
[2025-12-13T20:34:39.794+0000] {processor.py:840} INFO - DAG(s) 'seismic_etl_pipeline' retrieved from /opt/airflow/dags/seismic_etl_pipeline.py
[2025-12-13T20:34:39.810+0000] {logging_mixin.py:188} INFO - [2025-12-13T20:34:39.810+0000] {dag.py:3033} INFO - Sync 1 DAGs
[2025-12-13T20:34:39.822+0000] {logging_mixin.py:188} INFO - [2025-12-13T20:34:39.822+0000] {dag.py:3820} INFO - Setting next_dagrun for seismic_etl_pipeline to 2025-12-13T00:00:00+00:00, run_after=2025-12-14T00:00:00+00:00
[2025-12-13T20:34:39.832+0000] {processor.py:183} INFO - Processing /opt/airflow/dags/seismic_etl_pipeline.py took 0.343 seconds
[2025-12-13T20:35:09.962+0000] {processor.py:161} INFO - Started process (PID=3585) to work on /opt/airflow/dags/seismic_etl_pipeline.py
[2025-12-13T20:35:09.963+0000] {processor.py:830} INFO - Processing file /opt/airflow/dags/seismic_etl_pipeline.py for tasks to queue
[2025-12-13T20:35:09.963+0000] {logging_mixin.py:188} INFO - [2025-12-13T20:35:09.963+0000] {dagbag.py:538} INFO - Filling up the DagBag from /opt/airflow/dags/seismic_etl_pipeline.py
[2025-12-13T20:35:10.267+0000] {processor.py:840} INFO - DAG(s) 'seismic_etl_pipeline' retrieved from /opt/airflow/dags/seismic_etl_pipeline.py
[2025-12-13T20:35:10.282+0000] {logging_mixin.py:188} INFO - [2025-12-13T20:35:10.282+0000] {dag.py:3033} INFO - Sync 1 DAGs
[2025-12-13T20:35:10.294+0000] {logging_mixin.py:188} INFO - [2025-12-13T20:35:10.293+0000] {dag.py:3820} INFO - Setting next_dagrun for seismic_etl_pipeline to 2025-12-13T00:00:00+00:00, run_after=2025-12-14T00:00:00+00:00
[2025-12-13T20:35:10.303+0000] {processor.py:183} INFO - Processing /opt/airflow/dags/seismic_etl_pipeline.py took 0.343 seconds
[2025-12-13T20:35:40.433+0000] {processor.py:161} INFO - Started process (PID=3608) to work on /opt/airflow/dags/seismic_etl_pipeline.py
[2025-12-13T20:35:40.434+0000] {processor.py:830} INFO - Processing file /opt/airflow/dags/seismic_etl_pipeline.py for tasks to queue
[2025-12-13T20:35:40.434+0000] {logging_mixin.py:188} INFO - [2025-12-13T20:35:40.434+0000] {dagbag.py:538} INFO - Filling up the DagBag from /opt/airflow/dags/seismic_etl_pipeline.py
[2025-12-13T20:35:40.735+0000] {processor.py:840} INFO - DAG(s) 'seismic_etl_pipeline' retrieved from /opt/airflow/dags/seismic_etl_pipeline.py
[2025-12-13T20:35:40.751+0000] {logging_mixin.py:188} INFO - [2025-12-13T20:35:40.751+0000] {dag.py:3033} INFO - Sync 1 DAGs
[2025-12-13T20:35:40.763+0000] {logging_mixin.py:188} INFO - [2025-12-13T20:35:40.763+0000] {dag.py:3820} INFO - Setting next_dagrun for seismic_etl_pipeline to 2025-12-13T00:00:00+00:00, run_after=2025-12-14T00:00:00+00:00
[2025-12-13T20:35:40.773+0000] {processor.py:183} INFO - Processing /opt/airflow/dags/seismic_etl_pipeline.py took 0.342 seconds
[2025-12-13T20:36:10.914+0000] {processor.py:161} INFO - Started process (PID=3631) to work on /opt/airflow/dags/seismic_etl_pipeline.py
[2025-12-13T20:36:10.914+0000] {processor.py:830} INFO - Processing file /opt/airflow/dags/seismic_etl_pipeline.py for tasks to queue
[2025-12-13T20:36:10.915+0000] {logging_mixin.py:188} INFO - [2025-12-13T20:36:10.915+0000] {dagbag.py:538} INFO - Filling up the DagBag from /opt/airflow/dags/seismic_etl_pipeline.py
[2025-12-13T20:36:11.216+0000] {processor.py:840} INFO - DAG(s) 'seismic_etl_pipeline' retrieved from /opt/airflow/dags/seismic_etl_pipeline.py
[2025-12-13T20:36:11.231+0000] {logging_mixin.py:188} INFO - [2025-12-13T20:36:11.231+0000] {dag.py:3033} INFO - Sync 1 DAGs
[2025-12-13T20:36:11.242+0000] {logging_mixin.py:188} INFO - [2025-12-13T20:36:11.242+0000] {dag.py:3820} INFO - Setting next_dagrun for seismic_etl_pipeline to 2025-12-13T00:00:00+00:00, run_after=2025-12-14T00:00:00+00:00
[2025-12-13T20:36:11.252+0000] {processor.py:183} INFO - Processing /opt/airflow/dags/seismic_etl_pipeline.py took 0.341 seconds
[2025-12-13T20:36:41.396+0000] {processor.py:161} INFO - Started process (PID=3654) to work on /opt/airflow/dags/seismic_etl_pipeline.py
[2025-12-13T20:36:41.396+0000] {processor.py:830} INFO - Processing file /opt/airflow/dags/seismic_etl_pipeline.py for tasks to queue
[2025-12-13T20:36:41.396+0000] {logging_mixin.py:188} INFO - [2025-12-13T20:36:41.396+0000] {dagbag.py:538} INFO - Filling up the DagBag from /opt/airflow/dags/seismic_etl_pipeline.py
[2025-12-13T20:36:41.699+0000] {processor.py:840} INFO - DAG(s) 'seismic_etl_pipeline' retrieved from /opt/airflow/dags/seismic_etl_pipeline.py
[2025-12-13T20:36:41.714+0000] {logging_mixin.py:188} INFO - [2025-12-13T20:36:41.714+0000] {dag.py:3033} INFO - Sync 1 DAGs
[2025-12-13T20:36:41.726+0000] {logging_mixin.py:188} INFO - [2025-12-13T20:36:41.725+0000] {dag.py:3820} INFO - Setting next_dagrun for seismic_etl_pipeline to 2025-12-13T00:00:00+00:00, run_after=2025-12-14T00:00:00+00:00
[2025-12-13T20:36:41.735+0000] {processor.py:183} INFO - Processing /opt/airflow/dags/seismic_etl_pipeline.py took 0.342 seconds
[2025-12-13T20:37:11.879+0000] {processor.py:161} INFO - Started process (PID=3677) to work on /opt/airflow/dags/seismic_etl_pipeline.py
[2025-12-13T20:37:11.879+0000] {processor.py:830} INFO - Processing file /opt/airflow/dags/seismic_etl_pipeline.py for tasks to queue
[2025-12-13T20:37:11.880+0000] {logging_mixin.py:188} INFO - [2025-12-13T20:37:11.880+0000] {dagbag.py:538} INFO - Filling up the DagBag from /opt/airflow/dags/seismic_etl_pipeline.py
[2025-12-13T20:37:12.184+0000] {processor.py:840} INFO - DAG(s) 'seismic_etl_pipeline' retrieved from /opt/airflow/dags/seismic_etl_pipeline.py
[2025-12-13T20:37:12.199+0000] {logging_mixin.py:188} INFO - [2025-12-13T20:37:12.199+0000] {dag.py:3033} INFO - Sync 1 DAGs
[2025-12-13T20:37:12.211+0000] {logging_mixin.py:188} INFO - [2025-12-13T20:37:12.210+0000] {dag.py:3820} INFO - Setting next_dagrun for seismic_etl_pipeline to 2025-12-13T00:00:00+00:00, run_after=2025-12-14T00:00:00+00:00
[2025-12-13T20:37:12.221+0000] {processor.py:183} INFO - Processing /opt/airflow/dags/seismic_etl_pipeline.py took 0.344 seconds
[2025-12-13T20:37:42.356+0000] {processor.py:161} INFO - Started process (PID=3700) to work on /opt/airflow/dags/seismic_etl_pipeline.py
[2025-12-13T20:37:42.356+0000] {processor.py:830} INFO - Processing file /opt/airflow/dags/seismic_etl_pipeline.py for tasks to queue
[2025-12-13T20:37:42.357+0000] {logging_mixin.py:188} INFO - [2025-12-13T20:37:42.357+0000] {dagbag.py:538} INFO - Filling up the DagBag from /opt/airflow/dags/seismic_etl_pipeline.py
[2025-12-13T20:37:42.657+0000] {processor.py:840} INFO - DAG(s) 'seismic_etl_pipeline' retrieved from /opt/airflow/dags/seismic_etl_pipeline.py
[2025-12-13T20:37:42.673+0000] {logging_mixin.py:188} INFO - [2025-12-13T20:37:42.672+0000] {dag.py:3033} INFO - Sync 1 DAGs
[2025-12-13T20:37:42.685+0000] {logging_mixin.py:188} INFO - [2025-12-13T20:37:42.684+0000] {dag.py:3820} INFO - Setting next_dagrun for seismic_etl_pipeline to 2025-12-13T00:00:00+00:00, run_after=2025-12-14T00:00:00+00:00
[2025-12-13T20:37:42.695+0000] {processor.py:183} INFO - Processing /opt/airflow/dags/seismic_etl_pipeline.py took 0.341 seconds
[2025-12-13T20:38:12.829+0000] {processor.py:161} INFO - Started process (PID=3723) to work on /opt/airflow/dags/seismic_etl_pipeline.py
[2025-12-13T20:38:12.830+0000] {processor.py:830} INFO - Processing file /opt/airflow/dags/seismic_etl_pipeline.py for tasks to queue
[2025-12-13T20:38:12.830+0000] {logging_mixin.py:188} INFO - [2025-12-13T20:38:12.830+0000] {dagbag.py:538} INFO - Filling up the DagBag from /opt/airflow/dags/seismic_etl_pipeline.py
[2025-12-13T20:38:13.131+0000] {processor.py:840} INFO - DAG(s) 'seismic_etl_pipeline' retrieved from /opt/airflow/dags/seismic_etl_pipeline.py
[2025-12-13T20:38:13.146+0000] {logging_mixin.py:188} INFO - [2025-12-13T20:38:13.146+0000] {dag.py:3033} INFO - Sync 1 DAGs
[2025-12-13T20:38:13.157+0000] {logging_mixin.py:188} INFO - [2025-12-13T20:38:13.157+0000] {dag.py:3820} INFO - Setting next_dagrun for seismic_etl_pipeline to 2025-12-13T00:00:00+00:00, run_after=2025-12-14T00:00:00+00:00
[2025-12-13T20:38:13.167+0000] {processor.py:183} INFO - Processing /opt/airflow/dags/seismic_etl_pipeline.py took 0.340 seconds
[2025-12-13T20:38:43.309+0000] {processor.py:161} INFO - Started process (PID=3746) to work on /opt/airflow/dags/seismic_etl_pipeline.py
[2025-12-13T20:38:43.310+0000] {processor.py:830} INFO - Processing file /opt/airflow/dags/seismic_etl_pipeline.py for tasks to queue
[2025-12-13T20:38:43.310+0000] {logging_mixin.py:188} INFO - [2025-12-13T20:38:43.310+0000] {dagbag.py:538} INFO - Filling up the DagBag from /opt/airflow/dags/seismic_etl_pipeline.py
[2025-12-13T20:38:43.611+0000] {processor.py:840} INFO - DAG(s) 'seismic_etl_pipeline' retrieved from /opt/airflow/dags/seismic_etl_pipeline.py
[2025-12-13T20:38:43.626+0000] {logging_mixin.py:188} INFO - [2025-12-13T20:38:43.626+0000] {dag.py:3033} INFO - Sync 1 DAGs
[2025-12-13T20:38:43.638+0000] {logging_mixin.py:188} INFO - [2025-12-13T20:38:43.638+0000] {dag.py:3820} INFO - Setting next_dagrun for seismic_etl_pipeline to 2025-12-13T00:00:00+00:00, run_after=2025-12-14T00:00:00+00:00
[2025-12-13T20:38:43.664+0000] {processor.py:183} INFO - Processing /opt/airflow/dags/seismic_etl_pipeline.py took 0.358 seconds
[2025-12-13T20:39:13.783+0000] {processor.py:161} INFO - Started process (PID=3769) to work on /opt/airflow/dags/seismic_etl_pipeline.py
[2025-12-13T20:39:13.783+0000] {processor.py:830} INFO - Processing file /opt/airflow/dags/seismic_etl_pipeline.py for tasks to queue
[2025-12-13T20:39:13.784+0000] {logging_mixin.py:188} INFO - [2025-12-13T20:39:13.784+0000] {dagbag.py:538} INFO - Filling up the DagBag from /opt/airflow/dags/seismic_etl_pipeline.py
[2025-12-13T20:39:14.085+0000] {processor.py:840} INFO - DAG(s) 'seismic_etl_pipeline' retrieved from /opt/airflow/dags/seismic_etl_pipeline.py
[2025-12-13T20:39:14.100+0000] {logging_mixin.py:188} INFO - [2025-12-13T20:39:14.100+0000] {dag.py:3033} INFO - Sync 1 DAGs
[2025-12-13T20:39:14.111+0000] {logging_mixin.py:188} INFO - [2025-12-13T20:39:14.111+0000] {dag.py:3820} INFO - Setting next_dagrun for seismic_etl_pipeline to 2025-12-13T00:00:00+00:00, run_after=2025-12-14T00:00:00+00:00
[2025-12-13T20:39:14.121+0000] {processor.py:183} INFO - Processing /opt/airflow/dags/seismic_etl_pipeline.py took 0.341 seconds
[2025-12-13T20:39:44.263+0000] {processor.py:161} INFO - Started process (PID=3792) to work on /opt/airflow/dags/seismic_etl_pipeline.py
[2025-12-13T20:39:44.264+0000] {processor.py:830} INFO - Processing file /opt/airflow/dags/seismic_etl_pipeline.py for tasks to queue
[2025-12-13T20:39:44.264+0000] {logging_mixin.py:188} INFO - [2025-12-13T20:39:44.264+0000] {dagbag.py:538} INFO - Filling up the DagBag from /opt/airflow/dags/seismic_etl_pipeline.py
[2025-12-13T20:39:44.568+0000] {processor.py:840} INFO - DAG(s) 'seismic_etl_pipeline' retrieved from /opt/airflow/dags/seismic_etl_pipeline.py
[2025-12-13T20:39:44.583+0000] {logging_mixin.py:188} INFO - [2025-12-13T20:39:44.583+0000] {dag.py:3033} INFO - Sync 1 DAGs
[2025-12-13T20:39:44.595+0000] {logging_mixin.py:188} INFO - [2025-12-13T20:39:44.595+0000] {dag.py:3820} INFO - Setting next_dagrun for seismic_etl_pipeline to 2025-12-13T00:00:00+00:00, run_after=2025-12-14T00:00:00+00:00
[2025-12-13T20:39:44.605+0000] {processor.py:183} INFO - Processing /opt/airflow/dags/seismic_etl_pipeline.py took 0.344 seconds
[2025-12-13T20:40:14.740+0000] {processor.py:161} INFO - Started process (PID=3815) to work on /opt/airflow/dags/seismic_etl_pipeline.py
[2025-12-13T20:40:14.741+0000] {processor.py:830} INFO - Processing file /opt/airflow/dags/seismic_etl_pipeline.py for tasks to queue
[2025-12-13T20:40:14.741+0000] {logging_mixin.py:188} INFO - [2025-12-13T20:40:14.741+0000] {dagbag.py:538} INFO - Filling up the DagBag from /opt/airflow/dags/seismic_etl_pipeline.py
[2025-12-13T20:40:15.043+0000] {processor.py:840} INFO - DAG(s) 'seismic_etl_pipeline' retrieved from /opt/airflow/dags/seismic_etl_pipeline.py
[2025-12-13T20:40:15.059+0000] {logging_mixin.py:188} INFO - [2025-12-13T20:40:15.058+0000] {dag.py:3033} INFO - Sync 1 DAGs
[2025-12-13T20:40:15.070+0000] {logging_mixin.py:188} INFO - [2025-12-13T20:40:15.070+0000] {dag.py:3820} INFO - Setting next_dagrun for seismic_etl_pipeline to 2025-12-13T00:00:00+00:00, run_after=2025-12-14T00:00:00+00:00
[2025-12-13T20:40:15.080+0000] {processor.py:183} INFO - Processing /opt/airflow/dags/seismic_etl_pipeline.py took 0.342 seconds
[2025-12-13T20:40:45.214+0000] {processor.py:161} INFO - Started process (PID=3838) to work on /opt/airflow/dags/seismic_etl_pipeline.py
[2025-12-13T20:40:45.215+0000] {processor.py:830} INFO - Processing file /opt/airflow/dags/seismic_etl_pipeline.py for tasks to queue
[2025-12-13T20:40:45.215+0000] {logging_mixin.py:188} INFO - [2025-12-13T20:40:45.215+0000] {dagbag.py:538} INFO - Filling up the DagBag from /opt/airflow/dags/seismic_etl_pipeline.py
[2025-12-13T20:40:45.516+0000] {processor.py:840} INFO - DAG(s) 'seismic_etl_pipeline' retrieved from /opt/airflow/dags/seismic_etl_pipeline.py
[2025-12-13T20:40:45.532+0000] {logging_mixin.py:188} INFO - [2025-12-13T20:40:45.531+0000] {dag.py:3033} INFO - Sync 1 DAGs
[2025-12-13T20:40:45.543+0000] {logging_mixin.py:188} INFO - [2025-12-13T20:40:45.543+0000] {dag.py:3820} INFO - Setting next_dagrun for seismic_etl_pipeline to 2025-12-13T00:00:00+00:00, run_after=2025-12-14T00:00:00+00:00
[2025-12-13T20:40:45.553+0000] {processor.py:183} INFO - Processing /opt/airflow/dags/seismic_etl_pipeline.py took 0.342 seconds
[2025-12-13T20:41:15.690+0000] {processor.py:161} INFO - Started process (PID=3861) to work on /opt/airflow/dags/seismic_etl_pipeline.py
[2025-12-13T20:41:15.690+0000] {processor.py:830} INFO - Processing file /opt/airflow/dags/seismic_etl_pipeline.py for tasks to queue
[2025-12-13T20:41:15.691+0000] {logging_mixin.py:188} INFO - [2025-12-13T20:41:15.691+0000] {dagbag.py:538} INFO - Filling up the DagBag from /opt/airflow/dags/seismic_etl_pipeline.py
[2025-12-13T20:41:15.990+0000] {processor.py:840} INFO - DAG(s) 'seismic_etl_pipeline' retrieved from /opt/airflow/dags/seismic_etl_pipeline.py
[2025-12-13T20:41:16.005+0000] {logging_mixin.py:188} INFO - [2025-12-13T20:41:16.005+0000] {dag.py:3033} INFO - Sync 1 DAGs
[2025-12-13T20:41:16.016+0000] {logging_mixin.py:188} INFO - [2025-12-13T20:41:16.016+0000] {dag.py:3820} INFO - Setting next_dagrun for seismic_etl_pipeline to 2025-12-13T00:00:00+00:00, run_after=2025-12-14T00:00:00+00:00
[2025-12-13T20:41:16.026+0000] {processor.py:183} INFO - Processing /opt/airflow/dags/seismic_etl_pipeline.py took 0.338 seconds
[2025-12-13T20:41:46.174+0000] {processor.py:161} INFO - Started process (PID=3884) to work on /opt/airflow/dags/seismic_etl_pipeline.py
[2025-12-13T20:41:46.175+0000] {processor.py:830} INFO - Processing file /opt/airflow/dags/seismic_etl_pipeline.py for tasks to queue
[2025-12-13T20:41:46.175+0000] {logging_mixin.py:188} INFO - [2025-12-13T20:41:46.175+0000] {dagbag.py:538} INFO - Filling up the DagBag from /opt/airflow/dags/seismic_etl_pipeline.py
[2025-12-13T20:41:46.476+0000] {processor.py:840} INFO - DAG(s) 'seismic_etl_pipeline' retrieved from /opt/airflow/dags/seismic_etl_pipeline.py
[2025-12-13T20:41:46.491+0000] {logging_mixin.py:188} INFO - [2025-12-13T20:41:46.491+0000] {dag.py:3033} INFO - Sync 1 DAGs
[2025-12-13T20:41:46.503+0000] {logging_mixin.py:188} INFO - [2025-12-13T20:41:46.503+0000] {dag.py:3820} INFO - Setting next_dagrun for seismic_etl_pipeline to 2025-12-13T00:00:00+00:00, run_after=2025-12-14T00:00:00+00:00
[2025-12-13T20:41:46.513+0000] {processor.py:183} INFO - Processing /opt/airflow/dags/seismic_etl_pipeline.py took 0.341 seconds
[2025-12-13T20:42:16.647+0000] {processor.py:161} INFO - Started process (PID=3907) to work on /opt/airflow/dags/seismic_etl_pipeline.py
[2025-12-13T20:42:16.648+0000] {processor.py:830} INFO - Processing file /opt/airflow/dags/seismic_etl_pipeline.py for tasks to queue
[2025-12-13T20:42:16.648+0000] {logging_mixin.py:188} INFO - [2025-12-13T20:42:16.648+0000] {dagbag.py:538} INFO - Filling up the DagBag from /opt/airflow/dags/seismic_etl_pipeline.py
[2025-12-13T20:42:16.947+0000] {processor.py:840} INFO - DAG(s) 'seismic_etl_pipeline' retrieved from /opt/airflow/dags/seismic_etl_pipeline.py
[2025-12-13T20:42:16.962+0000] {logging_mixin.py:188} INFO - [2025-12-13T20:42:16.962+0000] {dag.py:3033} INFO - Sync 1 DAGs
[2025-12-13T20:42:16.974+0000] {logging_mixin.py:188} INFO - [2025-12-13T20:42:16.974+0000] {dag.py:3820} INFO - Setting next_dagrun for seismic_etl_pipeline to 2025-12-13T00:00:00+00:00, run_after=2025-12-14T00:00:00+00:00
[2025-12-13T20:42:16.984+0000] {processor.py:183} INFO - Processing /opt/airflow/dags/seismic_etl_pipeline.py took 0.339 seconds
[2025-12-13T20:42:47.124+0000] {processor.py:161} INFO - Started process (PID=3930) to work on /opt/airflow/dags/seismic_etl_pipeline.py
[2025-12-13T20:42:47.124+0000] {processor.py:830} INFO - Processing file /opt/airflow/dags/seismic_etl_pipeline.py for tasks to queue
[2025-12-13T20:42:47.125+0000] {logging_mixin.py:188} INFO - [2025-12-13T20:42:47.125+0000] {dagbag.py:538} INFO - Filling up the DagBag from /opt/airflow/dags/seismic_etl_pipeline.py
[2025-12-13T20:42:47.425+0000] {processor.py:840} INFO - DAG(s) 'seismic_etl_pipeline' retrieved from /opt/airflow/dags/seismic_etl_pipeline.py
[2025-12-13T20:42:47.441+0000] {logging_mixin.py:188} INFO - [2025-12-13T20:42:47.440+0000] {dag.py:3033} INFO - Sync 1 DAGs
[2025-12-13T20:42:47.452+0000] {logging_mixin.py:188} INFO - [2025-12-13T20:42:47.452+0000] {dag.py:3820} INFO - Setting next_dagrun for seismic_etl_pipeline to 2025-12-13T00:00:00+00:00, run_after=2025-12-14T00:00:00+00:00
[2025-12-13T20:42:47.462+0000] {processor.py:183} INFO - Processing /opt/airflow/dags/seismic_etl_pipeline.py took 0.341 seconds
[2025-12-13T20:43:17.599+0000] {processor.py:161} INFO - Started process (PID=3953) to work on /opt/airflow/dags/seismic_etl_pipeline.py
[2025-12-13T20:43:17.599+0000] {processor.py:830} INFO - Processing file /opt/airflow/dags/seismic_etl_pipeline.py for tasks to queue
[2025-12-13T20:43:17.600+0000] {logging_mixin.py:188} INFO - [2025-12-13T20:43:17.600+0000] {dagbag.py:538} INFO - Filling up the DagBag from /opt/airflow/dags/seismic_etl_pipeline.py
[2025-12-13T20:43:17.900+0000] {processor.py:840} INFO - DAG(s) 'seismic_etl_pipeline' retrieved from /opt/airflow/dags/seismic_etl_pipeline.py
[2025-12-13T20:43:17.915+0000] {logging_mixin.py:188} INFO - [2025-12-13T20:43:17.915+0000] {dag.py:3033} INFO - Sync 1 DAGs
[2025-12-13T20:43:17.927+0000] {logging_mixin.py:188} INFO - [2025-12-13T20:43:17.927+0000] {dag.py:3820} INFO - Setting next_dagrun for seismic_etl_pipeline to 2025-12-13T00:00:00+00:00, run_after=2025-12-14T00:00:00+00:00
[2025-12-13T20:43:17.937+0000] {processor.py:183} INFO - Processing /opt/airflow/dags/seismic_etl_pipeline.py took 0.340 seconds
[2025-12-13T20:43:48.072+0000] {processor.py:161} INFO - Started process (PID=3976) to work on /opt/airflow/dags/seismic_etl_pipeline.py
[2025-12-13T20:43:48.079+0000] {processor.py:830} INFO - Processing file /opt/airflow/dags/seismic_etl_pipeline.py for tasks to queue
[2025-12-13T20:43:48.079+0000] {logging_mixin.py:188} INFO - [2025-12-13T20:43:48.079+0000] {dagbag.py:538} INFO - Filling up the DagBag from /opt/airflow/dags/seismic_etl_pipeline.py
[2025-12-13T20:43:48.377+0000] {processor.py:840} INFO - DAG(s) 'seismic_etl_pipeline' retrieved from /opt/airflow/dags/seismic_etl_pipeline.py
[2025-12-13T20:43:48.393+0000] {logging_mixin.py:188} INFO - [2025-12-13T20:43:48.392+0000] {dag.py:3033} INFO - Sync 1 DAGs
[2025-12-13T20:43:48.404+0000] {logging_mixin.py:188} INFO - [2025-12-13T20:43:48.404+0000] {dag.py:3820} INFO - Setting next_dagrun for seismic_etl_pipeline to 2025-12-13T00:00:00+00:00, run_after=2025-12-14T00:00:00+00:00
[2025-12-13T20:43:48.414+0000] {processor.py:183} INFO - Processing /opt/airflow/dags/seismic_etl_pipeline.py took 0.344 seconds
[2025-12-13T20:44:18.537+0000] {processor.py:161} INFO - Started process (PID=3999) to work on /opt/airflow/dags/seismic_etl_pipeline.py
[2025-12-13T20:44:18.538+0000] {processor.py:830} INFO - Processing file /opt/airflow/dags/seismic_etl_pipeline.py for tasks to queue
[2025-12-13T20:44:18.538+0000] {logging_mixin.py:188} INFO - [2025-12-13T20:44:18.538+0000] {dagbag.py:538} INFO - Filling up the DagBag from /opt/airflow/dags/seismic_etl_pipeline.py
[2025-12-13T20:44:18.837+0000] {processor.py:840} INFO - DAG(s) 'seismic_etl_pipeline' retrieved from /opt/airflow/dags/seismic_etl_pipeline.py
[2025-12-13T20:44:18.852+0000] {logging_mixin.py:188} INFO - [2025-12-13T20:44:18.852+0000] {dag.py:3033} INFO - Sync 1 DAGs
[2025-12-13T20:44:18.864+0000] {logging_mixin.py:188} INFO - [2025-12-13T20:44:18.864+0000] {dag.py:3820} INFO - Setting next_dagrun for seismic_etl_pipeline to 2025-12-13T00:00:00+00:00, run_after=2025-12-14T00:00:00+00:00
[2025-12-13T20:44:18.874+0000] {processor.py:183} INFO - Processing /opt/airflow/dags/seismic_etl_pipeline.py took 0.339 seconds
[2025-12-13T20:44:49.018+0000] {processor.py:161} INFO - Started process (PID=4022) to work on /opt/airflow/dags/seismic_etl_pipeline.py
[2025-12-13T20:44:49.018+0000] {processor.py:830} INFO - Processing file /opt/airflow/dags/seismic_etl_pipeline.py for tasks to queue
[2025-12-13T20:44:49.019+0000] {logging_mixin.py:188} INFO - [2025-12-13T20:44:49.019+0000] {dagbag.py:538} INFO - Filling up the DagBag from /opt/airflow/dags/seismic_etl_pipeline.py
[2025-12-13T20:44:49.320+0000] {processor.py:840} INFO - DAG(s) 'seismic_etl_pipeline' retrieved from /opt/airflow/dags/seismic_etl_pipeline.py
[2025-12-13T20:44:49.335+0000] {logging_mixin.py:188} INFO - [2025-12-13T20:44:49.335+0000] {dag.py:3033} INFO - Sync 1 DAGs
[2025-12-13T20:44:49.347+0000] {logging_mixin.py:188} INFO - [2025-12-13T20:44:49.347+0000] {dag.py:3820} INFO - Setting next_dagrun for seismic_etl_pipeline to 2025-12-13T00:00:00+00:00, run_after=2025-12-14T00:00:00+00:00
[2025-12-13T20:44:49.357+0000] {processor.py:183} INFO - Processing /opt/airflow/dags/seismic_etl_pipeline.py took 0.342 seconds
[2025-12-13T20:45:19.494+0000] {processor.py:161} INFO - Started process (PID=4045) to work on /opt/airflow/dags/seismic_etl_pipeline.py
[2025-12-13T20:45:19.494+0000] {processor.py:830} INFO - Processing file /opt/airflow/dags/seismic_etl_pipeline.py for tasks to queue
[2025-12-13T20:45:19.495+0000] {logging_mixin.py:188} INFO - [2025-12-13T20:45:19.494+0000] {dagbag.py:538} INFO - Filling up the DagBag from /opt/airflow/dags/seismic_etl_pipeline.py
[2025-12-13T20:45:19.800+0000] {processor.py:840} INFO - DAG(s) 'seismic_etl_pipeline' retrieved from /opt/airflow/dags/seismic_etl_pipeline.py
[2025-12-13T20:45:19.815+0000] {logging_mixin.py:188} INFO - [2025-12-13T20:45:19.815+0000] {dag.py:3033} INFO - Sync 1 DAGs
[2025-12-13T20:45:19.826+0000] {logging_mixin.py:188} INFO - [2025-12-13T20:45:19.826+0000] {dag.py:3820} INFO - Setting next_dagrun for seismic_etl_pipeline to 2025-12-13T00:00:00+00:00, run_after=2025-12-14T00:00:00+00:00
[2025-12-13T20:45:19.836+0000] {processor.py:183} INFO - Processing /opt/airflow/dags/seismic_etl_pipeline.py took 0.345 seconds
[2025-12-13T20:45:49.967+0000] {processor.py:161} INFO - Started process (PID=4068) to work on /opt/airflow/dags/seismic_etl_pipeline.py
[2025-12-13T20:45:49.968+0000] {processor.py:830} INFO - Processing file /opt/airflow/dags/seismic_etl_pipeline.py for tasks to queue
[2025-12-13T20:45:49.969+0000] {logging_mixin.py:188} INFO - [2025-12-13T20:45:49.968+0000] {dagbag.py:538} INFO - Filling up the DagBag from /opt/airflow/dags/seismic_etl_pipeline.py
[2025-12-13T20:45:50.267+0000] {processor.py:840} INFO - DAG(s) 'seismic_etl_pipeline' retrieved from /opt/airflow/dags/seismic_etl_pipeline.py
[2025-12-13T20:45:50.283+0000] {logging_mixin.py:188} INFO - [2025-12-13T20:45:50.283+0000] {dag.py:3033} INFO - Sync 1 DAGs
[2025-12-13T20:45:50.295+0000] {logging_mixin.py:188} INFO - [2025-12-13T20:45:50.295+0000] {dag.py:3820} INFO - Setting next_dagrun for seismic_etl_pipeline to 2025-12-13T00:00:00+00:00, run_after=2025-12-14T00:00:00+00:00
[2025-12-13T20:45:50.306+0000] {processor.py:183} INFO - Processing /opt/airflow/dags/seismic_etl_pipeline.py took 0.341 seconds
[2025-12-13T20:46:20.433+0000] {processor.py:161} INFO - Started process (PID=4091) to work on /opt/airflow/dags/seismic_etl_pipeline.py
[2025-12-13T20:46:20.434+0000] {processor.py:830} INFO - Processing file /opt/airflow/dags/seismic_etl_pipeline.py for tasks to queue
[2025-12-13T20:46:20.434+0000] {logging_mixin.py:188} INFO - [2025-12-13T20:46:20.434+0000] {dagbag.py:538} INFO - Filling up the DagBag from /opt/airflow/dags/seismic_etl_pipeline.py
[2025-12-13T20:46:20.737+0000] {processor.py:840} INFO - DAG(s) 'seismic_etl_pipeline' retrieved from /opt/airflow/dags/seismic_etl_pipeline.py
[2025-12-13T20:46:20.752+0000] {logging_mixin.py:188} INFO - [2025-12-13T20:46:20.752+0000] {dag.py:3033} INFO - Sync 1 DAGs
[2025-12-13T20:46:20.764+0000] {logging_mixin.py:188} INFO - [2025-12-13T20:46:20.763+0000] {dag.py:3820} INFO - Setting next_dagrun for seismic_etl_pipeline to 2025-12-13T00:00:00+00:00, run_after=2025-12-14T00:00:00+00:00
[2025-12-13T20:46:20.774+0000] {processor.py:183} INFO - Processing /opt/airflow/dags/seismic_etl_pipeline.py took 0.343 seconds
[2025-12-13T20:46:50.906+0000] {processor.py:161} INFO - Started process (PID=4114) to work on /opt/airflow/dags/seismic_etl_pipeline.py
[2025-12-13T20:46:50.906+0000] {processor.py:830} INFO - Processing file /opt/airflow/dags/seismic_etl_pipeline.py for tasks to queue
[2025-12-13T20:46:50.907+0000] {logging_mixin.py:188} INFO - [2025-12-13T20:46:50.907+0000] {dagbag.py:538} INFO - Filling up the DagBag from /opt/airflow/dags/seismic_etl_pipeline.py
[2025-12-13T20:46:51.207+0000] {processor.py:840} INFO - DAG(s) 'seismic_etl_pipeline' retrieved from /opt/airflow/dags/seismic_etl_pipeline.py
[2025-12-13T20:46:51.222+0000] {logging_mixin.py:188} INFO - [2025-12-13T20:46:51.222+0000] {dag.py:3033} INFO - Sync 1 DAGs
[2025-12-13T20:46:51.234+0000] {logging_mixin.py:188} INFO - [2025-12-13T20:46:51.234+0000] {dag.py:3820} INFO - Setting next_dagrun for seismic_etl_pipeline to 2025-12-13T00:00:00+00:00, run_after=2025-12-14T00:00:00+00:00
[2025-12-13T20:46:51.246+0000] {processor.py:183} INFO - Processing /opt/airflow/dags/seismic_etl_pipeline.py took 0.343 seconds
[2025-12-13T20:47:21.376+0000] {processor.py:161} INFO - Started process (PID=4137) to work on /opt/airflow/dags/seismic_etl_pipeline.py
[2025-12-13T20:47:21.376+0000] {processor.py:830} INFO - Processing file /opt/airflow/dags/seismic_etl_pipeline.py for tasks to queue
[2025-12-13T20:47:21.377+0000] {logging_mixin.py:188} INFO - [2025-12-13T20:47:21.376+0000] {dagbag.py:538} INFO - Filling up the DagBag from /opt/airflow/dags/seismic_etl_pipeline.py
[2025-12-13T20:47:21.673+0000] {processor.py:840} INFO - DAG(s) 'seismic_etl_pipeline' retrieved from /opt/airflow/dags/seismic_etl_pipeline.py
[2025-12-13T20:47:21.689+0000] {logging_mixin.py:188} INFO - [2025-12-13T20:47:21.688+0000] {dag.py:3033} INFO - Sync 1 DAGs
[2025-12-13T20:47:21.700+0000] {logging_mixin.py:188} INFO - [2025-12-13T20:47:21.700+0000] {dag.py:3820} INFO - Setting next_dagrun for seismic_etl_pipeline to 2025-12-13T00:00:00+00:00, run_after=2025-12-14T00:00:00+00:00
[2025-12-13T20:47:21.711+0000] {processor.py:183} INFO - Processing /opt/airflow/dags/seismic_etl_pipeline.py took 0.338 seconds
[2025-12-13T20:47:51.848+0000] {processor.py:161} INFO - Started process (PID=4160) to work on /opt/airflow/dags/seismic_etl_pipeline.py
[2025-12-13T20:47:51.848+0000] {processor.py:830} INFO - Processing file /opt/airflow/dags/seismic_etl_pipeline.py for tasks to queue
[2025-12-13T20:47:51.848+0000] {logging_mixin.py:188} INFO - [2025-12-13T20:47:51.848+0000] {dagbag.py:538} INFO - Filling up the DagBag from /opt/airflow/dags/seismic_etl_pipeline.py
[2025-12-13T20:47:52.151+0000] {processor.py:840} INFO - DAG(s) 'seismic_etl_pipeline' retrieved from /opt/airflow/dags/seismic_etl_pipeline.py
[2025-12-13T20:47:52.167+0000] {logging_mixin.py:188} INFO - [2025-12-13T20:47:52.166+0000] {dag.py:3033} INFO - Sync 1 DAGs
[2025-12-13T20:47:52.178+0000] {logging_mixin.py:188} INFO - [2025-12-13T20:47:52.178+0000] {dag.py:3820} INFO - Setting next_dagrun for seismic_etl_pipeline to 2025-12-13T00:00:00+00:00, run_after=2025-12-14T00:00:00+00:00
[2025-12-13T20:47:52.189+0000] {processor.py:183} INFO - Processing /opt/airflow/dags/seismic_etl_pipeline.py took 0.343 seconds
[2025-12-13T20:48:22.343+0000] {processor.py:161} INFO - Started process (PID=4183) to work on /opt/airflow/dags/seismic_etl_pipeline.py
[2025-12-13T20:48:22.344+0000] {processor.py:830} INFO - Processing file /opt/airflow/dags/seismic_etl_pipeline.py for tasks to queue
[2025-12-13T20:48:22.344+0000] {logging_mixin.py:188} INFO - [2025-12-13T20:48:22.344+0000] {dagbag.py:538} INFO - Filling up the DagBag from /opt/airflow/dags/seismic_etl_pipeline.py
[2025-12-13T20:48:22.644+0000] {processor.py:840} INFO - DAG(s) 'seismic_etl_pipeline' retrieved from /opt/airflow/dags/seismic_etl_pipeline.py
[2025-12-13T20:48:22.660+0000] {logging_mixin.py:188} INFO - [2025-12-13T20:48:22.660+0000] {dag.py:3033} INFO - Sync 1 DAGs
[2025-12-13T20:48:22.672+0000] {logging_mixin.py:188} INFO - [2025-12-13T20:48:22.672+0000] {dag.py:3820} INFO - Setting next_dagrun for seismic_etl_pipeline to 2025-12-13T00:00:00+00:00, run_after=2025-12-14T00:00:00+00:00
[2025-12-13T20:48:22.684+0000] {processor.py:183} INFO - Processing /opt/airflow/dags/seismic_etl_pipeline.py took 0.343 seconds
[2025-12-13T20:48:52.818+0000] {processor.py:161} INFO - Started process (PID=4206) to work on /opt/airflow/dags/seismic_etl_pipeline.py
[2025-12-13T20:48:52.819+0000] {processor.py:830} INFO - Processing file /opt/airflow/dags/seismic_etl_pipeline.py for tasks to queue
[2025-12-13T20:48:52.819+0000] {logging_mixin.py:188} INFO - [2025-12-13T20:48:52.819+0000] {dagbag.py:538} INFO - Filling up the DagBag from /opt/airflow/dags/seismic_etl_pipeline.py
[2025-12-13T20:48:53.129+0000] {processor.py:840} INFO - DAG(s) 'seismic_etl_pipeline' retrieved from /opt/airflow/dags/seismic_etl_pipeline.py
[2025-12-13T20:48:53.144+0000] {logging_mixin.py:188} INFO - [2025-12-13T20:48:53.144+0000] {dag.py:3033} INFO - Sync 1 DAGs
[2025-12-13T20:48:53.156+0000] {logging_mixin.py:188} INFO - [2025-12-13T20:48:53.156+0000] {dag.py:3820} INFO - Setting next_dagrun for seismic_etl_pipeline to 2025-12-13T00:00:00+00:00, run_after=2025-12-14T00:00:00+00:00
[2025-12-13T20:48:53.167+0000] {processor.py:183} INFO - Processing /opt/airflow/dags/seismic_etl_pipeline.py took 0.350 seconds
[2025-12-13T20:49:23.298+0000] {processor.py:161} INFO - Started process (PID=4229) to work on /opt/airflow/dags/seismic_etl_pipeline.py
[2025-12-13T20:49:23.298+0000] {processor.py:830} INFO - Processing file /opt/airflow/dags/seismic_etl_pipeline.py for tasks to queue
[2025-12-13T20:49:23.299+0000] {logging_mixin.py:188} INFO - [2025-12-13T20:49:23.298+0000] {dagbag.py:538} INFO - Filling up the DagBag from /opt/airflow/dags/seismic_etl_pipeline.py
[2025-12-13T20:49:23.602+0000] {processor.py:840} INFO - DAG(s) 'seismic_etl_pipeline' retrieved from /opt/airflow/dags/seismic_etl_pipeline.py
[2025-12-13T20:49:23.618+0000] {logging_mixin.py:188} INFO - [2025-12-13T20:49:23.618+0000] {dag.py:3033} INFO - Sync 1 DAGs
[2025-12-13T20:49:23.629+0000] {logging_mixin.py:188} INFO - [2025-12-13T20:49:23.629+0000] {dag.py:3820} INFO - Setting next_dagrun for seismic_etl_pipeline to 2025-12-13T00:00:00+00:00, run_after=2025-12-14T00:00:00+00:00
[2025-12-13T20:49:23.640+0000] {processor.py:183} INFO - Processing /opt/airflow/dags/seismic_etl_pipeline.py took 0.345 seconds
[2025-12-13T20:49:53.769+0000] {processor.py:161} INFO - Started process (PID=4252) to work on /opt/airflow/dags/seismic_etl_pipeline.py
[2025-12-13T20:49:53.769+0000] {processor.py:830} INFO - Processing file /opt/airflow/dags/seismic_etl_pipeline.py for tasks to queue
[2025-12-13T20:49:53.769+0000] {logging_mixin.py:188} INFO - [2025-12-13T20:49:53.769+0000] {dagbag.py:538} INFO - Filling up the DagBag from /opt/airflow/dags/seismic_etl_pipeline.py
[2025-12-13T20:49:54.066+0000] {processor.py:840} INFO - DAG(s) 'seismic_etl_pipeline' retrieved from /opt/airflow/dags/seismic_etl_pipeline.py
[2025-12-13T20:49:54.081+0000] {logging_mixin.py:188} INFO - [2025-12-13T20:49:54.081+0000] {dag.py:3033} INFO - Sync 1 DAGs
[2025-12-13T20:49:54.093+0000] {logging_mixin.py:188} INFO - [2025-12-13T20:49:54.093+0000] {dag.py:3820} INFO - Setting next_dagrun for seismic_etl_pipeline to 2025-12-13T00:00:00+00:00, run_after=2025-12-14T00:00:00+00:00
[2025-12-13T20:49:54.103+0000] {processor.py:183} INFO - Processing /opt/airflow/dags/seismic_etl_pipeline.py took 0.337 seconds
[2025-12-13T20:50:24.240+0000] {processor.py:161} INFO - Started process (PID=4275) to work on /opt/airflow/dags/seismic_etl_pipeline.py
[2025-12-13T20:50:24.241+0000] {processor.py:830} INFO - Processing file /opt/airflow/dags/seismic_etl_pipeline.py for tasks to queue
[2025-12-13T20:50:24.241+0000] {logging_mixin.py:188} INFO - [2025-12-13T20:50:24.241+0000] {dagbag.py:538} INFO - Filling up the DagBag from /opt/airflow/dags/seismic_etl_pipeline.py
[2025-12-13T20:50:24.540+0000] {processor.py:840} INFO - DAG(s) 'seismic_etl_pipeline' retrieved from /opt/airflow/dags/seismic_etl_pipeline.py
[2025-12-13T20:50:24.555+0000] {logging_mixin.py:188} INFO - [2025-12-13T20:50:24.555+0000] {dag.py:3033} INFO - Sync 1 DAGs
[2025-12-13T20:50:24.566+0000] {logging_mixin.py:188} INFO - [2025-12-13T20:50:24.566+0000] {dag.py:3820} INFO - Setting next_dagrun for seismic_etl_pipeline to 2025-12-13T00:00:00+00:00, run_after=2025-12-14T00:00:00+00:00
[2025-12-13T20:50:24.577+0000] {processor.py:183} INFO - Processing /opt/airflow/dags/seismic_etl_pipeline.py took 0.340 seconds
[2025-12-13T20:50:54.730+0000] {processor.py:161} INFO - Started process (PID=4298) to work on /opt/airflow/dags/seismic_etl_pipeline.py
[2025-12-13T20:50:54.730+0000] {processor.py:830} INFO - Processing file /opt/airflow/dags/seismic_etl_pipeline.py for tasks to queue
[2025-12-13T20:50:54.730+0000] {logging_mixin.py:188} INFO - [2025-12-13T20:50:54.730+0000] {dagbag.py:538} INFO - Filling up the DagBag from /opt/airflow/dags/seismic_etl_pipeline.py
[2025-12-13T20:50:55.028+0000] {processor.py:840} INFO - DAG(s) 'seismic_etl_pipeline' retrieved from /opt/airflow/dags/seismic_etl_pipeline.py
[2025-12-13T20:50:55.044+0000] {logging_mixin.py:188} INFO - [2025-12-13T20:50:55.044+0000] {dag.py:3033} INFO - Sync 1 DAGs
[2025-12-13T20:50:55.056+0000] {logging_mixin.py:188} INFO - [2025-12-13T20:50:55.056+0000] {dag.py:3820} INFO - Setting next_dagrun for seismic_etl_pipeline to 2025-12-13T00:00:00+00:00, run_after=2025-12-14T00:00:00+00:00
[2025-12-13T20:50:55.066+0000] {processor.py:183} INFO - Processing /opt/airflow/dags/seismic_etl_pipeline.py took 0.338 seconds
[2025-12-13T20:51:25.205+0000] {processor.py:161} INFO - Started process (PID=4321) to work on /opt/airflow/dags/seismic_etl_pipeline.py
[2025-12-13T20:51:25.205+0000] {processor.py:830} INFO - Processing file /opt/airflow/dags/seismic_etl_pipeline.py for tasks to queue
[2025-12-13T20:51:25.206+0000] {logging_mixin.py:188} INFO - [2025-12-13T20:51:25.206+0000] {dagbag.py:538} INFO - Filling up the DagBag from /opt/airflow/dags/seismic_etl_pipeline.py
[2025-12-13T20:51:25.504+0000] {processor.py:840} INFO - DAG(s) 'seismic_etl_pipeline' retrieved from /opt/airflow/dags/seismic_etl_pipeline.py
[2025-12-13T20:51:25.520+0000] {logging_mixin.py:188} INFO - [2025-12-13T20:51:25.519+0000] {dag.py:3033} INFO - Sync 1 DAGs
[2025-12-13T20:51:25.531+0000] {logging_mixin.py:188} INFO - [2025-12-13T20:51:25.531+0000] {dag.py:3820} INFO - Setting next_dagrun for seismic_etl_pipeline to 2025-12-13T00:00:00+00:00, run_after=2025-12-14T00:00:00+00:00
[2025-12-13T20:51:25.542+0000] {processor.py:183} INFO - Processing /opt/airflow/dags/seismic_etl_pipeline.py took 0.340 seconds
[2025-12-13T20:51:55.675+0000] {processor.py:161} INFO - Started process (PID=4344) to work on /opt/airflow/dags/seismic_etl_pipeline.py
[2025-12-13T20:51:55.676+0000] {processor.py:830} INFO - Processing file /opt/airflow/dags/seismic_etl_pipeline.py for tasks to queue
[2025-12-13T20:51:55.676+0000] {logging_mixin.py:188} INFO - [2025-12-13T20:51:55.676+0000] {dagbag.py:538} INFO - Filling up the DagBag from /opt/airflow/dags/seismic_etl_pipeline.py
[2025-12-13T20:51:55.972+0000] {processor.py:840} INFO - DAG(s) 'seismic_etl_pipeline' retrieved from /opt/airflow/dags/seismic_etl_pipeline.py
[2025-12-13T20:51:55.989+0000] {logging_mixin.py:188} INFO - [2025-12-13T20:51:55.988+0000] {dag.py:3033} INFO - Sync 1 DAGs
[2025-12-13T20:51:56.000+0000] {logging_mixin.py:188} INFO - [2025-12-13T20:51:56.000+0000] {dag.py:3820} INFO - Setting next_dagrun for seismic_etl_pipeline to 2025-12-13T00:00:00+00:00, run_after=2025-12-14T00:00:00+00:00
[2025-12-13T20:51:56.011+0000] {processor.py:183} INFO - Processing /opt/airflow/dags/seismic_etl_pipeline.py took 0.337 seconds
[2025-12-13T20:52:26.154+0000] {processor.py:161} INFO - Started process (PID=4367) to work on /opt/airflow/dags/seismic_etl_pipeline.py
[2025-12-13T20:52:26.154+0000] {processor.py:830} INFO - Processing file /opt/airflow/dags/seismic_etl_pipeline.py for tasks to queue
[2025-12-13T20:52:26.155+0000] {logging_mixin.py:188} INFO - [2025-12-13T20:52:26.155+0000] {dagbag.py:538} INFO - Filling up the DagBag from /opt/airflow/dags/seismic_etl_pipeline.py
[2025-12-13T20:52:26.453+0000] {processor.py:840} INFO - DAG(s) 'seismic_etl_pipeline' retrieved from /opt/airflow/dags/seismic_etl_pipeline.py
[2025-12-13T20:52:26.468+0000] {logging_mixin.py:188} INFO - [2025-12-13T20:52:26.468+0000] {dag.py:3033} INFO - Sync 1 DAGs
[2025-12-13T20:52:26.479+0000] {logging_mixin.py:188} INFO - [2025-12-13T20:52:26.479+0000] {dag.py:3820} INFO - Setting next_dagrun for seismic_etl_pipeline to 2025-12-13T00:00:00+00:00, run_after=2025-12-14T00:00:00+00:00
[2025-12-13T20:52:26.490+0000] {processor.py:183} INFO - Processing /opt/airflow/dags/seismic_etl_pipeline.py took 0.339 seconds
[2025-12-13T20:52:56.626+0000] {processor.py:161} INFO - Started process (PID=4390) to work on /opt/airflow/dags/seismic_etl_pipeline.py
[2025-12-13T20:52:56.627+0000] {processor.py:830} INFO - Processing file /opt/airflow/dags/seismic_etl_pipeline.py for tasks to queue
[2025-12-13T20:52:56.627+0000] {logging_mixin.py:188} INFO - [2025-12-13T20:52:56.627+0000] {dagbag.py:538} INFO - Filling up the DagBag from /opt/airflow/dags/seismic_etl_pipeline.py
[2025-12-13T20:52:56.924+0000] {processor.py:840} INFO - DAG(s) 'seismic_etl_pipeline' retrieved from /opt/airflow/dags/seismic_etl_pipeline.py
[2025-12-13T20:52:56.940+0000] {logging_mixin.py:188} INFO - [2025-12-13T20:52:56.939+0000] {dag.py:3033} INFO - Sync 1 DAGs
[2025-12-13T20:52:56.951+0000] {logging_mixin.py:188} INFO - [2025-12-13T20:52:56.951+0000] {dag.py:3820} INFO - Setting next_dagrun for seismic_etl_pipeline to 2025-12-13T00:00:00+00:00, run_after=2025-12-14T00:00:00+00:00
[2025-12-13T20:52:56.961+0000] {processor.py:183} INFO - Processing /opt/airflow/dags/seismic_etl_pipeline.py took 0.337 seconds
[2025-12-13T20:53:27.097+0000] {processor.py:161} INFO - Started process (PID=4413) to work on /opt/airflow/dags/seismic_etl_pipeline.py
[2025-12-13T20:53:27.098+0000] {processor.py:830} INFO - Processing file /opt/airflow/dags/seismic_etl_pipeline.py for tasks to queue
[2025-12-13T20:53:27.098+0000] {logging_mixin.py:188} INFO - [2025-12-13T20:53:27.098+0000] {dagbag.py:538} INFO - Filling up the DagBag from /opt/airflow/dags/seismic_etl_pipeline.py
[2025-12-13T20:53:27.400+0000] {processor.py:840} INFO - DAG(s) 'seismic_etl_pipeline' retrieved from /opt/airflow/dags/seismic_etl_pipeline.py
[2025-12-13T20:53:27.415+0000] {logging_mixin.py:188} INFO - [2025-12-13T20:53:27.415+0000] {dag.py:3033} INFO - Sync 1 DAGs
[2025-12-13T20:53:27.426+0000] {logging_mixin.py:188} INFO - [2025-12-13T20:53:27.426+0000] {dag.py:3820} INFO - Setting next_dagrun for seismic_etl_pipeline to 2025-12-13T00:00:00+00:00, run_after=2025-12-14T00:00:00+00:00
[2025-12-13T20:53:27.437+0000] {processor.py:183} INFO - Processing /opt/airflow/dags/seismic_etl_pipeline.py took 0.342 seconds
[2025-12-13T20:53:57.564+0000] {processor.py:161} INFO - Started process (PID=4436) to work on /opt/airflow/dags/seismic_etl_pipeline.py
[2025-12-13T20:53:57.564+0000] {processor.py:830} INFO - Processing file /opt/airflow/dags/seismic_etl_pipeline.py for tasks to queue
[2025-12-13T20:53:57.565+0000] {logging_mixin.py:188} INFO - [2025-12-13T20:53:57.565+0000] {dagbag.py:538} INFO - Filling up the DagBag from /opt/airflow/dags/seismic_etl_pipeline.py
[2025-12-13T20:53:57.861+0000] {processor.py:840} INFO - DAG(s) 'seismic_etl_pipeline' retrieved from /opt/airflow/dags/seismic_etl_pipeline.py
[2025-12-13T20:53:57.876+0000] {logging_mixin.py:188} INFO - [2025-12-13T20:53:57.876+0000] {dag.py:3033} INFO - Sync 1 DAGs
[2025-12-13T20:53:57.888+0000] {logging_mixin.py:188} INFO - [2025-12-13T20:53:57.888+0000] {dag.py:3820} INFO - Setting next_dagrun for seismic_etl_pipeline to 2025-12-13T00:00:00+00:00, run_after=2025-12-14T00:00:00+00:00
[2025-12-13T20:53:57.898+0000] {processor.py:183} INFO - Processing /opt/airflow/dags/seismic_etl_pipeline.py took 0.336 seconds
[2025-12-13T20:54:28.048+0000] {processor.py:161} INFO - Started process (PID=4459) to work on /opt/airflow/dags/seismic_etl_pipeline.py
[2025-12-13T20:54:28.048+0000] {processor.py:830} INFO - Processing file /opt/airflow/dags/seismic_etl_pipeline.py for tasks to queue
[2025-12-13T20:54:28.049+0000] {logging_mixin.py:188} INFO - [2025-12-13T20:54:28.049+0000] {dagbag.py:538} INFO - Filling up the DagBag from /opt/airflow/dags/seismic_etl_pipeline.py
[2025-12-13T20:54:28.354+0000] {processor.py:840} INFO - DAG(s) 'seismic_etl_pipeline' retrieved from /opt/airflow/dags/seismic_etl_pipeline.py
[2025-12-13T20:54:28.369+0000] {logging_mixin.py:188} INFO - [2025-12-13T20:54:28.369+0000] {dag.py:3033} INFO - Sync 1 DAGs
[2025-12-13T20:54:28.381+0000] {logging_mixin.py:188} INFO - [2025-12-13T20:54:28.381+0000] {dag.py:3820} INFO - Setting next_dagrun for seismic_etl_pipeline to 2025-12-13T00:00:00+00:00, run_after=2025-12-14T00:00:00+00:00
[2025-12-13T20:54:28.391+0000] {processor.py:183} INFO - Processing /opt/airflow/dags/seismic_etl_pipeline.py took 0.346 seconds
[2025-12-13T20:54:58.514+0000] {processor.py:161} INFO - Started process (PID=4482) to work on /opt/airflow/dags/seismic_etl_pipeline.py
[2025-12-13T20:54:58.515+0000] {processor.py:830} INFO - Processing file /opt/airflow/dags/seismic_etl_pipeline.py for tasks to queue
[2025-12-13T20:54:58.515+0000] {logging_mixin.py:188} INFO - [2025-12-13T20:54:58.515+0000] {dagbag.py:538} INFO - Filling up the DagBag from /opt/airflow/dags/seismic_etl_pipeline.py
[2025-12-13T20:54:58.811+0000] {processor.py:840} INFO - DAG(s) 'seismic_etl_pipeline' retrieved from /opt/airflow/dags/seismic_etl_pipeline.py
[2025-12-13T20:54:58.827+0000] {logging_mixin.py:188} INFO - [2025-12-13T20:54:58.826+0000] {dag.py:3033} INFO - Sync 1 DAGs
[2025-12-13T20:54:58.838+0000] {logging_mixin.py:188} INFO - [2025-12-13T20:54:58.838+0000] {dag.py:3820} INFO - Setting next_dagrun for seismic_etl_pipeline to 2025-12-13T00:00:00+00:00, run_after=2025-12-14T00:00:00+00:00
[2025-12-13T20:54:58.848+0000] {processor.py:183} INFO - Processing /opt/airflow/dags/seismic_etl_pipeline.py took 0.336 seconds
[2025-12-13T20:55:29.005+0000] {processor.py:161} INFO - Started process (PID=4505) to work on /opt/airflow/dags/seismic_etl_pipeline.py
[2025-12-13T20:55:29.006+0000] {processor.py:830} INFO - Processing file /opt/airflow/dags/seismic_etl_pipeline.py for tasks to queue
[2025-12-13T20:55:29.006+0000] {logging_mixin.py:188} INFO - [2025-12-13T20:55:29.006+0000] {dagbag.py:538} INFO - Filling up the DagBag from /opt/airflow/dags/seismic_etl_pipeline.py
[2025-12-13T20:55:29.186+0000] {processor.py:840} INFO - DAG(s) 'seismic_etl_pipeline' retrieved from /opt/airflow/dags/seismic_etl_pipeline.py
[2025-12-13T20:55:29.204+0000] {logging_mixin.py:188} INFO - [2025-12-13T20:55:29.203+0000] {dag.py:3033} INFO - Sync 1 DAGs
[2025-12-13T20:55:29.217+0000] {logging_mixin.py:188} INFO - [2025-12-13T20:55:29.217+0000] {dag.py:3820} INFO - Setting next_dagrun for seismic_etl_pipeline to 2025-12-13T00:00:00+00:00, run_after=2025-12-14T00:00:00+00:00
[2025-12-13T20:55:29.228+0000] {processor.py:183} INFO - Processing /opt/airflow/dags/seismic_etl_pipeline.py took 0.226 seconds
[2025-12-13T20:55:59.407+0000] {processor.py:161} INFO - Started process (PID=4528) to work on /opt/airflow/dags/seismic_etl_pipeline.py
[2025-12-13T20:55:59.407+0000] {processor.py:830} INFO - Processing file /opt/airflow/dags/seismic_etl_pipeline.py for tasks to queue
[2025-12-13T20:55:59.408+0000] {logging_mixin.py:188} INFO - [2025-12-13T20:55:59.408+0000] {dagbag.py:538} INFO - Filling up the DagBag from /opt/airflow/dags/seismic_etl_pipeline.py
[2025-12-13T20:55:59.586+0000] {processor.py:840} INFO - DAG(s) 'seismic_etl_pipeline' retrieved from /opt/airflow/dags/seismic_etl_pipeline.py
[2025-12-13T20:55:59.606+0000] {logging_mixin.py:188} INFO - [2025-12-13T20:55:59.605+0000] {dag.py:3033} INFO - Sync 1 DAGs
[2025-12-13T20:55:59.619+0000] {logging_mixin.py:188} INFO - [2025-12-13T20:55:59.619+0000] {dag.py:3820} INFO - Setting next_dagrun for seismic_etl_pipeline to 2025-12-13T00:00:00+00:00, run_after=2025-12-14T00:00:00+00:00
[2025-12-13T20:55:59.630+0000] {processor.py:183} INFO - Processing /opt/airflow/dags/seismic_etl_pipeline.py took 0.225 seconds
[2025-12-13T20:56:29.765+0000] {processor.py:161} INFO - Started process (PID=4551) to work on /opt/airflow/dags/seismic_etl_pipeline.py
[2025-12-13T20:56:29.765+0000] {processor.py:830} INFO - Processing file /opt/airflow/dags/seismic_etl_pipeline.py for tasks to queue
[2025-12-13T20:56:29.766+0000] {logging_mixin.py:188} INFO - [2025-12-13T20:56:29.766+0000] {dagbag.py:538} INFO - Filling up the DagBag from /opt/airflow/dags/seismic_etl_pipeline.py
[2025-12-13T20:56:29.944+0000] {processor.py:840} INFO - DAG(s) 'seismic_etl_pipeline' retrieved from /opt/airflow/dags/seismic_etl_pipeline.py
[2025-12-13T20:56:29.963+0000] {logging_mixin.py:188} INFO - [2025-12-13T20:56:29.962+0000] {dag.py:3033} INFO - Sync 1 DAGs
[2025-12-13T20:56:29.977+0000] {logging_mixin.py:188} INFO - [2025-12-13T20:56:29.976+0000] {dag.py:3820} INFO - Setting next_dagrun for seismic_etl_pipeline to 2025-12-13T00:00:00+00:00, run_after=2025-12-14T00:00:00+00:00
[2025-12-13T20:56:29.987+0000] {processor.py:183} INFO - Processing /opt/airflow/dags/seismic_etl_pipeline.py took 0.225 seconds
[2025-12-13T20:57:00.127+0000] {processor.py:161} INFO - Started process (PID=4574) to work on /opt/airflow/dags/seismic_etl_pipeline.py
[2025-12-13T20:57:00.128+0000] {processor.py:830} INFO - Processing file /opt/airflow/dags/seismic_etl_pipeline.py for tasks to queue
[2025-12-13T20:57:00.128+0000] {logging_mixin.py:188} INFO - [2025-12-13T20:57:00.128+0000] {dagbag.py:538} INFO - Filling up the DagBag from /opt/airflow/dags/seismic_etl_pipeline.py
[2025-12-13T20:57:00.307+0000] {processor.py:840} INFO - DAG(s) 'seismic_etl_pipeline' retrieved from /opt/airflow/dags/seismic_etl_pipeline.py
[2025-12-13T20:57:00.326+0000] {logging_mixin.py:188} INFO - [2025-12-13T20:57:00.326+0000] {dag.py:3033} INFO - Sync 1 DAGs
[2025-12-13T20:57:00.339+0000] {logging_mixin.py:188} INFO - [2025-12-13T20:57:00.339+0000] {dag.py:3820} INFO - Setting next_dagrun for seismic_etl_pipeline to 2025-12-13T00:00:00+00:00, run_after=2025-12-14T00:00:00+00:00
[2025-12-13T20:57:00.351+0000] {processor.py:183} INFO - Processing /opt/airflow/dags/seismic_etl_pipeline.py took 0.226 seconds
[2025-12-13T20:57:30.487+0000] {processor.py:161} INFO - Started process (PID=4597) to work on /opt/airflow/dags/seismic_etl_pipeline.py
[2025-12-13T20:57:30.487+0000] {processor.py:830} INFO - Processing file /opt/airflow/dags/seismic_etl_pipeline.py for tasks to queue
[2025-12-13T20:57:30.488+0000] {logging_mixin.py:188} INFO - [2025-12-13T20:57:30.487+0000] {dagbag.py:538} INFO - Filling up the DagBag from /opt/airflow/dags/seismic_etl_pipeline.py
[2025-12-13T20:57:30.666+0000] {processor.py:840} INFO - DAG(s) 'seismic_etl_pipeline' retrieved from /opt/airflow/dags/seismic_etl_pipeline.py
[2025-12-13T20:57:30.685+0000] {logging_mixin.py:188} INFO - [2025-12-13T20:57:30.685+0000] {dag.py:3033} INFO - Sync 1 DAGs
[2025-12-13T20:57:30.699+0000] {logging_mixin.py:188} INFO - [2025-12-13T20:57:30.699+0000] {dag.py:3820} INFO - Setting next_dagrun for seismic_etl_pipeline to 2025-12-13T00:00:00+00:00, run_after=2025-12-14T00:00:00+00:00
[2025-12-13T20:57:30.710+0000] {processor.py:183} INFO - Processing /opt/airflow/dags/seismic_etl_pipeline.py took 0.225 seconds
[2025-12-13T20:58:00.850+0000] {processor.py:161} INFO - Started process (PID=4620) to work on /opt/airflow/dags/seismic_etl_pipeline.py
[2025-12-13T20:58:00.851+0000] {processor.py:830} INFO - Processing file /opt/airflow/dags/seismic_etl_pipeline.py for tasks to queue
[2025-12-13T20:58:00.851+0000] {logging_mixin.py:188} INFO - [2025-12-13T20:58:00.851+0000] {dagbag.py:538} INFO - Filling up the DagBag from /opt/airflow/dags/seismic_etl_pipeline.py
[2025-12-13T20:58:01.029+0000] {processor.py:840} INFO - DAG(s) 'seismic_etl_pipeline' retrieved from /opt/airflow/dags/seismic_etl_pipeline.py
[2025-12-13T20:58:01.049+0000] {logging_mixin.py:188} INFO - [2025-12-13T20:58:01.048+0000] {dag.py:3033} INFO - Sync 1 DAGs
[2025-12-13T20:58:01.062+0000] {logging_mixin.py:188} INFO - [2025-12-13T20:58:01.062+0000] {dag.py:3820} INFO - Setting next_dagrun for seismic_etl_pipeline to 2025-12-13T00:00:00+00:00, run_after=2025-12-14T00:00:00+00:00
[2025-12-13T20:58:01.072+0000] {processor.py:183} INFO - Processing /opt/airflow/dags/seismic_etl_pipeline.py took 0.225 seconds
[2025-12-13T20:58:31.209+0000] {processor.py:161} INFO - Started process (PID=4643) to work on /opt/airflow/dags/seismic_etl_pipeline.py
[2025-12-13T20:58:31.209+0000] {processor.py:830} INFO - Processing file /opt/airflow/dags/seismic_etl_pipeline.py for tasks to queue
[2025-12-13T20:58:31.209+0000] {logging_mixin.py:188} INFO - [2025-12-13T20:58:31.209+0000] {dagbag.py:538} INFO - Filling up the DagBag from /opt/airflow/dags/seismic_etl_pipeline.py
[2025-12-13T20:58:31.392+0000] {processor.py:840} INFO - DAG(s) 'seismic_etl_pipeline' retrieved from /opt/airflow/dags/seismic_etl_pipeline.py
[2025-12-13T20:58:31.411+0000] {logging_mixin.py:188} INFO - [2025-12-13T20:58:31.411+0000] {dag.py:3033} INFO - Sync 1 DAGs
[2025-12-13T20:58:31.425+0000] {logging_mixin.py:188} INFO - [2025-12-13T20:58:31.425+0000] {dag.py:3820} INFO - Setting next_dagrun for seismic_etl_pipeline to 2025-12-13T00:00:00+00:00, run_after=2025-12-14T00:00:00+00:00
[2025-12-13T20:58:31.436+0000] {processor.py:183} INFO - Processing /opt/airflow/dags/seismic_etl_pipeline.py took 0.230 seconds
[2025-12-13T20:59:01.571+0000] {processor.py:161} INFO - Started process (PID=4666) to work on /opt/airflow/dags/seismic_etl_pipeline.py
[2025-12-13T20:59:01.571+0000] {processor.py:830} INFO - Processing file /opt/airflow/dags/seismic_etl_pipeline.py for tasks to queue
[2025-12-13T20:59:01.572+0000] {logging_mixin.py:188} INFO - [2025-12-13T20:59:01.571+0000] {dagbag.py:538} INFO - Filling up the DagBag from /opt/airflow/dags/seismic_etl_pipeline.py
[2025-12-13T20:59:01.750+0000] {processor.py:840} INFO - DAG(s) 'seismic_etl_pipeline' retrieved from /opt/airflow/dags/seismic_etl_pipeline.py
[2025-12-13T20:59:01.770+0000] {logging_mixin.py:188} INFO - [2025-12-13T20:59:01.770+0000] {dag.py:3033} INFO - Sync 1 DAGs
[2025-12-13T20:59:01.783+0000] {logging_mixin.py:188} INFO - [2025-12-13T20:59:01.783+0000] {dag.py:3820} INFO - Setting next_dagrun for seismic_etl_pipeline to 2025-12-13T00:00:00+00:00, run_after=2025-12-14T00:00:00+00:00
[2025-12-13T20:59:01.794+0000] {processor.py:183} INFO - Processing /opt/airflow/dags/seismic_etl_pipeline.py took 0.226 seconds
[2025-12-13T20:59:31.932+0000] {processor.py:161} INFO - Started process (PID=4689) to work on /opt/airflow/dags/seismic_etl_pipeline.py
[2025-12-13T20:59:31.932+0000] {processor.py:830} INFO - Processing file /opt/airflow/dags/seismic_etl_pipeline.py for tasks to queue
[2025-12-13T20:59:31.933+0000] {logging_mixin.py:188} INFO - [2025-12-13T20:59:31.933+0000] {dagbag.py:538} INFO - Filling up the DagBag from /opt/airflow/dags/seismic_etl_pipeline.py
[2025-12-13T20:59:32.111+0000] {processor.py:840} INFO - DAG(s) 'seismic_etl_pipeline' retrieved from /opt/airflow/dags/seismic_etl_pipeline.py
[2025-12-13T20:59:32.130+0000] {logging_mixin.py:188} INFO - [2025-12-13T20:59:32.130+0000] {dag.py:3033} INFO - Sync 1 DAGs
[2025-12-13T20:59:32.144+0000] {logging_mixin.py:188} INFO - [2025-12-13T20:59:32.144+0000] {dag.py:3820} INFO - Setting next_dagrun for seismic_etl_pipeline to 2025-12-13T00:00:00+00:00, run_after=2025-12-14T00:00:00+00:00
[2025-12-13T20:59:32.155+0000] {processor.py:183} INFO - Processing /opt/airflow/dags/seismic_etl_pipeline.py took 0.226 seconds
[2025-12-13T21:00:02.293+0000] {processor.py:161} INFO - Started process (PID=4712) to work on /opt/airflow/dags/seismic_etl_pipeline.py
[2025-12-13T21:00:02.294+0000] {processor.py:830} INFO - Processing file /opt/airflow/dags/seismic_etl_pipeline.py for tasks to queue
[2025-12-13T21:00:02.294+0000] {logging_mixin.py:188} INFO - [2025-12-13T21:00:02.294+0000] {dagbag.py:538} INFO - Filling up the DagBag from /opt/airflow/dags/seismic_etl_pipeline.py
[2025-12-13T21:00:02.472+0000] {processor.py:840} INFO - DAG(s) 'seismic_etl_pipeline' retrieved from /opt/airflow/dags/seismic_etl_pipeline.py
[2025-12-13T21:00:02.491+0000] {logging_mixin.py:188} INFO - [2025-12-13T21:00:02.491+0000] {dag.py:3033} INFO - Sync 1 DAGs
[2025-12-13T21:00:02.505+0000] {logging_mixin.py:188} INFO - [2025-12-13T21:00:02.505+0000] {dag.py:3820} INFO - Setting next_dagrun for seismic_etl_pipeline to 2025-12-13T00:00:00+00:00, run_after=2025-12-14T00:00:00+00:00
[2025-12-13T21:00:02.515+0000] {processor.py:183} INFO - Processing /opt/airflow/dags/seismic_etl_pipeline.py took 0.225 seconds
[2025-12-13T21:00:32.653+0000] {processor.py:161} INFO - Started process (PID=4735) to work on /opt/airflow/dags/seismic_etl_pipeline.py
[2025-12-13T21:00:32.654+0000] {processor.py:830} INFO - Processing file /opt/airflow/dags/seismic_etl_pipeline.py for tasks to queue
[2025-12-13T21:00:32.654+0000] {logging_mixin.py:188} INFO - [2025-12-13T21:00:32.654+0000] {dagbag.py:538} INFO - Filling up the DagBag from /opt/airflow/dags/seismic_etl_pipeline.py
[2025-12-13T21:00:32.833+0000] {processor.py:840} INFO - DAG(s) 'seismic_etl_pipeline' retrieved from /opt/airflow/dags/seismic_etl_pipeline.py
[2025-12-13T21:00:32.851+0000] {logging_mixin.py:188} INFO - [2025-12-13T21:00:32.851+0000] {dag.py:3033} INFO - Sync 1 DAGs
[2025-12-13T21:00:32.865+0000] {logging_mixin.py:188} INFO - [2025-12-13T21:00:32.865+0000] {dag.py:3820} INFO - Setting next_dagrun for seismic_etl_pipeline to 2025-12-13T00:00:00+00:00, run_after=2025-12-14T00:00:00+00:00
[2025-12-13T21:00:32.877+0000] {processor.py:183} INFO - Processing /opt/airflow/dags/seismic_etl_pipeline.py took 0.226 seconds
[2025-12-13T21:01:03.020+0000] {processor.py:161} INFO - Started process (PID=4758) to work on /opt/airflow/dags/seismic_etl_pipeline.py
[2025-12-13T21:01:03.021+0000] {processor.py:830} INFO - Processing file /opt/airflow/dags/seismic_etl_pipeline.py for tasks to queue
[2025-12-13T21:01:03.022+0000] {logging_mixin.py:188} INFO - [2025-12-13T21:01:03.021+0000] {dagbag.py:538} INFO - Filling up the DagBag from /opt/airflow/dags/seismic_etl_pipeline.py
[2025-12-13T21:01:03.200+0000] {processor.py:840} INFO - DAG(s) 'seismic_etl_pipeline' retrieved from /opt/airflow/dags/seismic_etl_pipeline.py
[2025-12-13T21:01:03.220+0000] {logging_mixin.py:188} INFO - [2025-12-13T21:01:03.220+0000] {dag.py:3033} INFO - Sync 1 DAGs
[2025-12-13T21:01:03.233+0000] {logging_mixin.py:188} INFO - [2025-12-13T21:01:03.233+0000] {dag.py:3820} INFO - Setting next_dagrun for seismic_etl_pipeline to 2025-12-13T00:00:00+00:00, run_after=2025-12-14T00:00:00+00:00
[2025-12-13T21:01:03.244+0000] {processor.py:183} INFO - Processing /opt/airflow/dags/seismic_etl_pipeline.py took 0.226 seconds
[2025-12-13T21:01:33.380+0000] {processor.py:161} INFO - Started process (PID=4781) to work on /opt/airflow/dags/seismic_etl_pipeline.py
[2025-12-13T21:01:33.380+0000] {processor.py:830} INFO - Processing file /opt/airflow/dags/seismic_etl_pipeline.py for tasks to queue
[2025-12-13T21:01:33.381+0000] {logging_mixin.py:188} INFO - [2025-12-13T21:01:33.381+0000] {dagbag.py:538} INFO - Filling up the DagBag from /opt/airflow/dags/seismic_etl_pipeline.py
[2025-12-13T21:01:33.559+0000] {processor.py:840} INFO - DAG(s) 'seismic_etl_pipeline' retrieved from /opt/airflow/dags/seismic_etl_pipeline.py
[2025-12-13T21:01:33.577+0000] {logging_mixin.py:188} INFO - [2025-12-13T21:01:33.577+0000] {dag.py:3033} INFO - Sync 1 DAGs
[2025-12-13T21:01:33.591+0000] {logging_mixin.py:188} INFO - [2025-12-13T21:01:33.591+0000] {dag.py:3820} INFO - Setting next_dagrun for seismic_etl_pipeline to 2025-12-13T00:00:00+00:00, run_after=2025-12-14T00:00:00+00:00
[2025-12-13T21:01:33.602+0000] {processor.py:183} INFO - Processing /opt/airflow/dags/seismic_etl_pipeline.py took 0.225 seconds
[2025-12-13T21:02:03.741+0000] {processor.py:161} INFO - Started process (PID=4804) to work on /opt/airflow/dags/seismic_etl_pipeline.py
[2025-12-13T21:02:03.741+0000] {processor.py:830} INFO - Processing file /opt/airflow/dags/seismic_etl_pipeline.py for tasks to queue
[2025-12-13T21:02:03.742+0000] {logging_mixin.py:188} INFO - [2025-12-13T21:02:03.742+0000] {dagbag.py:538} INFO - Filling up the DagBag from /opt/airflow/dags/seismic_etl_pipeline.py
[2025-12-13T21:02:03.920+0000] {processor.py:840} INFO - DAG(s) 'seismic_etl_pipeline' retrieved from /opt/airflow/dags/seismic_etl_pipeline.py
[2025-12-13T21:02:03.939+0000] {logging_mixin.py:188} INFO - [2025-12-13T21:02:03.939+0000] {dag.py:3033} INFO - Sync 1 DAGs
[2025-12-13T21:02:03.952+0000] {logging_mixin.py:188} INFO - [2025-12-13T21:02:03.952+0000] {dag.py:3820} INFO - Setting next_dagrun for seismic_etl_pipeline to 2025-12-13T00:00:00+00:00, run_after=2025-12-14T00:00:00+00:00
[2025-12-13T21:02:03.963+0000] {processor.py:183} INFO - Processing /opt/airflow/dags/seismic_etl_pipeline.py took 0.225 seconds
[2025-12-13T21:02:34.100+0000] {processor.py:161} INFO - Started process (PID=4827) to work on /opt/airflow/dags/seismic_etl_pipeline.py
[2025-12-13T21:02:34.101+0000] {processor.py:830} INFO - Processing file /opt/airflow/dags/seismic_etl_pipeline.py for tasks to queue
[2025-12-13T21:02:34.101+0000] {logging_mixin.py:188} INFO - [2025-12-13T21:02:34.101+0000] {dagbag.py:538} INFO - Filling up the DagBag from /opt/airflow/dags/seismic_etl_pipeline.py
[2025-12-13T21:02:34.280+0000] {processor.py:840} INFO - DAG(s) 'seismic_etl_pipeline' retrieved from /opt/airflow/dags/seismic_etl_pipeline.py
[2025-12-13T21:02:34.298+0000] {logging_mixin.py:188} INFO - [2025-12-13T21:02:34.298+0000] {dag.py:3033} INFO - Sync 1 DAGs
[2025-12-13T21:02:34.312+0000] {logging_mixin.py:188} INFO - [2025-12-13T21:02:34.312+0000] {dag.py:3820} INFO - Setting next_dagrun for seismic_etl_pipeline to 2025-12-13T00:00:00+00:00, run_after=2025-12-14T00:00:00+00:00
[2025-12-13T21:02:34.324+0000] {processor.py:183} INFO - Processing /opt/airflow/dags/seismic_etl_pipeline.py took 0.226 seconds
[2025-12-13T21:03:04.464+0000] {processor.py:161} INFO - Started process (PID=4850) to work on /opt/airflow/dags/seismic_etl_pipeline.py
[2025-12-13T21:03:04.465+0000] {processor.py:830} INFO - Processing file /opt/airflow/dags/seismic_etl_pipeline.py for tasks to queue
[2025-12-13T21:03:04.465+0000] {logging_mixin.py:188} INFO - [2025-12-13T21:03:04.465+0000] {dagbag.py:538} INFO - Filling up the DagBag from /opt/airflow/dags/seismic_etl_pipeline.py
[2025-12-13T21:03:04.644+0000] {processor.py:840} INFO - DAG(s) 'seismic_etl_pipeline' retrieved from /opt/airflow/dags/seismic_etl_pipeline.py
[2025-12-13T21:03:04.663+0000] {logging_mixin.py:188} INFO - [2025-12-13T21:03:04.662+0000] {dag.py:3033} INFO - Sync 1 DAGs
[2025-12-13T21:03:04.676+0000] {logging_mixin.py:188} INFO - [2025-12-13T21:03:04.676+0000] {dag.py:3820} INFO - Setting next_dagrun for seismic_etl_pipeline to 2025-12-13T00:00:00+00:00, run_after=2025-12-14T00:00:00+00:00
[2025-12-13T21:03:04.687+0000] {processor.py:183} INFO - Processing /opt/airflow/dags/seismic_etl_pipeline.py took 0.225 seconds
[2025-12-13T21:03:34.822+0000] {processor.py:161} INFO - Started process (PID=4873) to work on /opt/airflow/dags/seismic_etl_pipeline.py
[2025-12-13T21:03:34.822+0000] {processor.py:830} INFO - Processing file /opt/airflow/dags/seismic_etl_pipeline.py for tasks to queue
[2025-12-13T21:03:34.822+0000] {logging_mixin.py:188} INFO - [2025-12-13T21:03:34.822+0000] {dagbag.py:538} INFO - Filling up the DagBag from /opt/airflow/dags/seismic_etl_pipeline.py
[2025-12-13T21:03:35.001+0000] {processor.py:840} INFO - DAG(s) 'seismic_etl_pipeline' retrieved from /opt/airflow/dags/seismic_etl_pipeline.py
[2025-12-13T21:03:35.020+0000] {logging_mixin.py:188} INFO - [2025-12-13T21:03:35.020+0000] {dag.py:3033} INFO - Sync 1 DAGs
[2025-12-13T21:03:35.034+0000] {logging_mixin.py:188} INFO - [2025-12-13T21:03:35.034+0000] {dag.py:3820} INFO - Setting next_dagrun for seismic_etl_pipeline to 2025-12-13T00:00:00+00:00, run_after=2025-12-14T00:00:00+00:00
[2025-12-13T21:03:35.045+0000] {processor.py:183} INFO - Processing /opt/airflow/dags/seismic_etl_pipeline.py took 0.226 seconds
[2025-12-13T21:04:05.183+0000] {processor.py:161} INFO - Started process (PID=4896) to work on /opt/airflow/dags/seismic_etl_pipeline.py
[2025-12-13T21:04:05.184+0000] {processor.py:830} INFO - Processing file /opt/airflow/dags/seismic_etl_pipeline.py for tasks to queue
[2025-12-13T21:04:05.185+0000] {logging_mixin.py:188} INFO - [2025-12-13T21:04:05.184+0000] {dagbag.py:538} INFO - Filling up the DagBag from /opt/airflow/dags/seismic_etl_pipeline.py
[2025-12-13T21:04:05.362+0000] {processor.py:840} INFO - DAG(s) 'seismic_etl_pipeline' retrieved from /opt/airflow/dags/seismic_etl_pipeline.py
[2025-12-13T21:04:05.382+0000] {logging_mixin.py:188} INFO - [2025-12-13T21:04:05.382+0000] {dag.py:3033} INFO - Sync 1 DAGs
[2025-12-13T21:04:05.395+0000] {logging_mixin.py:188} INFO - [2025-12-13T21:04:05.395+0000] {dag.py:3820} INFO - Setting next_dagrun for seismic_etl_pipeline to 2025-12-13T00:00:00+00:00, run_after=2025-12-14T00:00:00+00:00
[2025-12-13T21:04:05.407+0000] {processor.py:183} INFO - Processing /opt/airflow/dags/seismic_etl_pipeline.py took 0.226 seconds
[2025-12-13T21:04:35.543+0000] {processor.py:161} INFO - Started process (PID=4919) to work on /opt/airflow/dags/seismic_etl_pipeline.py
[2025-12-13T21:04:35.543+0000] {processor.py:830} INFO - Processing file /opt/airflow/dags/seismic_etl_pipeline.py for tasks to queue
[2025-12-13T21:04:35.543+0000] {logging_mixin.py:188} INFO - [2025-12-13T21:04:35.543+0000] {dagbag.py:538} INFO - Filling up the DagBag from /opt/airflow/dags/seismic_etl_pipeline.py
[2025-12-13T21:04:35.722+0000] {processor.py:840} INFO - DAG(s) 'seismic_etl_pipeline' retrieved from /opt/airflow/dags/seismic_etl_pipeline.py
[2025-12-13T21:04:35.741+0000] {logging_mixin.py:188} INFO - [2025-12-13T21:04:35.740+0000] {dag.py:3033} INFO - Sync 1 DAGs
[2025-12-13T21:04:35.754+0000] {logging_mixin.py:188} INFO - [2025-12-13T21:04:35.754+0000] {dag.py:3820} INFO - Setting next_dagrun for seismic_etl_pipeline to 2025-12-13T00:00:00+00:00, run_after=2025-12-14T00:00:00+00:00
[2025-12-13T21:04:35.766+0000] {processor.py:183} INFO - Processing /opt/airflow/dags/seismic_etl_pipeline.py took 0.226 seconds
[2025-12-13T21:05:05.905+0000] {processor.py:161} INFO - Started process (PID=4942) to work on /opt/airflow/dags/seismic_etl_pipeline.py
[2025-12-13T21:05:05.906+0000] {processor.py:830} INFO - Processing file /opt/airflow/dags/seismic_etl_pipeline.py for tasks to queue
[2025-12-13T21:05:05.907+0000] {logging_mixin.py:188} INFO - [2025-12-13T21:05:05.906+0000] {dagbag.py:538} INFO - Filling up the DagBag from /opt/airflow/dags/seismic_etl_pipeline.py
[2025-12-13T21:05:06.085+0000] {processor.py:840} INFO - DAG(s) 'seismic_etl_pipeline' retrieved from /opt/airflow/dags/seismic_etl_pipeline.py
[2025-12-13T21:05:06.104+0000] {logging_mixin.py:188} INFO - [2025-12-13T21:05:06.104+0000] {dag.py:3033} INFO - Sync 1 DAGs
[2025-12-13T21:05:06.118+0000] {logging_mixin.py:188} INFO - [2025-12-13T21:05:06.117+0000] {dag.py:3820} INFO - Setting next_dagrun for seismic_etl_pipeline to 2025-12-13T00:00:00+00:00, run_after=2025-12-14T00:00:00+00:00
[2025-12-13T21:05:06.129+0000] {processor.py:183} INFO - Processing /opt/airflow/dags/seismic_etl_pipeline.py took 0.226 seconds
[2025-12-13T21:05:36.265+0000] {processor.py:161} INFO - Started process (PID=4965) to work on /opt/airflow/dags/seismic_etl_pipeline.py
[2025-12-13T21:05:36.266+0000] {processor.py:830} INFO - Processing file /opt/airflow/dags/seismic_etl_pipeline.py for tasks to queue
[2025-12-13T21:05:36.266+0000] {logging_mixin.py:188} INFO - [2025-12-13T21:05:36.266+0000] {dagbag.py:538} INFO - Filling up the DagBag from /opt/airflow/dags/seismic_etl_pipeline.py
[2025-12-13T21:05:36.445+0000] {processor.py:840} INFO - DAG(s) 'seismic_etl_pipeline' retrieved from /opt/airflow/dags/seismic_etl_pipeline.py
[2025-12-13T21:05:36.463+0000] {logging_mixin.py:188} INFO - [2025-12-13T21:05:36.463+0000] {dag.py:3033} INFO - Sync 1 DAGs
[2025-12-13T21:05:36.476+0000] {logging_mixin.py:188} INFO - [2025-12-13T21:05:36.476+0000] {dag.py:3820} INFO - Setting next_dagrun for seismic_etl_pipeline to 2025-12-13T00:00:00+00:00, run_after=2025-12-14T00:00:00+00:00
[2025-12-13T21:05:36.488+0000] {processor.py:183} INFO - Processing /opt/airflow/dags/seismic_etl_pipeline.py took 0.225 seconds
[2025-12-13T21:06:06.632+0000] {processor.py:161} INFO - Started process (PID=4988) to work on /opt/airflow/dags/seismic_etl_pipeline.py
[2025-12-13T21:06:06.633+0000] {processor.py:830} INFO - Processing file /opt/airflow/dags/seismic_etl_pipeline.py for tasks to queue
[2025-12-13T21:06:06.633+0000] {logging_mixin.py:188} INFO - [2025-12-13T21:06:06.633+0000] {dagbag.py:538} INFO - Filling up the DagBag from /opt/airflow/dags/seismic_etl_pipeline.py
[2025-12-13T21:06:06.811+0000] {processor.py:840} INFO - DAG(s) 'seismic_etl_pipeline' retrieved from /opt/airflow/dags/seismic_etl_pipeline.py
[2025-12-13T21:06:06.831+0000] {logging_mixin.py:188} INFO - [2025-12-13T21:06:06.830+0000] {dag.py:3033} INFO - Sync 1 DAGs
[2025-12-13T21:06:06.844+0000] {logging_mixin.py:188} INFO - [2025-12-13T21:06:06.844+0000] {dag.py:3820} INFO - Setting next_dagrun for seismic_etl_pipeline to 2025-12-13T00:00:00+00:00, run_after=2025-12-14T00:00:00+00:00
[2025-12-13T21:06:06.855+0000] {processor.py:183} INFO - Processing /opt/airflow/dags/seismic_etl_pipeline.py took 0.225 seconds
[2025-12-13T21:06:36.996+0000] {processor.py:161} INFO - Started process (PID=5011) to work on /opt/airflow/dags/seismic_etl_pipeline.py
[2025-12-13T21:06:36.996+0000] {processor.py:830} INFO - Processing file /opt/airflow/dags/seismic_etl_pipeline.py for tasks to queue
[2025-12-13T21:06:36.997+0000] {logging_mixin.py:188} INFO - [2025-12-13T21:06:36.997+0000] {dagbag.py:538} INFO - Filling up the DagBag from /opt/airflow/dags/seismic_etl_pipeline.py
[2025-12-13T21:06:37.176+0000] {processor.py:840} INFO - DAG(s) 'seismic_etl_pipeline' retrieved from /opt/airflow/dags/seismic_etl_pipeline.py
[2025-12-13T21:06:37.195+0000] {logging_mixin.py:188} INFO - [2025-12-13T21:06:37.194+0000] {dag.py:3033} INFO - Sync 1 DAGs
[2025-12-13T21:06:37.208+0000] {logging_mixin.py:188} INFO - [2025-12-13T21:06:37.208+0000] {dag.py:3820} INFO - Setting next_dagrun for seismic_etl_pipeline to 2025-12-13T00:00:00+00:00, run_after=2025-12-14T00:00:00+00:00
[2025-12-13T21:06:37.220+0000] {processor.py:183} INFO - Processing /opt/airflow/dags/seismic_etl_pipeline.py took 0.226 seconds
[2025-12-13T21:07:07.357+0000] {processor.py:161} INFO - Started process (PID=5034) to work on /opt/airflow/dags/seismic_etl_pipeline.py
[2025-12-13T21:07:07.358+0000] {processor.py:830} INFO - Processing file /opt/airflow/dags/seismic_etl_pipeline.py for tasks to queue
[2025-12-13T21:07:07.359+0000] {logging_mixin.py:188} INFO - [2025-12-13T21:07:07.358+0000] {dagbag.py:538} INFO - Filling up the DagBag from /opt/airflow/dags/seismic_etl_pipeline.py
[2025-12-13T21:07:07.538+0000] {processor.py:840} INFO - DAG(s) 'seismic_etl_pipeline' retrieved from /opt/airflow/dags/seismic_etl_pipeline.py
[2025-12-13T21:07:07.557+0000] {logging_mixin.py:188} INFO - [2025-12-13T21:07:07.557+0000] {dag.py:3033} INFO - Sync 1 DAGs
[2025-12-13T21:07:07.571+0000] {logging_mixin.py:188} INFO - [2025-12-13T21:07:07.571+0000] {dag.py:3820} INFO - Setting next_dagrun for seismic_etl_pipeline to 2025-12-13T00:00:00+00:00, run_after=2025-12-14T00:00:00+00:00
[2025-12-13T21:07:07.582+0000] {processor.py:183} INFO - Processing /opt/airflow/dags/seismic_etl_pipeline.py took 0.227 seconds
[2025-12-13T21:07:37.718+0000] {processor.py:161} INFO - Started process (PID=5057) to work on /opt/airflow/dags/seismic_etl_pipeline.py
[2025-12-13T21:07:37.719+0000] {processor.py:830} INFO - Processing file /opt/airflow/dags/seismic_etl_pipeline.py for tasks to queue
[2025-12-13T21:07:37.719+0000] {logging_mixin.py:188} INFO - [2025-12-13T21:07:37.719+0000] {dagbag.py:538} INFO - Filling up the DagBag from /opt/airflow/dags/seismic_etl_pipeline.py
[2025-12-13T21:07:37.898+0000] {processor.py:840} INFO - DAG(s) 'seismic_etl_pipeline' retrieved from /opt/airflow/dags/seismic_etl_pipeline.py
[2025-12-13T21:07:37.916+0000] {logging_mixin.py:188} INFO - [2025-12-13T21:07:37.916+0000] {dag.py:3033} INFO - Sync 1 DAGs
[2025-12-13T21:07:37.930+0000] {logging_mixin.py:188} INFO - [2025-12-13T21:07:37.930+0000] {dag.py:3820} INFO - Setting next_dagrun for seismic_etl_pipeline to 2025-12-13T00:00:00+00:00, run_after=2025-12-14T00:00:00+00:00
[2025-12-13T21:07:37.941+0000] {processor.py:183} INFO - Processing /opt/airflow/dags/seismic_etl_pipeline.py took 0.225 seconds
[2025-12-13T21:08:08.077+0000] {processor.py:161} INFO - Started process (PID=5080) to work on /opt/airflow/dags/seismic_etl_pipeline.py
[2025-12-13T21:08:08.078+0000] {processor.py:830} INFO - Processing file /opt/airflow/dags/seismic_etl_pipeline.py for tasks to queue
[2025-12-13T21:08:08.078+0000] {logging_mixin.py:188} INFO - [2025-12-13T21:08:08.078+0000] {dagbag.py:538} INFO - Filling up the DagBag from /opt/airflow/dags/seismic_etl_pipeline.py
[2025-12-13T21:08:08.257+0000] {processor.py:840} INFO - DAG(s) 'seismic_etl_pipeline' retrieved from /opt/airflow/dags/seismic_etl_pipeline.py
[2025-12-13T21:08:08.276+0000] {logging_mixin.py:188} INFO - [2025-12-13T21:08:08.275+0000] {dag.py:3033} INFO - Sync 1 DAGs
[2025-12-13T21:08:08.289+0000] {logging_mixin.py:188} INFO - [2025-12-13T21:08:08.289+0000] {dag.py:3820} INFO - Setting next_dagrun for seismic_etl_pipeline to 2025-12-13T00:00:00+00:00, run_after=2025-12-14T00:00:00+00:00
[2025-12-13T21:08:08.300+0000] {processor.py:183} INFO - Processing /opt/airflow/dags/seismic_etl_pipeline.py took 0.225 seconds
[2025-12-13T21:08:38.436+0000] {processor.py:161} INFO - Started process (PID=5103) to work on /opt/airflow/dags/seismic_etl_pipeline.py
[2025-12-13T21:08:38.436+0000] {processor.py:830} INFO - Processing file /opt/airflow/dags/seismic_etl_pipeline.py for tasks to queue
[2025-12-13T21:08:38.437+0000] {logging_mixin.py:188} INFO - [2025-12-13T21:08:38.437+0000] {dagbag.py:538} INFO - Filling up the DagBag from /opt/airflow/dags/seismic_etl_pipeline.py
[2025-12-13T21:08:38.615+0000] {processor.py:840} INFO - DAG(s) 'seismic_etl_pipeline' retrieved from /opt/airflow/dags/seismic_etl_pipeline.py
[2025-12-13T21:08:38.634+0000] {logging_mixin.py:188} INFO - [2025-12-13T21:08:38.633+0000] {dag.py:3033} INFO - Sync 1 DAGs
[2025-12-13T21:08:38.647+0000] {logging_mixin.py:188} INFO - [2025-12-13T21:08:38.647+0000] {dag.py:3820} INFO - Setting next_dagrun for seismic_etl_pipeline to 2025-12-13T00:00:00+00:00, run_after=2025-12-14T00:00:00+00:00
[2025-12-13T21:08:38.659+0000] {processor.py:183} INFO - Processing /opt/airflow/dags/seismic_etl_pipeline.py took 0.225 seconds
[2025-12-13T21:09:08.799+0000] {processor.py:161} INFO - Started process (PID=5126) to work on /opt/airflow/dags/seismic_etl_pipeline.py
[2025-12-13T21:09:08.800+0000] {processor.py:830} INFO - Processing file /opt/airflow/dags/seismic_etl_pipeline.py for tasks to queue
[2025-12-13T21:09:08.800+0000] {logging_mixin.py:188} INFO - [2025-12-13T21:09:08.800+0000] {dagbag.py:538} INFO - Filling up the DagBag from /opt/airflow/dags/seismic_etl_pipeline.py
[2025-12-13T21:09:08.979+0000] {processor.py:840} INFO - DAG(s) 'seismic_etl_pipeline' retrieved from /opt/airflow/dags/seismic_etl_pipeline.py
[2025-12-13T21:09:08.998+0000] {logging_mixin.py:188} INFO - [2025-12-13T21:09:08.998+0000] {dag.py:3033} INFO - Sync 1 DAGs
[2025-12-13T21:09:09.011+0000] {logging_mixin.py:188} INFO - [2025-12-13T21:09:09.011+0000] {dag.py:3820} INFO - Setting next_dagrun for seismic_etl_pipeline to 2025-12-13T00:00:00+00:00, run_after=2025-12-14T00:00:00+00:00
[2025-12-13T21:09:09.022+0000] {processor.py:183} INFO - Processing /opt/airflow/dags/seismic_etl_pipeline.py took 0.225 seconds
[2025-12-13T21:09:39.161+0000] {processor.py:161} INFO - Started process (PID=5149) to work on /opt/airflow/dags/seismic_etl_pipeline.py
[2025-12-13T21:09:39.161+0000] {processor.py:830} INFO - Processing file /opt/airflow/dags/seismic_etl_pipeline.py for tasks to queue
[2025-12-13T21:09:39.161+0000] {logging_mixin.py:188} INFO - [2025-12-13T21:09:39.161+0000] {dagbag.py:538} INFO - Filling up the DagBag from /opt/airflow/dags/seismic_etl_pipeline.py
[2025-12-13T21:09:39.340+0000] {processor.py:840} INFO - DAG(s) 'seismic_etl_pipeline' retrieved from /opt/airflow/dags/seismic_etl_pipeline.py
[2025-12-13T21:09:39.359+0000] {logging_mixin.py:188} INFO - [2025-12-13T21:09:39.359+0000] {dag.py:3033} INFO - Sync 1 DAGs
[2025-12-13T21:09:39.372+0000] {logging_mixin.py:188} INFO - [2025-12-13T21:09:39.372+0000] {dag.py:3820} INFO - Setting next_dagrun for seismic_etl_pipeline to 2025-12-13T00:00:00+00:00, run_after=2025-12-14T00:00:00+00:00
[2025-12-13T21:09:39.385+0000] {processor.py:183} INFO - Processing /opt/airflow/dags/seismic_etl_pipeline.py took 0.227 seconds
[2025-12-13T21:10:09.522+0000] {processor.py:161} INFO - Started process (PID=5172) to work on /opt/airflow/dags/seismic_etl_pipeline.py
[2025-12-13T21:10:09.523+0000] {processor.py:830} INFO - Processing file /opt/airflow/dags/seismic_etl_pipeline.py for tasks to queue
[2025-12-13T21:10:09.523+0000] {logging_mixin.py:188} INFO - [2025-12-13T21:10:09.523+0000] {dagbag.py:538} INFO - Filling up the DagBag from /opt/airflow/dags/seismic_etl_pipeline.py
[2025-12-13T21:10:09.702+0000] {processor.py:840} INFO - DAG(s) 'seismic_etl_pipeline' retrieved from /opt/airflow/dags/seismic_etl_pipeline.py
[2025-12-13T21:10:09.722+0000] {logging_mixin.py:188} INFO - [2025-12-13T21:10:09.722+0000] {dag.py:3033} INFO - Sync 1 DAGs
[2025-12-13T21:10:09.735+0000] {logging_mixin.py:188} INFO - [2025-12-13T21:10:09.735+0000] {dag.py:3820} INFO - Setting next_dagrun for seismic_etl_pipeline to 2025-12-13T00:00:00+00:00, run_after=2025-12-14T00:00:00+00:00
[2025-12-13T21:10:09.746+0000] {processor.py:183} INFO - Processing /opt/airflow/dags/seismic_etl_pipeline.py took 0.226 seconds
[2025-12-13T21:10:39.883+0000] {processor.py:161} INFO - Started process (PID=5195) to work on /opt/airflow/dags/seismic_etl_pipeline.py
[2025-12-13T21:10:39.883+0000] {processor.py:830} INFO - Processing file /opt/airflow/dags/seismic_etl_pipeline.py for tasks to queue
[2025-12-13T21:10:39.883+0000] {logging_mixin.py:188} INFO - [2025-12-13T21:10:39.883+0000] {dagbag.py:538} INFO - Filling up the DagBag from /opt/airflow/dags/seismic_etl_pipeline.py
[2025-12-13T21:10:40.063+0000] {processor.py:840} INFO - DAG(s) 'seismic_etl_pipeline' retrieved from /opt/airflow/dags/seismic_etl_pipeline.py
[2025-12-13T21:10:40.081+0000] {logging_mixin.py:188} INFO - [2025-12-13T21:10:40.081+0000] {dag.py:3033} INFO - Sync 1 DAGs
[2025-12-13T21:10:40.094+0000] {logging_mixin.py:188} INFO - [2025-12-13T21:10:40.094+0000] {dag.py:3820} INFO - Setting next_dagrun for seismic_etl_pipeline to 2025-12-13T00:00:00+00:00, run_after=2025-12-14T00:00:00+00:00
[2025-12-13T21:10:40.106+0000] {processor.py:183} INFO - Processing /opt/airflow/dags/seismic_etl_pipeline.py took 0.226 seconds
[2025-12-13T21:11:10.252+0000] {processor.py:161} INFO - Started process (PID=5218) to work on /opt/airflow/dags/seismic_etl_pipeline.py
[2025-12-13T21:11:10.252+0000] {processor.py:830} INFO - Processing file /opt/airflow/dags/seismic_etl_pipeline.py for tasks to queue
[2025-12-13T21:11:10.253+0000] {logging_mixin.py:188} INFO - [2025-12-13T21:11:10.253+0000] {dagbag.py:538} INFO - Filling up the DagBag from /opt/airflow/dags/seismic_etl_pipeline.py
[2025-12-13T21:11:10.432+0000] {processor.py:840} INFO - DAG(s) 'seismic_etl_pipeline' retrieved from /opt/airflow/dags/seismic_etl_pipeline.py
[2025-12-13T21:11:10.451+0000] {logging_mixin.py:188} INFO - [2025-12-13T21:11:10.451+0000] {dag.py:3033} INFO - Sync 1 DAGs
[2025-12-13T21:11:10.464+0000] {logging_mixin.py:188} INFO - [2025-12-13T21:11:10.464+0000] {dag.py:3820} INFO - Setting next_dagrun for seismic_etl_pipeline to 2025-12-13T00:00:00+00:00, run_after=2025-12-14T00:00:00+00:00
[2025-12-13T21:11:10.475+0000] {processor.py:183} INFO - Processing /opt/airflow/dags/seismic_etl_pipeline.py took 0.226 seconds
[2025-12-13T21:11:40.614+0000] {processor.py:161} INFO - Started process (PID=5241) to work on /opt/airflow/dags/seismic_etl_pipeline.py
[2025-12-13T21:11:40.615+0000] {processor.py:830} INFO - Processing file /opt/airflow/dags/seismic_etl_pipeline.py for tasks to queue
[2025-12-13T21:11:40.615+0000] {logging_mixin.py:188} INFO - [2025-12-13T21:11:40.615+0000] {dagbag.py:538} INFO - Filling up the DagBag from /opt/airflow/dags/seismic_etl_pipeline.py
[2025-12-13T21:11:40.794+0000] {processor.py:840} INFO - DAG(s) 'seismic_etl_pipeline' retrieved from /opt/airflow/dags/seismic_etl_pipeline.py
[2025-12-13T21:11:40.813+0000] {logging_mixin.py:188} INFO - [2025-12-13T21:11:40.812+0000] {dag.py:3033} INFO - Sync 1 DAGs
[2025-12-13T21:11:40.826+0000] {logging_mixin.py:188} INFO - [2025-12-13T21:11:40.826+0000] {dag.py:3820} INFO - Setting next_dagrun for seismic_etl_pipeline to 2025-12-13T00:00:00+00:00, run_after=2025-12-14T00:00:00+00:00
[2025-12-13T21:11:40.838+0000] {processor.py:183} INFO - Processing /opt/airflow/dags/seismic_etl_pipeline.py took 0.225 seconds
[2025-12-13T21:12:10.977+0000] {processor.py:161} INFO - Started process (PID=5264) to work on /opt/airflow/dags/seismic_etl_pipeline.py
[2025-12-13T21:12:10.978+0000] {processor.py:830} INFO - Processing file /opt/airflow/dags/seismic_etl_pipeline.py for tasks to queue
[2025-12-13T21:12:10.978+0000] {logging_mixin.py:188} INFO - [2025-12-13T21:12:10.978+0000] {dagbag.py:538} INFO - Filling up the DagBag from /opt/airflow/dags/seismic_etl_pipeline.py
[2025-12-13T21:12:11.157+0000] {processor.py:840} INFO - DAG(s) 'seismic_etl_pipeline' retrieved from /opt/airflow/dags/seismic_etl_pipeline.py
[2025-12-13T21:12:11.176+0000] {logging_mixin.py:188} INFO - [2025-12-13T21:12:11.176+0000] {dag.py:3033} INFO - Sync 1 DAGs
[2025-12-13T21:12:11.190+0000] {logging_mixin.py:188} INFO - [2025-12-13T21:12:11.189+0000] {dag.py:3820} INFO - Setting next_dagrun for seismic_etl_pipeline to 2025-12-13T00:00:00+00:00, run_after=2025-12-14T00:00:00+00:00
[2025-12-13T21:12:11.201+0000] {processor.py:183} INFO - Processing /opt/airflow/dags/seismic_etl_pipeline.py took 0.226 seconds
[2025-12-13T21:12:41.338+0000] {processor.py:161} INFO - Started process (PID=5287) to work on /opt/airflow/dags/seismic_etl_pipeline.py
[2025-12-13T21:12:41.339+0000] {processor.py:830} INFO - Processing file /opt/airflow/dags/seismic_etl_pipeline.py for tasks to queue
[2025-12-13T21:12:41.339+0000] {logging_mixin.py:188} INFO - [2025-12-13T21:12:41.339+0000] {dagbag.py:538} INFO - Filling up the DagBag from /opt/airflow/dags/seismic_etl_pipeline.py
[2025-12-13T21:12:41.518+0000] {processor.py:840} INFO - DAG(s) 'seismic_etl_pipeline' retrieved from /opt/airflow/dags/seismic_etl_pipeline.py
[2025-12-13T21:12:41.537+0000] {logging_mixin.py:188} INFO - [2025-12-13T21:12:41.537+0000] {dag.py:3033} INFO - Sync 1 DAGs
[2025-12-13T21:12:41.551+0000] {logging_mixin.py:188} INFO - [2025-12-13T21:12:41.550+0000] {dag.py:3820} INFO - Setting next_dagrun for seismic_etl_pipeline to 2025-12-13T00:00:00+00:00, run_after=2025-12-14T00:00:00+00:00
[2025-12-13T21:12:41.562+0000] {processor.py:183} INFO - Processing /opt/airflow/dags/seismic_etl_pipeline.py took 0.227 seconds
[2025-12-13T21:13:11.699+0000] {processor.py:161} INFO - Started process (PID=5310) to work on /opt/airflow/dags/seismic_etl_pipeline.py
[2025-12-13T21:13:11.700+0000] {processor.py:830} INFO - Processing file /opt/airflow/dags/seismic_etl_pipeline.py for tasks to queue
[2025-12-13T21:13:11.700+0000] {logging_mixin.py:188} INFO - [2025-12-13T21:13:11.700+0000] {dagbag.py:538} INFO - Filling up the DagBag from /opt/airflow/dags/seismic_etl_pipeline.py
[2025-12-13T21:13:11.878+0000] {processor.py:840} INFO - DAG(s) 'seismic_etl_pipeline' retrieved from /opt/airflow/dags/seismic_etl_pipeline.py
[2025-12-13T21:13:11.897+0000] {logging_mixin.py:188} INFO - [2025-12-13T21:13:11.897+0000] {dag.py:3033} INFO - Sync 1 DAGs
[2025-12-13T21:13:11.911+0000] {logging_mixin.py:188} INFO - [2025-12-13T21:13:11.911+0000] {dag.py:3820} INFO - Setting next_dagrun for seismic_etl_pipeline to 2025-12-13T00:00:00+00:00, run_after=2025-12-14T00:00:00+00:00
[2025-12-13T21:13:11.921+0000] {processor.py:183} INFO - Processing /opt/airflow/dags/seismic_etl_pipeline.py took 0.224 seconds
[2025-12-13T21:13:42.060+0000] {processor.py:161} INFO - Started process (PID=5333) to work on /opt/airflow/dags/seismic_etl_pipeline.py
[2025-12-13T21:13:42.061+0000] {processor.py:830} INFO - Processing file /opt/airflow/dags/seismic_etl_pipeline.py for tasks to queue
[2025-12-13T21:13:42.061+0000] {logging_mixin.py:188} INFO - [2025-12-13T21:13:42.061+0000] {dagbag.py:538} INFO - Filling up the DagBag from /opt/airflow/dags/seismic_etl_pipeline.py
[2025-12-13T21:13:42.240+0000] {processor.py:840} INFO - DAG(s) 'seismic_etl_pipeline' retrieved from /opt/airflow/dags/seismic_etl_pipeline.py
[2025-12-13T21:13:42.259+0000] {logging_mixin.py:188} INFO - [2025-12-13T21:13:42.258+0000] {dag.py:3033} INFO - Sync 1 DAGs
[2025-12-13T21:13:42.272+0000] {logging_mixin.py:188} INFO - [2025-12-13T21:13:42.272+0000] {dag.py:3820} INFO - Setting next_dagrun for seismic_etl_pipeline to 2025-12-13T00:00:00+00:00, run_after=2025-12-14T00:00:00+00:00
[2025-12-13T21:13:42.284+0000] {processor.py:183} INFO - Processing /opt/airflow/dags/seismic_etl_pipeline.py took 0.226 seconds
[2025-12-13T21:14:12.424+0000] {processor.py:161} INFO - Started process (PID=5356) to work on /opt/airflow/dags/seismic_etl_pipeline.py
[2025-12-13T21:14:12.425+0000] {processor.py:830} INFO - Processing file /opt/airflow/dags/seismic_etl_pipeline.py for tasks to queue
[2025-12-13T21:14:12.425+0000] {logging_mixin.py:188} INFO - [2025-12-13T21:14:12.425+0000] {dagbag.py:538} INFO - Filling up the DagBag from /opt/airflow/dags/seismic_etl_pipeline.py
[2025-12-13T21:14:12.603+0000] {processor.py:840} INFO - DAG(s) 'seismic_etl_pipeline' retrieved from /opt/airflow/dags/seismic_etl_pipeline.py
[2025-12-13T21:14:12.622+0000] {logging_mixin.py:188} INFO - [2025-12-13T21:14:12.622+0000] {dag.py:3033} INFO - Sync 1 DAGs
[2025-12-13T21:14:12.635+0000] {logging_mixin.py:188} INFO - [2025-12-13T21:14:12.635+0000] {dag.py:3820} INFO - Setting next_dagrun for seismic_etl_pipeline to 2025-12-13T00:00:00+00:00, run_after=2025-12-14T00:00:00+00:00
[2025-12-13T21:14:12.646+0000] {processor.py:183} INFO - Processing /opt/airflow/dags/seismic_etl_pipeline.py took 0.224 seconds
[2025-12-13T21:14:42.783+0000] {processor.py:161} INFO - Started process (PID=5379) to work on /opt/airflow/dags/seismic_etl_pipeline.py
[2025-12-13T21:14:42.784+0000] {processor.py:830} INFO - Processing file /opt/airflow/dags/seismic_etl_pipeline.py for tasks to queue
[2025-12-13T21:14:42.785+0000] {logging_mixin.py:188} INFO - [2025-12-13T21:14:42.784+0000] {dagbag.py:538} INFO - Filling up the DagBag from /opt/airflow/dags/seismic_etl_pipeline.py
[2025-12-13T21:14:42.963+0000] {processor.py:840} INFO - DAG(s) 'seismic_etl_pipeline' retrieved from /opt/airflow/dags/seismic_etl_pipeline.py
[2025-12-13T21:14:42.982+0000] {logging_mixin.py:188} INFO - [2025-12-13T21:14:42.982+0000] {dag.py:3033} INFO - Sync 1 DAGs
[2025-12-13T21:14:42.995+0000] {logging_mixin.py:188} INFO - [2025-12-13T21:14:42.995+0000] {dag.py:3820} INFO - Setting next_dagrun for seismic_etl_pipeline to 2025-12-13T00:00:00+00:00, run_after=2025-12-14T00:00:00+00:00
[2025-12-13T21:14:43.007+0000] {processor.py:183} INFO - Processing /opt/airflow/dags/seismic_etl_pipeline.py took 0.226 seconds
[2025-12-13T21:15:13.143+0000] {processor.py:161} INFO - Started process (PID=5402) to work on /opt/airflow/dags/seismic_etl_pipeline.py
[2025-12-13T21:15:13.144+0000] {processor.py:830} INFO - Processing file /opt/airflow/dags/seismic_etl_pipeline.py for tasks to queue
[2025-12-13T21:15:13.144+0000] {logging_mixin.py:188} INFO - [2025-12-13T21:15:13.144+0000] {dagbag.py:538} INFO - Filling up the DagBag from /opt/airflow/dags/seismic_etl_pipeline.py
[2025-12-13T21:15:13.323+0000] {processor.py:840} INFO - DAG(s) 'seismic_etl_pipeline' retrieved from /opt/airflow/dags/seismic_etl_pipeline.py
[2025-12-13T21:15:13.342+0000] {logging_mixin.py:188} INFO - [2025-12-13T21:15:13.342+0000] {dag.py:3033} INFO - Sync 1 DAGs
[2025-12-13T21:15:13.355+0000] {logging_mixin.py:188} INFO - [2025-12-13T21:15:13.355+0000] {dag.py:3820} INFO - Setting next_dagrun for seismic_etl_pipeline to 2025-12-13T00:00:00+00:00, run_after=2025-12-14T00:00:00+00:00
[2025-12-13T21:15:13.367+0000] {processor.py:183} INFO - Processing /opt/airflow/dags/seismic_etl_pipeline.py took 0.226 seconds
[2025-12-13T21:15:43.502+0000] {processor.py:161} INFO - Started process (PID=5425) to work on /opt/airflow/dags/seismic_etl_pipeline.py
[2025-12-13T21:15:43.503+0000] {processor.py:830} INFO - Processing file /opt/airflow/dags/seismic_etl_pipeline.py for tasks to queue
[2025-12-13T21:15:43.503+0000] {logging_mixin.py:188} INFO - [2025-12-13T21:15:43.503+0000] {dagbag.py:538} INFO - Filling up the DagBag from /opt/airflow/dags/seismic_etl_pipeline.py
[2025-12-13T21:15:43.682+0000] {processor.py:840} INFO - DAG(s) 'seismic_etl_pipeline' retrieved from /opt/airflow/dags/seismic_etl_pipeline.py
[2025-12-13T21:15:43.700+0000] {logging_mixin.py:188} INFO - [2025-12-13T21:15:43.700+0000] {dag.py:3033} INFO - Sync 1 DAGs
[2025-12-13T21:15:43.713+0000] {logging_mixin.py:188} INFO - [2025-12-13T21:15:43.713+0000] {dag.py:3820} INFO - Setting next_dagrun for seismic_etl_pipeline to 2025-12-13T00:00:00+00:00, run_after=2025-12-14T00:00:00+00:00
[2025-12-13T21:15:43.725+0000] {processor.py:183} INFO - Processing /opt/airflow/dags/seismic_etl_pipeline.py took 0.225 seconds
[2025-12-13T21:16:13.869+0000] {processor.py:161} INFO - Started process (PID=5448) to work on /opt/airflow/dags/seismic_etl_pipeline.py
[2025-12-13T21:16:13.870+0000] {processor.py:830} INFO - Processing file /opt/airflow/dags/seismic_etl_pipeline.py for tasks to queue
[2025-12-13T21:16:13.870+0000] {logging_mixin.py:188} INFO - [2025-12-13T21:16:13.870+0000] {dagbag.py:538} INFO - Filling up the DagBag from /opt/airflow/dags/seismic_etl_pipeline.py
[2025-12-13T21:16:14.049+0000] {processor.py:840} INFO - DAG(s) 'seismic_etl_pipeline' retrieved from /opt/airflow/dags/seismic_etl_pipeline.py
[2025-12-13T21:16:14.068+0000] {logging_mixin.py:188} INFO - [2025-12-13T21:16:14.068+0000] {dag.py:3033} INFO - Sync 1 DAGs
[2025-12-13T21:16:14.081+0000] {logging_mixin.py:188} INFO - [2025-12-13T21:16:14.081+0000] {dag.py:3820} INFO - Setting next_dagrun for seismic_etl_pipeline to 2025-12-13T00:00:00+00:00, run_after=2025-12-14T00:00:00+00:00
[2025-12-13T21:16:14.092+0000] {processor.py:183} INFO - Processing /opt/airflow/dags/seismic_etl_pipeline.py took 0.225 seconds
[2025-12-13T21:16:44.228+0000] {processor.py:161} INFO - Started process (PID=5471) to work on /opt/airflow/dags/seismic_etl_pipeline.py
[2025-12-13T21:16:44.229+0000] {processor.py:830} INFO - Processing file /opt/airflow/dags/seismic_etl_pipeline.py for tasks to queue
[2025-12-13T21:16:44.229+0000] {logging_mixin.py:188} INFO - [2025-12-13T21:16:44.229+0000] {dagbag.py:538} INFO - Filling up the DagBag from /opt/airflow/dags/seismic_etl_pipeline.py
[2025-12-13T21:16:44.408+0000] {processor.py:840} INFO - DAG(s) 'seismic_etl_pipeline' retrieved from /opt/airflow/dags/seismic_etl_pipeline.py
[2025-12-13T21:16:44.426+0000] {logging_mixin.py:188} INFO - [2025-12-13T21:16:44.426+0000] {dag.py:3033} INFO - Sync 1 DAGs
[2025-12-13T21:16:44.440+0000] {logging_mixin.py:188} INFO - [2025-12-13T21:16:44.439+0000] {dag.py:3820} INFO - Setting next_dagrun for seismic_etl_pipeline to 2025-12-13T00:00:00+00:00, run_after=2025-12-14T00:00:00+00:00
[2025-12-13T21:16:44.451+0000] {processor.py:183} INFO - Processing /opt/airflow/dags/seismic_etl_pipeline.py took 0.225 seconds
[2025-12-13T21:17:14.589+0000] {processor.py:161} INFO - Started process (PID=5494) to work on /opt/airflow/dags/seismic_etl_pipeline.py
[2025-12-13T21:17:14.590+0000] {processor.py:830} INFO - Processing file /opt/airflow/dags/seismic_etl_pipeline.py for tasks to queue
[2025-12-13T21:17:14.590+0000] {logging_mixin.py:188} INFO - [2025-12-13T21:17:14.590+0000] {dagbag.py:538} INFO - Filling up the DagBag from /opt/airflow/dags/seismic_etl_pipeline.py
[2025-12-13T21:17:14.769+0000] {processor.py:840} INFO - DAG(s) 'seismic_etl_pipeline' retrieved from /opt/airflow/dags/seismic_etl_pipeline.py
[2025-12-13T21:17:14.788+0000] {logging_mixin.py:188} INFO - [2025-12-13T21:17:14.787+0000] {dag.py:3033} INFO - Sync 1 DAGs
[2025-12-13T21:17:14.801+0000] {logging_mixin.py:188} INFO - [2025-12-13T21:17:14.801+0000] {dag.py:3820} INFO - Setting next_dagrun for seismic_etl_pipeline to 2025-12-13T00:00:00+00:00, run_after=2025-12-14T00:00:00+00:00
[2025-12-13T21:17:14.812+0000] {processor.py:183} INFO - Processing /opt/airflow/dags/seismic_etl_pipeline.py took 0.225 seconds
[2025-12-13T21:17:44.946+0000] {processor.py:161} INFO - Started process (PID=5517) to work on /opt/airflow/dags/seismic_etl_pipeline.py
[2025-12-13T21:17:44.946+0000] {processor.py:830} INFO - Processing file /opt/airflow/dags/seismic_etl_pipeline.py for tasks to queue
[2025-12-13T21:17:44.947+0000] {logging_mixin.py:188} INFO - [2025-12-13T21:17:44.947+0000] {dagbag.py:538} INFO - Filling up the DagBag from /opt/airflow/dags/seismic_etl_pipeline.py
[2025-12-13T21:17:45.125+0000] {processor.py:840} INFO - DAG(s) 'seismic_etl_pipeline' retrieved from /opt/airflow/dags/seismic_etl_pipeline.py
[2025-12-13T21:17:45.144+0000] {logging_mixin.py:188} INFO - [2025-12-13T21:17:45.144+0000] {dag.py:3033} INFO - Sync 1 DAGs
[2025-12-13T21:17:45.157+0000] {logging_mixin.py:188} INFO - [2025-12-13T21:17:45.157+0000] {dag.py:3820} INFO - Setting next_dagrun for seismic_etl_pipeline to 2025-12-13T00:00:00+00:00, run_after=2025-12-14T00:00:00+00:00
[2025-12-13T21:17:45.169+0000] {processor.py:183} INFO - Processing /opt/airflow/dags/seismic_etl_pipeline.py took 0.226 seconds
[2025-12-13T21:18:15.302+0000] {processor.py:161} INFO - Started process (PID=5540) to work on /opt/airflow/dags/seismic_etl_pipeline.py
[2025-12-13T21:18:15.303+0000] {processor.py:830} INFO - Processing file /opt/airflow/dags/seismic_etl_pipeline.py for tasks to queue
[2025-12-13T21:18:15.303+0000] {logging_mixin.py:188} INFO - [2025-12-13T21:18:15.303+0000] {dagbag.py:538} INFO - Filling up the DagBag from /opt/airflow/dags/seismic_etl_pipeline.py
[2025-12-13T21:18:15.482+0000] {processor.py:840} INFO - DAG(s) 'seismic_etl_pipeline' retrieved from /opt/airflow/dags/seismic_etl_pipeline.py
[2025-12-13T21:18:15.501+0000] {logging_mixin.py:188} INFO - [2025-12-13T21:18:15.501+0000] {dag.py:3033} INFO - Sync 1 DAGs
[2025-12-13T21:18:15.514+0000] {logging_mixin.py:188} INFO - [2025-12-13T21:18:15.514+0000] {dag.py:3820} INFO - Setting next_dagrun for seismic_etl_pipeline to 2025-12-13T00:00:00+00:00, run_after=2025-12-14T00:00:00+00:00
[2025-12-13T21:18:15.526+0000] {processor.py:183} INFO - Processing /opt/airflow/dags/seismic_etl_pipeline.py took 0.225 seconds
[2025-12-13T21:18:45.664+0000] {processor.py:161} INFO - Started process (PID=5563) to work on /opt/airflow/dags/seismic_etl_pipeline.py
[2025-12-13T21:18:45.664+0000] {processor.py:830} INFO - Processing file /opt/airflow/dags/seismic_etl_pipeline.py for tasks to queue
[2025-12-13T21:18:45.664+0000] {logging_mixin.py:188} INFO - [2025-12-13T21:18:45.664+0000] {dagbag.py:538} INFO - Filling up the DagBag from /opt/airflow/dags/seismic_etl_pipeline.py
[2025-12-13T21:18:45.843+0000] {processor.py:840} INFO - DAG(s) 'seismic_etl_pipeline' retrieved from /opt/airflow/dags/seismic_etl_pipeline.py
[2025-12-13T21:18:45.862+0000] {logging_mixin.py:188} INFO - [2025-12-13T21:18:45.861+0000] {dag.py:3033} INFO - Sync 1 DAGs
[2025-12-13T21:18:45.875+0000] {logging_mixin.py:188} INFO - [2025-12-13T21:18:45.875+0000] {dag.py:3820} INFO - Setting next_dagrun for seismic_etl_pipeline to 2025-12-13T00:00:00+00:00, run_after=2025-12-14T00:00:00+00:00
[2025-12-13T21:18:45.886+0000] {processor.py:183} INFO - Processing /opt/airflow/dags/seismic_etl_pipeline.py took 0.225 seconds
[2025-12-13T21:19:16.025+0000] {processor.py:161} INFO - Started process (PID=5586) to work on /opt/airflow/dags/seismic_etl_pipeline.py
[2025-12-13T21:19:16.026+0000] {processor.py:830} INFO - Processing file /opt/airflow/dags/seismic_etl_pipeline.py for tasks to queue
[2025-12-13T21:19:16.026+0000] {logging_mixin.py:188} INFO - [2025-12-13T21:19:16.026+0000] {dagbag.py:538} INFO - Filling up the DagBag from /opt/airflow/dags/seismic_etl_pipeline.py
[2025-12-13T21:19:16.204+0000] {processor.py:840} INFO - DAG(s) 'seismic_etl_pipeline' retrieved from /opt/airflow/dags/seismic_etl_pipeline.py
[2025-12-13T21:19:16.224+0000] {logging_mixin.py:188} INFO - [2025-12-13T21:19:16.223+0000] {dag.py:3033} INFO - Sync 1 DAGs
[2025-12-13T21:19:16.237+0000] {logging_mixin.py:188} INFO - [2025-12-13T21:19:16.237+0000] {dag.py:3820} INFO - Setting next_dagrun for seismic_etl_pipeline to 2025-12-13T00:00:00+00:00, run_after=2025-12-14T00:00:00+00:00
[2025-12-13T21:19:16.248+0000] {processor.py:183} INFO - Processing /opt/airflow/dags/seismic_etl_pipeline.py took 0.225 seconds
[2025-12-13T21:19:46.386+0000] {processor.py:161} INFO - Started process (PID=5609) to work on /opt/airflow/dags/seismic_etl_pipeline.py
[2025-12-13T21:19:46.386+0000] {processor.py:830} INFO - Processing file /opt/airflow/dags/seismic_etl_pipeline.py for tasks to queue
[2025-12-13T21:19:46.387+0000] {logging_mixin.py:188} INFO - [2025-12-13T21:19:46.387+0000] {dagbag.py:538} INFO - Filling up the DagBag from /opt/airflow/dags/seismic_etl_pipeline.py
[2025-12-13T21:19:46.565+0000] {processor.py:840} INFO - DAG(s) 'seismic_etl_pipeline' retrieved from /opt/airflow/dags/seismic_etl_pipeline.py
[2025-12-13T21:19:46.584+0000] {logging_mixin.py:188} INFO - [2025-12-13T21:19:46.583+0000] {dag.py:3033} INFO - Sync 1 DAGs
[2025-12-13T21:19:46.597+0000] {logging_mixin.py:188} INFO - [2025-12-13T21:19:46.597+0000] {dag.py:3820} INFO - Setting next_dagrun for seismic_etl_pipeline to 2025-12-13T00:00:00+00:00, run_after=2025-12-14T00:00:00+00:00
[2025-12-13T21:19:46.609+0000] {processor.py:183} INFO - Processing /opt/airflow/dags/seismic_etl_pipeline.py took 0.225 seconds
[2025-12-13T21:20:16.753+0000] {processor.py:161} INFO - Started process (PID=5632) to work on /opt/airflow/dags/seismic_etl_pipeline.py
[2025-12-13T21:20:16.753+0000] {processor.py:830} INFO - Processing file /opt/airflow/dags/seismic_etl_pipeline.py for tasks to queue
[2025-12-13T21:20:16.754+0000] {logging_mixin.py:188} INFO - [2025-12-13T21:20:16.754+0000] {dagbag.py:538} INFO - Filling up the DagBag from /opt/airflow/dags/seismic_etl_pipeline.py
[2025-12-13T21:20:16.932+0000] {processor.py:840} INFO - DAG(s) 'seismic_etl_pipeline' retrieved from /opt/airflow/dags/seismic_etl_pipeline.py
[2025-12-13T21:20:16.952+0000] {logging_mixin.py:188} INFO - [2025-12-13T21:20:16.951+0000] {dag.py:3033} INFO - Sync 1 DAGs
[2025-12-13T21:20:16.965+0000] {logging_mixin.py:188} INFO - [2025-12-13T21:20:16.965+0000] {dag.py:3820} INFO - Setting next_dagrun for seismic_etl_pipeline to 2025-12-13T00:00:00+00:00, run_after=2025-12-14T00:00:00+00:00
[2025-12-13T21:20:16.976+0000] {processor.py:183} INFO - Processing /opt/airflow/dags/seismic_etl_pipeline.py took 0.225 seconds
[2025-12-13T21:20:47.132+0000] {processor.py:161} INFO - Started process (PID=5655) to work on /opt/airflow/dags/seismic_etl_pipeline.py
[2025-12-13T21:20:47.133+0000] {processor.py:830} INFO - Processing file /opt/airflow/dags/seismic_etl_pipeline.py for tasks to queue
[2025-12-13T21:20:47.133+0000] {logging_mixin.py:188} INFO - [2025-12-13T21:20:47.133+0000] {dagbag.py:538} INFO - Filling up the DagBag from /opt/airflow/dags/seismic_etl_pipeline.py
[2025-12-13T21:20:47.313+0000] {processor.py:840} INFO - DAG(s) 'seismic_etl_pipeline' retrieved from /opt/airflow/dags/seismic_etl_pipeline.py
[2025-12-13T21:20:47.332+0000] {logging_mixin.py:188} INFO - [2025-12-13T21:20:47.331+0000] {dag.py:3033} INFO - Sync 1 DAGs
[2025-12-13T21:20:47.345+0000] {logging_mixin.py:188} INFO - [2025-12-13T21:20:47.345+0000] {dag.py:3820} INFO - Setting next_dagrun for seismic_etl_pipeline to 2025-12-13T00:00:00+00:00, run_after=2025-12-14T00:00:00+00:00
[2025-12-13T21:20:47.357+0000] {processor.py:183} INFO - Processing /opt/airflow/dags/seismic_etl_pipeline.py took 0.227 seconds
[2025-12-13T21:21:17.492+0000] {processor.py:161} INFO - Started process (PID=5678) to work on /opt/airflow/dags/seismic_etl_pipeline.py
[2025-12-13T21:21:17.493+0000] {processor.py:830} INFO - Processing file /opt/airflow/dags/seismic_etl_pipeline.py for tasks to queue
[2025-12-13T21:21:17.493+0000] {logging_mixin.py:188} INFO - [2025-12-13T21:21:17.493+0000] {dagbag.py:538} INFO - Filling up the DagBag from /opt/airflow/dags/seismic_etl_pipeline.py
[2025-12-13T21:21:17.671+0000] {processor.py:840} INFO - DAG(s) 'seismic_etl_pipeline' retrieved from /opt/airflow/dags/seismic_etl_pipeline.py
[2025-12-13T21:21:17.691+0000] {logging_mixin.py:188} INFO - [2025-12-13T21:21:17.691+0000] {dag.py:3033} INFO - Sync 1 DAGs
[2025-12-13T21:21:17.704+0000] {logging_mixin.py:188} INFO - [2025-12-13T21:21:17.704+0000] {dag.py:3820} INFO - Setting next_dagrun for seismic_etl_pipeline to 2025-12-13T00:00:00+00:00, run_after=2025-12-14T00:00:00+00:00
[2025-12-13T21:21:17.715+0000] {processor.py:183} INFO - Processing /opt/airflow/dags/seismic_etl_pipeline.py took 0.225 seconds
[2025-12-13T21:21:47.853+0000] {processor.py:161} INFO - Started process (PID=5701) to work on /opt/airflow/dags/seismic_etl_pipeline.py
[2025-12-13T21:21:47.853+0000] {processor.py:830} INFO - Processing file /opt/airflow/dags/seismic_etl_pipeline.py for tasks to queue
[2025-12-13T21:21:47.854+0000] {logging_mixin.py:188} INFO - [2025-12-13T21:21:47.854+0000] {dagbag.py:538} INFO - Filling up the DagBag from /opt/airflow/dags/seismic_etl_pipeline.py
[2025-12-13T21:21:48.033+0000] {processor.py:840} INFO - DAG(s) 'seismic_etl_pipeline' retrieved from /opt/airflow/dags/seismic_etl_pipeline.py
[2025-12-13T21:21:48.051+0000] {logging_mixin.py:188} INFO - [2025-12-13T21:21:48.051+0000] {dag.py:3033} INFO - Sync 1 DAGs
[2025-12-13T21:21:48.064+0000] {logging_mixin.py:188} INFO - [2025-12-13T21:21:48.064+0000] {dag.py:3820} INFO - Setting next_dagrun for seismic_etl_pipeline to 2025-12-13T00:00:00+00:00, run_after=2025-12-14T00:00:00+00:00
[2025-12-13T21:21:48.077+0000] {processor.py:183} INFO - Processing /opt/airflow/dags/seismic_etl_pipeline.py took 0.226 seconds
[2025-12-13T21:22:18.214+0000] {processor.py:161} INFO - Started process (PID=5724) to work on /opt/airflow/dags/seismic_etl_pipeline.py
[2025-12-13T21:22:18.214+0000] {processor.py:830} INFO - Processing file /opt/airflow/dags/seismic_etl_pipeline.py for tasks to queue
[2025-12-13T21:22:18.215+0000] {logging_mixin.py:188} INFO - [2025-12-13T21:22:18.214+0000] {dagbag.py:538} INFO - Filling up the DagBag from /opt/airflow/dags/seismic_etl_pipeline.py
[2025-12-13T21:22:18.393+0000] {processor.py:840} INFO - DAG(s) 'seismic_etl_pipeline' retrieved from /opt/airflow/dags/seismic_etl_pipeline.py
[2025-12-13T21:22:18.413+0000] {logging_mixin.py:188} INFO - [2025-12-13T21:22:18.413+0000] {dag.py:3033} INFO - Sync 1 DAGs
[2025-12-13T21:22:18.427+0000] {logging_mixin.py:188} INFO - [2025-12-13T21:22:18.426+0000] {dag.py:3820} INFO - Setting next_dagrun for seismic_etl_pipeline to 2025-12-13T00:00:00+00:00, run_after=2025-12-14T00:00:00+00:00
[2025-12-13T21:22:18.437+0000] {processor.py:183} INFO - Processing /opt/airflow/dags/seismic_etl_pipeline.py took 0.226 seconds
[2025-12-13T21:22:48.576+0000] {processor.py:161} INFO - Started process (PID=5747) to work on /opt/airflow/dags/seismic_etl_pipeline.py
[2025-12-13T21:22:48.577+0000] {processor.py:830} INFO - Processing file /opt/airflow/dags/seismic_etl_pipeline.py for tasks to queue
[2025-12-13T21:22:48.577+0000] {logging_mixin.py:188} INFO - [2025-12-13T21:22:48.577+0000] {dagbag.py:538} INFO - Filling up the DagBag from /opt/airflow/dags/seismic_etl_pipeline.py
[2025-12-13T21:22:48.755+0000] {processor.py:840} INFO - DAG(s) 'seismic_etl_pipeline' retrieved from /opt/airflow/dags/seismic_etl_pipeline.py
[2025-12-13T21:22:48.774+0000] {logging_mixin.py:188} INFO - [2025-12-13T21:22:48.773+0000] {dag.py:3033} INFO - Sync 1 DAGs
[2025-12-13T21:22:48.787+0000] {logging_mixin.py:188} INFO - [2025-12-13T21:22:48.786+0000] {dag.py:3820} INFO - Setting next_dagrun for seismic_etl_pipeline to 2025-12-13T00:00:00+00:00, run_after=2025-12-14T00:00:00+00:00
[2025-12-13T21:22:48.798+0000] {processor.py:183} INFO - Processing /opt/airflow/dags/seismic_etl_pipeline.py took 0.225 seconds
[2025-12-13T21:23:18.940+0000] {processor.py:161} INFO - Started process (PID=5770) to work on /opt/airflow/dags/seismic_etl_pipeline.py
[2025-12-13T21:23:18.940+0000] {processor.py:830} INFO - Processing file /opt/airflow/dags/seismic_etl_pipeline.py for tasks to queue
[2025-12-13T21:23:18.940+0000] {logging_mixin.py:188} INFO - [2025-12-13T21:23:18.940+0000] {dagbag.py:538} INFO - Filling up the DagBag from /opt/airflow/dags/seismic_etl_pipeline.py
[2025-12-13T21:23:19.119+0000] {processor.py:840} INFO - DAG(s) 'seismic_etl_pipeline' retrieved from /opt/airflow/dags/seismic_etl_pipeline.py
[2025-12-13T21:23:19.139+0000] {logging_mixin.py:188} INFO - [2025-12-13T21:23:19.138+0000] {dag.py:3033} INFO - Sync 1 DAGs
[2025-12-13T21:23:19.152+0000] {logging_mixin.py:188} INFO - [2025-12-13T21:23:19.152+0000] {dag.py:3820} INFO - Setting next_dagrun for seismic_etl_pipeline to 2025-12-13T00:00:00+00:00, run_after=2025-12-14T00:00:00+00:00
[2025-12-13T21:23:19.163+0000] {processor.py:183} INFO - Processing /opt/airflow/dags/seismic_etl_pipeline.py took 0.226 seconds
[2025-12-13T21:23:49.298+0000] {processor.py:161} INFO - Started process (PID=5793) to work on /opt/airflow/dags/seismic_etl_pipeline.py
[2025-12-13T21:23:49.299+0000] {processor.py:830} INFO - Processing file /opt/airflow/dags/seismic_etl_pipeline.py for tasks to queue
[2025-12-13T21:23:49.299+0000] {logging_mixin.py:188} INFO - [2025-12-13T21:23:49.299+0000] {dagbag.py:538} INFO - Filling up the DagBag from /opt/airflow/dags/seismic_etl_pipeline.py
[2025-12-13T21:23:49.478+0000] {processor.py:840} INFO - DAG(s) 'seismic_etl_pipeline' retrieved from /opt/airflow/dags/seismic_etl_pipeline.py
[2025-12-13T21:23:49.497+0000] {logging_mixin.py:188} INFO - [2025-12-13T21:23:49.497+0000] {dag.py:3033} INFO - Sync 1 DAGs
[2025-12-13T21:23:49.510+0000] {logging_mixin.py:188} INFO - [2025-12-13T21:23:49.510+0000] {dag.py:3820} INFO - Setting next_dagrun for seismic_etl_pipeline to 2025-12-13T00:00:00+00:00, run_after=2025-12-14T00:00:00+00:00
[2025-12-13T21:23:49.522+0000] {processor.py:183} INFO - Processing /opt/airflow/dags/seismic_etl_pipeline.py took 0.226 seconds
[2025-12-13T21:24:19.660+0000] {processor.py:161} INFO - Started process (PID=5816) to work on /opt/airflow/dags/seismic_etl_pipeline.py
[2025-12-13T21:24:19.661+0000] {processor.py:830} INFO - Processing file /opt/airflow/dags/seismic_etl_pipeline.py for tasks to queue
[2025-12-13T21:24:19.661+0000] {logging_mixin.py:188} INFO - [2025-12-13T21:24:19.661+0000] {dagbag.py:538} INFO - Filling up the DagBag from /opt/airflow/dags/seismic_etl_pipeline.py
[2025-12-13T21:24:19.840+0000] {processor.py:840} INFO - DAG(s) 'seismic_etl_pipeline' retrieved from /opt/airflow/dags/seismic_etl_pipeline.py
[2025-12-13T21:24:19.859+0000] {logging_mixin.py:188} INFO - [2025-12-13T21:24:19.859+0000] {dag.py:3033} INFO - Sync 1 DAGs
[2025-12-13T21:24:19.872+0000] {logging_mixin.py:188} INFO - [2025-12-13T21:24:19.872+0000] {dag.py:3820} INFO - Setting next_dagrun for seismic_etl_pipeline to 2025-12-13T00:00:00+00:00, run_after=2025-12-14T00:00:00+00:00
[2025-12-13T21:24:19.885+0000] {processor.py:183} INFO - Processing /opt/airflow/dags/seismic_etl_pipeline.py took 0.227 seconds
[2025-12-13T21:24:50.017+0000] {processor.py:161} INFO - Started process (PID=5839) to work on /opt/airflow/dags/seismic_etl_pipeline.py
[2025-12-13T21:24:50.018+0000] {processor.py:830} INFO - Processing file /opt/airflow/dags/seismic_etl_pipeline.py for tasks to queue
[2025-12-13T21:24:50.018+0000] {logging_mixin.py:188} INFO - [2025-12-13T21:24:50.018+0000] {dagbag.py:538} INFO - Filling up the DagBag from /opt/airflow/dags/seismic_etl_pipeline.py
[2025-12-13T21:24:50.197+0000] {processor.py:840} INFO - DAG(s) 'seismic_etl_pipeline' retrieved from /opt/airflow/dags/seismic_etl_pipeline.py
[2025-12-13T21:24:50.216+0000] {logging_mixin.py:188} INFO - [2025-12-13T21:24:50.215+0000] {dag.py:3033} INFO - Sync 1 DAGs
[2025-12-13T21:24:50.229+0000] {logging_mixin.py:188} INFO - [2025-12-13T21:24:50.229+0000] {dag.py:3820} INFO - Setting next_dagrun for seismic_etl_pipeline to 2025-12-13T00:00:00+00:00, run_after=2025-12-14T00:00:00+00:00
[2025-12-13T21:24:50.241+0000] {processor.py:183} INFO - Processing /opt/airflow/dags/seismic_etl_pipeline.py took 0.226 seconds
[2025-12-13T21:25:20.372+0000] {processor.py:161} INFO - Started process (PID=5862) to work on /opt/airflow/dags/seismic_etl_pipeline.py
[2025-12-13T21:25:20.372+0000] {processor.py:830} INFO - Processing file /opt/airflow/dags/seismic_etl_pipeline.py for tasks to queue
[2025-12-13T21:25:20.372+0000] {logging_mixin.py:188} INFO - [2025-12-13T21:25:20.372+0000] {dagbag.py:538} INFO - Filling up the DagBag from /opt/airflow/dags/seismic_etl_pipeline.py
[2025-12-13T21:25:20.552+0000] {processor.py:840} INFO - DAG(s) 'seismic_etl_pipeline' retrieved from /opt/airflow/dags/seismic_etl_pipeline.py
[2025-12-13T21:25:20.572+0000] {logging_mixin.py:188} INFO - [2025-12-13T21:25:20.571+0000] {dag.py:3033} INFO - Sync 1 DAGs
[2025-12-13T21:25:20.585+0000] {logging_mixin.py:188} INFO - [2025-12-13T21:25:20.585+0000] {dag.py:3820} INFO - Setting next_dagrun for seismic_etl_pipeline to 2025-12-13T00:00:00+00:00, run_after=2025-12-14T00:00:00+00:00
[2025-12-13T21:25:20.596+0000] {processor.py:183} INFO - Processing /opt/airflow/dags/seismic_etl_pipeline.py took 0.227 seconds
[2025-12-13T21:25:50.734+0000] {processor.py:161} INFO - Started process (PID=5885) to work on /opt/airflow/dags/seismic_etl_pipeline.py
[2025-12-13T21:25:50.735+0000] {processor.py:830} INFO - Processing file /opt/airflow/dags/seismic_etl_pipeline.py for tasks to queue
[2025-12-13T21:25:50.735+0000] {logging_mixin.py:188} INFO - [2025-12-13T21:25:50.735+0000] {dagbag.py:538} INFO - Filling up the DagBag from /opt/airflow/dags/seismic_etl_pipeline.py
[2025-12-13T21:25:50.914+0000] {processor.py:840} INFO - DAG(s) 'seismic_etl_pipeline' retrieved from /opt/airflow/dags/seismic_etl_pipeline.py
[2025-12-13T21:25:50.933+0000] {logging_mixin.py:188} INFO - [2025-12-13T21:25:50.933+0000] {dag.py:3033} INFO - Sync 1 DAGs
[2025-12-13T21:25:50.947+0000] {logging_mixin.py:188} INFO - [2025-12-13T21:25:50.946+0000] {dag.py:3820} INFO - Setting next_dagrun for seismic_etl_pipeline to 2025-12-13T00:00:00+00:00, run_after=2025-12-14T00:00:00+00:00
[2025-12-13T21:25:50.958+0000] {processor.py:183} INFO - Processing /opt/airflow/dags/seismic_etl_pipeline.py took 0.227 seconds
[2025-12-13T21:26:21.093+0000] {processor.py:161} INFO - Started process (PID=5908) to work on /opt/airflow/dags/seismic_etl_pipeline.py
[2025-12-13T21:26:21.093+0000] {processor.py:830} INFO - Processing file /opt/airflow/dags/seismic_etl_pipeline.py for tasks to queue
[2025-12-13T21:26:21.094+0000] {logging_mixin.py:188} INFO - [2025-12-13T21:26:21.094+0000] {dagbag.py:538} INFO - Filling up the DagBag from /opt/airflow/dags/seismic_etl_pipeline.py
[2025-12-13T21:26:21.272+0000] {processor.py:840} INFO - DAG(s) 'seismic_etl_pipeline' retrieved from /opt/airflow/dags/seismic_etl_pipeline.py
[2025-12-13T21:26:21.292+0000] {logging_mixin.py:188} INFO - [2025-12-13T21:26:21.292+0000] {dag.py:3033} INFO - Sync 1 DAGs
[2025-12-13T21:26:21.306+0000] {logging_mixin.py:188} INFO - [2025-12-13T21:26:21.306+0000] {dag.py:3820} INFO - Setting next_dagrun for seismic_etl_pipeline to 2025-12-13T00:00:00+00:00, run_after=2025-12-14T00:00:00+00:00
[2025-12-13T21:26:21.317+0000] {processor.py:183} INFO - Processing /opt/airflow/dags/seismic_etl_pipeline.py took 0.227 seconds
[2025-12-13T21:26:51.449+0000] {processor.py:161} INFO - Started process (PID=5931) to work on /opt/airflow/dags/seismic_etl_pipeline.py
[2025-12-13T21:26:51.450+0000] {processor.py:830} INFO - Processing file /opt/airflow/dags/seismic_etl_pipeline.py for tasks to queue
[2025-12-13T21:26:51.450+0000] {logging_mixin.py:188} INFO - [2025-12-13T21:26:51.450+0000] {dagbag.py:538} INFO - Filling up the DagBag from /opt/airflow/dags/seismic_etl_pipeline.py
[2025-12-13T21:26:51.630+0000] {processor.py:840} INFO - DAG(s) 'seismic_etl_pipeline' retrieved from /opt/airflow/dags/seismic_etl_pipeline.py
[2025-12-13T21:26:51.648+0000] {logging_mixin.py:188} INFO - [2025-12-13T21:26:51.648+0000] {dag.py:3033} INFO - Sync 1 DAGs
[2025-12-13T21:26:51.661+0000] {logging_mixin.py:188} INFO - [2025-12-13T21:26:51.661+0000] {dag.py:3820} INFO - Setting next_dagrun for seismic_etl_pipeline to 2025-12-13T00:00:00+00:00, run_after=2025-12-14T00:00:00+00:00
[2025-12-13T21:26:51.673+0000] {processor.py:183} INFO - Processing /opt/airflow/dags/seismic_etl_pipeline.py took 0.226 seconds
[2025-12-13T21:27:21.808+0000] {processor.py:161} INFO - Started process (PID=5954) to work on /opt/airflow/dags/seismic_etl_pipeline.py
[2025-12-13T21:27:21.808+0000] {processor.py:830} INFO - Processing file /opt/airflow/dags/seismic_etl_pipeline.py for tasks to queue
[2025-12-13T21:27:21.809+0000] {logging_mixin.py:188} INFO - [2025-12-13T21:27:21.809+0000] {dagbag.py:538} INFO - Filling up the DagBag from /opt/airflow/dags/seismic_etl_pipeline.py
[2025-12-13T21:27:21.988+0000] {processor.py:840} INFO - DAG(s) 'seismic_etl_pipeline' retrieved from /opt/airflow/dags/seismic_etl_pipeline.py
[2025-12-13T21:27:22.007+0000] {logging_mixin.py:188} INFO - [2025-12-13T21:27:22.007+0000] {dag.py:3033} INFO - Sync 1 DAGs
[2025-12-13T21:27:22.021+0000] {logging_mixin.py:188} INFO - [2025-12-13T21:27:22.020+0000] {dag.py:3820} INFO - Setting next_dagrun for seismic_etl_pipeline to 2025-12-13T00:00:00+00:00, run_after=2025-12-14T00:00:00+00:00
[2025-12-13T21:27:22.031+0000] {processor.py:183} INFO - Processing /opt/airflow/dags/seismic_etl_pipeline.py took 0.226 seconds
[2025-12-13T21:27:52.160+0000] {processor.py:161} INFO - Started process (PID=5977) to work on /opt/airflow/dags/seismic_etl_pipeline.py
[2025-12-13T21:27:52.161+0000] {processor.py:830} INFO - Processing file /opt/airflow/dags/seismic_etl_pipeline.py for tasks to queue
[2025-12-13T21:27:52.161+0000] {logging_mixin.py:188} INFO - [2025-12-13T21:27:52.161+0000] {dagbag.py:538} INFO - Filling up the DagBag from /opt/airflow/dags/seismic_etl_pipeline.py
[2025-12-13T21:27:52.340+0000] {processor.py:840} INFO - DAG(s) 'seismic_etl_pipeline' retrieved from /opt/airflow/dags/seismic_etl_pipeline.py
[2025-12-13T21:27:52.359+0000] {logging_mixin.py:188} INFO - [2025-12-13T21:27:52.358+0000] {dag.py:3033} INFO - Sync 1 DAGs
[2025-12-13T21:27:52.372+0000] {logging_mixin.py:188} INFO - [2025-12-13T21:27:52.372+0000] {dag.py:3820} INFO - Setting next_dagrun for seismic_etl_pipeline to 2025-12-13T00:00:00+00:00, run_after=2025-12-14T00:00:00+00:00
[2025-12-13T21:27:52.384+0000] {processor.py:183} INFO - Processing /opt/airflow/dags/seismic_etl_pipeline.py took 0.226 seconds
[2025-12-13T21:28:22.519+0000] {processor.py:161} INFO - Started process (PID=6000) to work on /opt/airflow/dags/seismic_etl_pipeline.py
[2025-12-13T21:28:22.519+0000] {processor.py:830} INFO - Processing file /opt/airflow/dags/seismic_etl_pipeline.py for tasks to queue
[2025-12-13T21:28:22.519+0000] {logging_mixin.py:188} INFO - [2025-12-13T21:28:22.519+0000] {dagbag.py:538} INFO - Filling up the DagBag from /opt/airflow/dags/seismic_etl_pipeline.py
[2025-12-13T21:28:22.698+0000] {processor.py:840} INFO - DAG(s) 'seismic_etl_pipeline' retrieved from /opt/airflow/dags/seismic_etl_pipeline.py
[2025-12-13T21:28:22.717+0000] {logging_mixin.py:188} INFO - [2025-12-13T21:28:22.717+0000] {dag.py:3033} INFO - Sync 1 DAGs
[2025-12-13T21:28:22.730+0000] {logging_mixin.py:188} INFO - [2025-12-13T21:28:22.730+0000] {dag.py:3820} INFO - Setting next_dagrun for seismic_etl_pipeline to 2025-12-13T00:00:00+00:00, run_after=2025-12-14T00:00:00+00:00
[2025-12-13T21:28:22.741+0000] {processor.py:183} INFO - Processing /opt/airflow/dags/seismic_etl_pipeline.py took 0.225 seconds
[2025-12-13T21:28:52.876+0000] {processor.py:161} INFO - Started process (PID=6023) to work on /opt/airflow/dags/seismic_etl_pipeline.py
[2025-12-13T21:28:52.877+0000] {processor.py:830} INFO - Processing file /opt/airflow/dags/seismic_etl_pipeline.py for tasks to queue
[2025-12-13T21:28:52.877+0000] {logging_mixin.py:188} INFO - [2025-12-13T21:28:52.877+0000] {dagbag.py:538} INFO - Filling up the DagBag from /opt/airflow/dags/seismic_etl_pipeline.py
[2025-12-13T21:28:53.056+0000] {processor.py:840} INFO - DAG(s) 'seismic_etl_pipeline' retrieved from /opt/airflow/dags/seismic_etl_pipeline.py
[2025-12-13T21:28:53.075+0000] {logging_mixin.py:188} INFO - [2025-12-13T21:28:53.075+0000] {dag.py:3033} INFO - Sync 1 DAGs
[2025-12-13T21:28:53.088+0000] {logging_mixin.py:188} INFO - [2025-12-13T21:28:53.088+0000] {dag.py:3820} INFO - Setting next_dagrun for seismic_etl_pipeline to 2025-12-13T00:00:00+00:00, run_after=2025-12-14T00:00:00+00:00
[2025-12-13T21:28:53.100+0000] {processor.py:183} INFO - Processing /opt/airflow/dags/seismic_etl_pipeline.py took 0.226 seconds
[2025-12-13T21:29:23.234+0000] {processor.py:161} INFO - Started process (PID=6046) to work on /opt/airflow/dags/seismic_etl_pipeline.py
[2025-12-13T21:29:23.235+0000] {processor.py:830} INFO - Processing file /opt/airflow/dags/seismic_etl_pipeline.py for tasks to queue
[2025-12-13T21:29:23.235+0000] {logging_mixin.py:188} INFO - [2025-12-13T21:29:23.235+0000] {dagbag.py:538} INFO - Filling up the DagBag from /opt/airflow/dags/seismic_etl_pipeline.py
[2025-12-13T21:29:23.414+0000] {processor.py:840} INFO - DAG(s) 'seismic_etl_pipeline' retrieved from /opt/airflow/dags/seismic_etl_pipeline.py
[2025-12-13T21:29:23.434+0000] {logging_mixin.py:188} INFO - [2025-12-13T21:29:23.433+0000] {dag.py:3033} INFO - Sync 1 DAGs
[2025-12-13T21:29:23.447+0000] {logging_mixin.py:188} INFO - [2025-12-13T21:29:23.447+0000] {dag.py:3820} INFO - Setting next_dagrun for seismic_etl_pipeline to 2025-12-13T00:00:00+00:00, run_after=2025-12-14T00:00:00+00:00
[2025-12-13T21:29:23.458+0000] {processor.py:183} INFO - Processing /opt/airflow/dags/seismic_etl_pipeline.py took 0.226 seconds
[2025-12-13T21:29:53.594+0000] {processor.py:161} INFO - Started process (PID=6069) to work on /opt/airflow/dags/seismic_etl_pipeline.py
[2025-12-13T21:29:53.595+0000] {processor.py:830} INFO - Processing file /opt/airflow/dags/seismic_etl_pipeline.py for tasks to queue
[2025-12-13T21:29:53.595+0000] {logging_mixin.py:188} INFO - [2025-12-13T21:29:53.595+0000] {dagbag.py:538} INFO - Filling up the DagBag from /opt/airflow/dags/seismic_etl_pipeline.py
[2025-12-13T21:29:53.775+0000] {processor.py:840} INFO - DAG(s) 'seismic_etl_pipeline' retrieved from /opt/airflow/dags/seismic_etl_pipeline.py
[2025-12-13T21:29:53.793+0000] {logging_mixin.py:188} INFO - [2025-12-13T21:29:53.793+0000] {dag.py:3033} INFO - Sync 1 DAGs
[2025-12-13T21:29:53.807+0000] {logging_mixin.py:188} INFO - [2025-12-13T21:29:53.806+0000] {dag.py:3820} INFO - Setting next_dagrun for seismic_etl_pipeline to 2025-12-13T00:00:00+00:00, run_after=2025-12-14T00:00:00+00:00
[2025-12-13T21:29:53.818+0000] {processor.py:183} INFO - Processing /opt/airflow/dags/seismic_etl_pipeline.py took 0.227 seconds
[2025-12-13T21:30:23.950+0000] {processor.py:161} INFO - Started process (PID=6092) to work on /opt/airflow/dags/seismic_etl_pipeline.py
[2025-12-13T21:30:23.950+0000] {processor.py:830} INFO - Processing file /opt/airflow/dags/seismic_etl_pipeline.py for tasks to queue
[2025-12-13T21:30:23.951+0000] {logging_mixin.py:188} INFO - [2025-12-13T21:30:23.950+0000] {dagbag.py:538} INFO - Filling up the DagBag from /opt/airflow/dags/seismic_etl_pipeline.py
[2025-12-13T21:30:24.130+0000] {processor.py:840} INFO - DAG(s) 'seismic_etl_pipeline' retrieved from /opt/airflow/dags/seismic_etl_pipeline.py
[2025-12-13T21:30:24.149+0000] {logging_mixin.py:188} INFO - [2025-12-13T21:30:24.149+0000] {dag.py:3033} INFO - Sync 1 DAGs
[2025-12-13T21:30:24.163+0000] {logging_mixin.py:188} INFO - [2025-12-13T21:30:24.163+0000] {dag.py:3820} INFO - Setting next_dagrun for seismic_etl_pipeline to 2025-12-13T00:00:00+00:00, run_after=2025-12-14T00:00:00+00:00
[2025-12-13T21:30:24.174+0000] {processor.py:183} INFO - Processing /opt/airflow/dags/seismic_etl_pipeline.py took 0.227 seconds
[2025-12-13T21:30:54.311+0000] {processor.py:161} INFO - Started process (PID=6115) to work on /opt/airflow/dags/seismic_etl_pipeline.py
[2025-12-13T21:30:54.312+0000] {processor.py:830} INFO - Processing file /opt/airflow/dags/seismic_etl_pipeline.py for tasks to queue
[2025-12-13T21:30:54.313+0000] {logging_mixin.py:188} INFO - [2025-12-13T21:30:54.312+0000] {dagbag.py:538} INFO - Filling up the DagBag from /opt/airflow/dags/seismic_etl_pipeline.py
[2025-12-13T21:30:54.492+0000] {processor.py:840} INFO - DAG(s) 'seismic_etl_pipeline' retrieved from /opt/airflow/dags/seismic_etl_pipeline.py
[2025-12-13T21:30:54.511+0000] {logging_mixin.py:188} INFO - [2025-12-13T21:30:54.510+0000] {dag.py:3033} INFO - Sync 1 DAGs
[2025-12-13T21:30:54.524+0000] {logging_mixin.py:188} INFO - [2025-12-13T21:30:54.524+0000] {dag.py:3820} INFO - Setting next_dagrun for seismic_etl_pipeline to 2025-12-13T00:00:00+00:00, run_after=2025-12-14T00:00:00+00:00
[2025-12-13T21:30:54.535+0000] {processor.py:183} INFO - Processing /opt/airflow/dags/seismic_etl_pipeline.py took 0.226 seconds
[2025-12-13T21:31:24.672+0000] {processor.py:161} INFO - Started process (PID=6138) to work on /opt/airflow/dags/seismic_etl_pipeline.py
[2025-12-13T21:31:24.673+0000] {processor.py:830} INFO - Processing file /opt/airflow/dags/seismic_etl_pipeline.py for tasks to queue
[2025-12-13T21:31:24.673+0000] {logging_mixin.py:188} INFO - [2025-12-13T21:31:24.673+0000] {dagbag.py:538} INFO - Filling up the DagBag from /opt/airflow/dags/seismic_etl_pipeline.py
[2025-12-13T21:31:24.851+0000] {processor.py:840} INFO - DAG(s) 'seismic_etl_pipeline' retrieved from /opt/airflow/dags/seismic_etl_pipeline.py
[2025-12-13T21:31:24.871+0000] {logging_mixin.py:188} INFO - [2025-12-13T21:31:24.870+0000] {dag.py:3033} INFO - Sync 1 DAGs
[2025-12-13T21:31:24.884+0000] {logging_mixin.py:188} INFO - [2025-12-13T21:31:24.884+0000] {dag.py:3820} INFO - Setting next_dagrun for seismic_etl_pipeline to 2025-12-13T00:00:00+00:00, run_after=2025-12-14T00:00:00+00:00
[2025-12-13T21:31:24.895+0000] {processor.py:183} INFO - Processing /opt/airflow/dags/seismic_etl_pipeline.py took 0.225 seconds
[2025-12-13T21:31:55.029+0000] {processor.py:161} INFO - Started process (PID=6161) to work on /opt/airflow/dags/seismic_etl_pipeline.py
[2025-12-13T21:31:55.029+0000] {processor.py:830} INFO - Processing file /opt/airflow/dags/seismic_etl_pipeline.py for tasks to queue
[2025-12-13T21:31:55.030+0000] {logging_mixin.py:188} INFO - [2025-12-13T21:31:55.030+0000] {dagbag.py:538} INFO - Filling up the DagBag from /opt/airflow/dags/seismic_etl_pipeline.py
[2025-12-13T21:31:55.210+0000] {processor.py:840} INFO - DAG(s) 'seismic_etl_pipeline' retrieved from /opt/airflow/dags/seismic_etl_pipeline.py
[2025-12-13T21:31:55.229+0000] {logging_mixin.py:188} INFO - [2025-12-13T21:31:55.228+0000] {dag.py:3033} INFO - Sync 1 DAGs
[2025-12-13T21:31:55.242+0000] {logging_mixin.py:188} INFO - [2025-12-13T21:31:55.242+0000] {dag.py:3820} INFO - Setting next_dagrun for seismic_etl_pipeline to 2025-12-13T00:00:00+00:00, run_after=2025-12-14T00:00:00+00:00
[2025-12-13T21:31:55.254+0000] {processor.py:183} INFO - Processing /opt/airflow/dags/seismic_etl_pipeline.py took 0.228 seconds
[2025-12-13T21:32:25.392+0000] {processor.py:161} INFO - Started process (PID=6184) to work on /opt/airflow/dags/seismic_etl_pipeline.py
[2025-12-13T21:32:25.393+0000] {processor.py:830} INFO - Processing file /opt/airflow/dags/seismic_etl_pipeline.py for tasks to queue
[2025-12-13T21:32:25.393+0000] {logging_mixin.py:188} INFO - [2025-12-13T21:32:25.393+0000] {dagbag.py:538} INFO - Filling up the DagBag from /opt/airflow/dags/seismic_etl_pipeline.py
[2025-12-13T21:32:25.573+0000] {processor.py:840} INFO - DAG(s) 'seismic_etl_pipeline' retrieved from /opt/airflow/dags/seismic_etl_pipeline.py
[2025-12-13T21:32:25.591+0000] {logging_mixin.py:188} INFO - [2025-12-13T21:32:25.591+0000] {dag.py:3033} INFO - Sync 1 DAGs
[2025-12-13T21:32:25.604+0000] {logging_mixin.py:188} INFO - [2025-12-13T21:32:25.604+0000] {dag.py:3820} INFO - Setting next_dagrun for seismic_etl_pipeline to 2025-12-13T00:00:00+00:00, run_after=2025-12-14T00:00:00+00:00
[2025-12-13T21:32:25.615+0000] {processor.py:183} INFO - Processing /opt/airflow/dags/seismic_etl_pipeline.py took 0.225 seconds
[2025-12-13T21:32:55.695+0000] {processor.py:161} INFO - Started process (PID=6207) to work on /opt/airflow/dags/seismic_etl_pipeline.py
[2025-12-13T21:32:55.696+0000] {processor.py:830} INFO - Processing file /opt/airflow/dags/seismic_etl_pipeline.py for tasks to queue
[2025-12-13T21:32:55.696+0000] {logging_mixin.py:188} INFO - [2025-12-13T21:32:55.696+0000] {dagbag.py:538} INFO - Filling up the DagBag from /opt/airflow/dags/seismic_etl_pipeline.py
[2025-12-13T21:32:55.876+0000] {processor.py:840} INFO - DAG(s) 'seismic_etl_pipeline' retrieved from /opt/airflow/dags/seismic_etl_pipeline.py
[2025-12-13T21:32:55.894+0000] {logging_mixin.py:188} INFO - [2025-12-13T21:32:55.893+0000] {dag.py:3033} INFO - Sync 1 DAGs
[2025-12-13T21:32:55.907+0000] {logging_mixin.py:188} INFO - [2025-12-13T21:32:55.907+0000] {dag.py:3820} INFO - Setting next_dagrun for seismic_etl_pipeline to 2025-12-13T00:00:00+00:00, run_after=2025-12-14T00:00:00+00:00
[2025-12-13T21:32:55.918+0000] {processor.py:183} INFO - Processing /opt/airflow/dags/seismic_etl_pipeline.py took 0.225 seconds
[2025-12-13T21:33:26.396+0000] {processor.py:161} INFO - Started process (PID=6230) to work on /opt/airflow/dags/seismic_etl_pipeline.py
[2025-12-13T21:33:26.397+0000] {processor.py:830} INFO - Processing file /opt/airflow/dags/seismic_etl_pipeline.py for tasks to queue
[2025-12-13T21:33:26.397+0000] {logging_mixin.py:188} INFO - [2025-12-13T21:33:26.397+0000] {dagbag.py:538} INFO - Filling up the DagBag from /opt/airflow/dags/seismic_etl_pipeline.py
[2025-12-13T21:33:26.575+0000] {processor.py:840} INFO - DAG(s) 'seismic_etl_pipeline' retrieved from /opt/airflow/dags/seismic_etl_pipeline.py
[2025-12-13T21:33:26.593+0000] {logging_mixin.py:188} INFO - [2025-12-13T21:33:26.593+0000] {dag.py:3033} INFO - Sync 1 DAGs
[2025-12-13T21:33:26.607+0000] {logging_mixin.py:188} INFO - [2025-12-13T21:33:26.607+0000] {dag.py:3820} INFO - Setting next_dagrun for seismic_etl_pipeline to 2025-12-13T00:00:00+00:00, run_after=2025-12-14T00:00:00+00:00
[2025-12-13T21:33:26.617+0000] {processor.py:183} INFO - Processing /opt/airflow/dags/seismic_etl_pipeline.py took 0.224 seconds
[2025-12-13T21:33:56.757+0000] {processor.py:161} INFO - Started process (PID=6253) to work on /opt/airflow/dags/seismic_etl_pipeline.py
[2025-12-13T21:33:56.757+0000] {processor.py:830} INFO - Processing file /opt/airflow/dags/seismic_etl_pipeline.py for tasks to queue
[2025-12-13T21:33:56.758+0000] {logging_mixin.py:188} INFO - [2025-12-13T21:33:56.757+0000] {dagbag.py:538} INFO - Filling up the DagBag from /opt/airflow/dags/seismic_etl_pipeline.py
[2025-12-13T21:33:56.936+0000] {processor.py:840} INFO - DAG(s) 'seismic_etl_pipeline' retrieved from /opt/airflow/dags/seismic_etl_pipeline.py
[2025-12-13T21:33:56.955+0000] {logging_mixin.py:188} INFO - [2025-12-13T21:33:56.954+0000] {dag.py:3033} INFO - Sync 1 DAGs
[2025-12-13T21:33:56.968+0000] {logging_mixin.py:188} INFO - [2025-12-13T21:33:56.968+0000] {dag.py:3820} INFO - Setting next_dagrun for seismic_etl_pipeline to 2025-12-13T00:00:00+00:00, run_after=2025-12-14T00:00:00+00:00
[2025-12-13T21:33:56.979+0000] {processor.py:183} INFO - Processing /opt/airflow/dags/seismic_etl_pipeline.py took 0.225 seconds
[2025-12-13T21:34:27.265+0000] {processor.py:161} INFO - Started process (PID=6276) to work on /opt/airflow/dags/seismic_etl_pipeline.py
[2025-12-13T21:34:27.266+0000] {processor.py:830} INFO - Processing file /opt/airflow/dags/seismic_etl_pipeline.py for tasks to queue
[2025-12-13T21:34:27.266+0000] {logging_mixin.py:188} INFO - [2025-12-13T21:34:27.266+0000] {dagbag.py:538} INFO - Filling up the DagBag from /opt/airflow/dags/seismic_etl_pipeline.py
[2025-12-13T21:34:27.445+0000] {processor.py:840} INFO - DAG(s) 'seismic_etl_pipeline' retrieved from /opt/airflow/dags/seismic_etl_pipeline.py
[2025-12-13T21:34:27.463+0000] {logging_mixin.py:188} INFO - [2025-12-13T21:34:27.463+0000] {dag.py:3033} INFO - Sync 1 DAGs
[2025-12-13T21:34:27.605+0000] {logging_mixin.py:188} INFO - [2025-12-13T21:34:27.605+0000] {dag.py:3820} INFO - Setting next_dagrun for seismic_etl_pipeline to 2025-12-13T00:00:00+00:00, run_after=2025-12-14T00:00:00+00:00
[2025-12-13T21:34:27.645+0000] {processor.py:183} INFO - Processing /opt/airflow/dags/seismic_etl_pipeline.py took 0.382 seconds
[2025-12-13T21:34:58.428+0000] {processor.py:161} INFO - Started process (PID=6299) to work on /opt/airflow/dags/seismic_etl_pipeline.py
[2025-12-13T21:34:58.428+0000] {processor.py:830} INFO - Processing file /opt/airflow/dags/seismic_etl_pipeline.py for tasks to queue
[2025-12-13T21:34:58.429+0000] {logging_mixin.py:188} INFO - [2025-12-13T21:34:58.429+0000] {dagbag.py:538} INFO - Filling up the DagBag from /opt/airflow/dags/seismic_etl_pipeline.py
[2025-12-13T21:34:58.609+0000] {processor.py:840} INFO - DAG(s) 'seismic_etl_pipeline' retrieved from /opt/airflow/dags/seismic_etl_pipeline.py
[2025-12-13T21:34:58.627+0000] {logging_mixin.py:188} INFO - [2025-12-13T21:34:58.627+0000] {dag.py:3033} INFO - Sync 1 DAGs
[2025-12-13T21:34:58.641+0000] {logging_mixin.py:188} INFO - [2025-12-13T21:34:58.641+0000] {dag.py:3820} INFO - Setting next_dagrun for seismic_etl_pipeline to 2025-12-13T00:00:00+00:00, run_after=2025-12-14T00:00:00+00:00
[2025-12-13T21:34:58.651+0000] {processor.py:183} INFO - Processing /opt/airflow/dags/seismic_etl_pipeline.py took 0.226 seconds
[2025-12-13T21:35:28.771+0000] {processor.py:161} INFO - Started process (PID=6322) to work on /opt/airflow/dags/seismic_etl_pipeline.py
[2025-12-13T21:35:28.771+0000] {processor.py:830} INFO - Processing file /opt/airflow/dags/seismic_etl_pipeline.py for tasks to queue
[2025-12-13T21:35:28.772+0000] {logging_mixin.py:188} INFO - [2025-12-13T21:35:28.772+0000] {dagbag.py:538} INFO - Filling up the DagBag from /opt/airflow/dags/seismic_etl_pipeline.py
[2025-12-13T21:35:28.951+0000] {processor.py:840} INFO - DAG(s) 'seismic_etl_pipeline' retrieved from /opt/airflow/dags/seismic_etl_pipeline.py
[2025-12-13T21:35:28.970+0000] {logging_mixin.py:188} INFO - [2025-12-13T21:35:28.970+0000] {dag.py:3033} INFO - Sync 1 DAGs
[2025-12-13T21:35:29.113+0000] {logging_mixin.py:188} INFO - [2025-12-13T21:35:29.113+0000] {dag.py:3820} INFO - Setting next_dagrun for seismic_etl_pipeline to 2025-12-13T00:00:00+00:00, run_after=2025-12-14T00:00:00+00:00
[2025-12-13T21:35:29.123+0000] {processor.py:183} INFO - Processing /opt/airflow/dags/seismic_etl_pipeline.py took 0.354 seconds
[2025-12-13T21:35:59.316+0000] {processor.py:161} INFO - Started process (PID=6345) to work on /opt/airflow/dags/seismic_etl_pipeline.py
[2025-12-13T21:35:59.317+0000] {processor.py:830} INFO - Processing file /opt/airflow/dags/seismic_etl_pipeline.py for tasks to queue
[2025-12-13T21:35:59.317+0000] {logging_mixin.py:188} INFO - [2025-12-13T21:35:59.317+0000] {dagbag.py:538} INFO - Filling up the DagBag from /opt/airflow/dags/seismic_etl_pipeline.py
[2025-12-13T21:35:59.496+0000] {processor.py:840} INFO - DAG(s) 'seismic_etl_pipeline' retrieved from /opt/airflow/dags/seismic_etl_pipeline.py
[2025-12-13T21:35:59.514+0000] {logging_mixin.py:188} INFO - [2025-12-13T21:35:59.514+0000] {dag.py:3033} INFO - Sync 1 DAGs
[2025-12-13T21:35:59.527+0000] {logging_mixin.py:188} INFO - [2025-12-13T21:35:59.527+0000] {dag.py:3820} INFO - Setting next_dagrun for seismic_etl_pipeline to 2025-12-13T00:00:00+00:00, run_after=2025-12-14T00:00:00+00:00
[2025-12-13T21:35:59.538+0000] {processor.py:183} INFO - Processing /opt/airflow/dags/seismic_etl_pipeline.py took 0.224 seconds
[2025-12-13T21:36:30.013+0000] {processor.py:161} INFO - Started process (PID=6368) to work on /opt/airflow/dags/seismic_etl_pipeline.py
[2025-12-13T21:36:30.014+0000] {processor.py:830} INFO - Processing file /opt/airflow/dags/seismic_etl_pipeline.py for tasks to queue
[2025-12-13T21:36:30.014+0000] {logging_mixin.py:188} INFO - [2025-12-13T21:36:30.014+0000] {dagbag.py:538} INFO - Filling up the DagBag from /opt/airflow/dags/seismic_etl_pipeline.py
[2025-12-13T21:36:30.192+0000] {processor.py:840} INFO - DAG(s) 'seismic_etl_pipeline' retrieved from /opt/airflow/dags/seismic_etl_pipeline.py
[2025-12-13T21:36:30.210+0000] {logging_mixin.py:188} INFO - [2025-12-13T21:36:30.210+0000] {dag.py:3033} INFO - Sync 1 DAGs
[2025-12-13T21:36:30.351+0000] {logging_mixin.py:188} INFO - [2025-12-13T21:36:30.351+0000] {dag.py:3820} INFO - Setting next_dagrun for seismic_etl_pipeline to 2025-12-13T00:00:00+00:00, run_after=2025-12-14T00:00:00+00:00
[2025-12-13T21:36:30.366+0000] {processor.py:183} INFO - Processing /opt/airflow/dags/seismic_etl_pipeline.py took 0.356 seconds
[2025-12-13T21:37:00.492+0000] {processor.py:161} INFO - Started process (PID=6391) to work on /opt/airflow/dags/seismic_etl_pipeline.py
[2025-12-13T21:37:00.493+0000] {processor.py:830} INFO - Processing file /opt/airflow/dags/seismic_etl_pipeline.py for tasks to queue
[2025-12-13T21:37:00.493+0000] {logging_mixin.py:188} INFO - [2025-12-13T21:37:00.493+0000] {dagbag.py:538} INFO - Filling up the DagBag from /opt/airflow/dags/seismic_etl_pipeline.py
[2025-12-13T21:37:00.673+0000] {processor.py:840} INFO - DAG(s) 'seismic_etl_pipeline' retrieved from /opt/airflow/dags/seismic_etl_pipeline.py
[2025-12-13T21:37:00.691+0000] {logging_mixin.py:188} INFO - [2025-12-13T21:37:00.691+0000] {dag.py:3033} INFO - Sync 1 DAGs
[2025-12-13T21:37:00.704+0000] {logging_mixin.py:188} INFO - [2025-12-13T21:37:00.704+0000] {dag.py:3820} INFO - Setting next_dagrun for seismic_etl_pipeline to 2025-12-13T00:00:00+00:00, run_after=2025-12-14T00:00:00+00:00
[2025-12-13T21:37:00.715+0000] {processor.py:183} INFO - Processing /opt/airflow/dags/seismic_etl_pipeline.py took 0.225 seconds
[2025-12-13T21:37:31.005+0000] {processor.py:161} INFO - Started process (PID=6414) to work on /opt/airflow/dags/seismic_etl_pipeline.py
[2025-12-13T21:37:31.005+0000] {processor.py:830} INFO - Processing file /opt/airflow/dags/seismic_etl_pipeline.py for tasks to queue
[2025-12-13T21:37:31.005+0000] {logging_mixin.py:188} INFO - [2025-12-13T21:37:31.005+0000] {dagbag.py:538} INFO - Filling up the DagBag from /opt/airflow/dags/seismic_etl_pipeline.py
[2025-12-13T21:37:31.184+0000] {processor.py:840} INFO - DAG(s) 'seismic_etl_pipeline' retrieved from /opt/airflow/dags/seismic_etl_pipeline.py
[2025-12-13T21:37:31.202+0000] {logging_mixin.py:188} INFO - [2025-12-13T21:37:31.202+0000] {dag.py:3033} INFO - Sync 1 DAGs
[2025-12-13T21:37:31.344+0000] {logging_mixin.py:188} INFO - [2025-12-13T21:37:31.344+0000] {dag.py:3820} INFO - Setting next_dagrun for seismic_etl_pipeline to 2025-12-13T00:00:00+00:00, run_after=2025-12-14T00:00:00+00:00
[2025-12-13T21:37:31.354+0000] {processor.py:183} INFO - Processing /opt/airflow/dags/seismic_etl_pipeline.py took 0.352 seconds
[2025-12-13T21:38:01.487+0000] {processor.py:161} INFO - Started process (PID=6437) to work on /opt/airflow/dags/seismic_etl_pipeline.py
[2025-12-13T21:38:01.488+0000] {processor.py:830} INFO - Processing file /opt/airflow/dags/seismic_etl_pipeline.py for tasks to queue
[2025-12-13T21:38:01.488+0000] {logging_mixin.py:188} INFO - [2025-12-13T21:38:01.488+0000] {dagbag.py:538} INFO - Filling up the DagBag from /opt/airflow/dags/seismic_etl_pipeline.py
[2025-12-13T21:38:01.667+0000] {processor.py:840} INFO - DAG(s) 'seismic_etl_pipeline' retrieved from /opt/airflow/dags/seismic_etl_pipeline.py
[2025-12-13T21:38:01.685+0000] {logging_mixin.py:188} INFO - [2025-12-13T21:38:01.685+0000] {dag.py:3033} INFO - Sync 1 DAGs
[2025-12-13T21:38:01.698+0000] {logging_mixin.py:188} INFO - [2025-12-13T21:38:01.698+0000] {dag.py:3820} INFO - Setting next_dagrun for seismic_etl_pipeline to 2025-12-13T00:00:00+00:00, run_after=2025-12-14T00:00:00+00:00
[2025-12-13T21:38:01.709+0000] {processor.py:183} INFO - Processing /opt/airflow/dags/seismic_etl_pipeline.py took 0.224 seconds
[2025-12-13T21:38:31.996+0000] {processor.py:161} INFO - Started process (PID=6460) to work on /opt/airflow/dags/seismic_etl_pipeline.py
[2025-12-13T21:38:31.997+0000] {processor.py:830} INFO - Processing file /opt/airflow/dags/seismic_etl_pipeline.py for tasks to queue
[2025-12-13T21:38:31.997+0000] {logging_mixin.py:188} INFO - [2025-12-13T21:38:31.997+0000] {dagbag.py:538} INFO - Filling up the DagBag from /opt/airflow/dags/seismic_etl_pipeline.py
[2025-12-13T21:38:32.176+0000] {processor.py:840} INFO - DAG(s) 'seismic_etl_pipeline' retrieved from /opt/airflow/dags/seismic_etl_pipeline.py
[2025-12-13T21:38:32.195+0000] {logging_mixin.py:188} INFO - [2025-12-13T21:38:32.194+0000] {dag.py:3033} INFO - Sync 1 DAGs
[2025-12-13T21:38:32.334+0000] {logging_mixin.py:188} INFO - [2025-12-13T21:38:32.334+0000] {dag.py:3820} INFO - Setting next_dagrun for seismic_etl_pipeline to 2025-12-13T00:00:00+00:00, run_after=2025-12-14T00:00:00+00:00
[2025-12-13T21:38:32.344+0000] {processor.py:183} INFO - Processing /opt/airflow/dags/seismic_etl_pipeline.py took 0.350 seconds
[2025-12-13T21:39:02.477+0000] {processor.py:161} INFO - Started process (PID=6483) to work on /opt/airflow/dags/seismic_etl_pipeline.py
[2025-12-13T21:39:02.478+0000] {processor.py:830} INFO - Processing file /opt/airflow/dags/seismic_etl_pipeline.py for tasks to queue
[2025-12-13T21:39:02.478+0000] {logging_mixin.py:188} INFO - [2025-12-13T21:39:02.478+0000] {dagbag.py:538} INFO - Filling up the DagBag from /opt/airflow/dags/seismic_etl_pipeline.py
[2025-12-13T21:39:02.784+0000] {processor.py:840} INFO - DAG(s) 'seismic_etl_pipeline' retrieved from /opt/airflow/dags/seismic_etl_pipeline.py
[2025-12-13T21:39:02.800+0000] {logging_mixin.py:188} INFO - [2025-12-13T21:39:02.800+0000] {dag.py:3033} INFO - Sync 1 DAGs
[2025-12-13T21:39:02.811+0000] {logging_mixin.py:188} INFO - [2025-12-13T21:39:02.811+0000] {dag.py:3820} INFO - Setting next_dagrun for seismic_etl_pipeline to 2025-12-13T00:00:00+00:00, run_after=2025-12-14T00:00:00+00:00
[2025-12-13T21:39:02.821+0000] {processor.py:183} INFO - Processing /opt/airflow/dags/seismic_etl_pipeline.py took 0.346 seconds
[2025-12-13T21:39:32.956+0000] {processor.py:161} INFO - Started process (PID=6506) to work on /opt/airflow/dags/seismic_etl_pipeline.py
[2025-12-13T21:39:32.956+0000] {processor.py:830} INFO - Processing file /opt/airflow/dags/seismic_etl_pipeline.py for tasks to queue
[2025-12-13T21:39:32.957+0000] {logging_mixin.py:188} INFO - [2025-12-13T21:39:32.957+0000] {dagbag.py:538} INFO - Filling up the DagBag from /opt/airflow/dags/seismic_etl_pipeline.py
[2025-12-13T21:39:33.136+0000] {processor.py:840} INFO - DAG(s) 'seismic_etl_pipeline' retrieved from /opt/airflow/dags/seismic_etl_pipeline.py
[2025-12-13T21:39:33.155+0000] {logging_mixin.py:188} INFO - [2025-12-13T21:39:33.155+0000] {dag.py:3033} INFO - Sync 1 DAGs
[2025-12-13T21:39:33.300+0000] {logging_mixin.py:188} INFO - [2025-12-13T21:39:33.299+0000] {dag.py:3820} INFO - Setting next_dagrun for seismic_etl_pipeline to 2025-12-13T00:00:00+00:00, run_after=2025-12-14T00:00:00+00:00
[2025-12-13T21:39:33.310+0000] {processor.py:183} INFO - Processing /opt/airflow/dags/seismic_etl_pipeline.py took 0.356 seconds
[2025-12-13T21:40:03.426+0000] {processor.py:161} INFO - Started process (PID=6529) to work on /opt/airflow/dags/seismic_etl_pipeline.py
[2025-12-13T21:40:03.427+0000] {processor.py:830} INFO - Processing file /opt/airflow/dags/seismic_etl_pipeline.py for tasks to queue
[2025-12-13T21:40:03.428+0000] {logging_mixin.py:188} INFO - [2025-12-13T21:40:03.427+0000] {dagbag.py:538} INFO - Filling up the DagBag from /opt/airflow/dags/seismic_etl_pipeline.py
[2025-12-13T21:40:03.734+0000] {processor.py:840} INFO - DAG(s) 'seismic_etl_pipeline' retrieved from /opt/airflow/dags/seismic_etl_pipeline.py
[2025-12-13T21:40:03.750+0000] {logging_mixin.py:188} INFO - [2025-12-13T21:40:03.749+0000] {dag.py:3033} INFO - Sync 1 DAGs
[2025-12-13T21:40:03.761+0000] {logging_mixin.py:188} INFO - [2025-12-13T21:40:03.761+0000] {dag.py:3820} INFO - Setting next_dagrun for seismic_etl_pipeline to 2025-12-13T00:00:00+00:00, run_after=2025-12-14T00:00:00+00:00
[2025-12-13T21:40:03.772+0000] {processor.py:183} INFO - Processing /opt/airflow/dags/seismic_etl_pipeline.py took 0.348 seconds
[2025-12-13T21:40:33.900+0000] {processor.py:161} INFO - Started process (PID=6552) to work on /opt/airflow/dags/seismic_etl_pipeline.py
[2025-12-13T21:40:33.901+0000] {processor.py:830} INFO - Processing file /opt/airflow/dags/seismic_etl_pipeline.py for tasks to queue
[2025-12-13T21:40:33.901+0000] {logging_mixin.py:188} INFO - [2025-12-13T21:40:33.901+0000] {dagbag.py:538} INFO - Filling up the DagBag from /opt/airflow/dags/seismic_etl_pipeline.py
[2025-12-13T21:40:34.211+0000] {processor.py:840} INFO - DAG(s) 'seismic_etl_pipeline' retrieved from /opt/airflow/dags/seismic_etl_pipeline.py
[2025-12-13T21:40:34.226+0000] {logging_mixin.py:188} INFO - [2025-12-13T21:40:34.226+0000] {dag.py:3033} INFO - Sync 1 DAGs
[2025-12-13T21:40:34.238+0000] {logging_mixin.py:188} INFO - [2025-12-13T21:40:34.238+0000] {dag.py:3820} INFO - Setting next_dagrun for seismic_etl_pipeline to 2025-12-13T00:00:00+00:00, run_after=2025-12-14T00:00:00+00:00
[2025-12-13T21:40:34.248+0000] {processor.py:183} INFO - Processing /opt/airflow/dags/seismic_etl_pipeline.py took 0.350 seconds
[2025-12-13T21:41:04.394+0000] {processor.py:161} INFO - Started process (PID=6575) to work on /opt/airflow/dags/seismic_etl_pipeline.py
[2025-12-13T21:41:04.395+0000] {processor.py:830} INFO - Processing file /opt/airflow/dags/seismic_etl_pipeline.py for tasks to queue
[2025-12-13T21:41:04.395+0000] {logging_mixin.py:188} INFO - [2025-12-13T21:41:04.395+0000] {dagbag.py:538} INFO - Filling up the DagBag from /opt/airflow/dags/seismic_etl_pipeline.py
[2025-12-13T21:41:04.704+0000] {processor.py:840} INFO - DAG(s) 'seismic_etl_pipeline' retrieved from /opt/airflow/dags/seismic_etl_pipeline.py
[2025-12-13T21:41:04.719+0000] {logging_mixin.py:188} INFO - [2025-12-13T21:41:04.719+0000] {dag.py:3033} INFO - Sync 1 DAGs
[2025-12-13T21:41:04.730+0000] {logging_mixin.py:188} INFO - [2025-12-13T21:41:04.730+0000] {dag.py:3820} INFO - Setting next_dagrun for seismic_etl_pipeline to 2025-12-13T00:00:00+00:00, run_after=2025-12-14T00:00:00+00:00
[2025-12-13T21:41:04.740+0000] {processor.py:183} INFO - Processing /opt/airflow/dags/seismic_etl_pipeline.py took 0.349 seconds
[2025-12-13T21:41:34.875+0000] {processor.py:161} INFO - Started process (PID=6598) to work on /opt/airflow/dags/seismic_etl_pipeline.py
[2025-12-13T21:41:34.875+0000] {processor.py:830} INFO - Processing file /opt/airflow/dags/seismic_etl_pipeline.py for tasks to queue
[2025-12-13T21:41:34.876+0000] {logging_mixin.py:188} INFO - [2025-12-13T21:41:34.875+0000] {dagbag.py:538} INFO - Filling up the DagBag from /opt/airflow/dags/seismic_etl_pipeline.py
[2025-12-13T21:41:35.277+0000] {processor.py:840} INFO - DAG(s) 'seismic_etl_pipeline' retrieved from /opt/airflow/dags/seismic_etl_pipeline.py
[2025-12-13T21:41:35.294+0000] {logging_mixin.py:188} INFO - [2025-12-13T21:41:35.293+0000] {dag.py:3033} INFO - Sync 1 DAGs
[2025-12-13T21:41:35.306+0000] {logging_mixin.py:188} INFO - [2025-12-13T21:41:35.306+0000] {dag.py:3820} INFO - Setting next_dagrun for seismic_etl_pipeline to 2025-12-13T00:00:00+00:00, run_after=2025-12-14T00:00:00+00:00
[2025-12-13T21:41:35.317+0000] {processor.py:183} INFO - Processing /opt/airflow/dags/seismic_etl_pipeline.py took 0.445 seconds
[2025-12-13T21:42:05.356+0000] {processor.py:161} INFO - Started process (PID=6621) to work on /opt/airflow/dags/seismic_etl_pipeline.py
[2025-12-13T21:42:05.356+0000] {processor.py:830} INFO - Processing file /opt/airflow/dags/seismic_etl_pipeline.py for tasks to queue
[2025-12-13T21:42:05.357+0000] {logging_mixin.py:188} INFO - [2025-12-13T21:42:05.356+0000] {dagbag.py:538} INFO - Filling up the DagBag from /opt/airflow/dags/seismic_etl_pipeline.py
[2025-12-13T21:42:05.664+0000] {processor.py:840} INFO - DAG(s) 'seismic_etl_pipeline' retrieved from /opt/airflow/dags/seismic_etl_pipeline.py
[2025-12-13T21:42:05.679+0000] {logging_mixin.py:188} INFO - [2025-12-13T21:42:05.679+0000] {dag.py:3033} INFO - Sync 1 DAGs
[2025-12-13T21:42:05.691+0000] {logging_mixin.py:188} INFO - [2025-12-13T21:42:05.691+0000] {dag.py:3820} INFO - Setting next_dagrun for seismic_etl_pipeline to 2025-12-13T00:00:00+00:00, run_after=2025-12-14T00:00:00+00:00
[2025-12-13T21:42:05.701+0000] {processor.py:183} INFO - Processing /opt/airflow/dags/seismic_etl_pipeline.py took 0.347 seconds
[2025-12-13T21:42:35.831+0000] {processor.py:161} INFO - Started process (PID=6644) to work on /opt/airflow/dags/seismic_etl_pipeline.py
[2025-12-13T21:42:35.831+0000] {processor.py:830} INFO - Processing file /opt/airflow/dags/seismic_etl_pipeline.py for tasks to queue
[2025-12-13T21:42:35.832+0000] {logging_mixin.py:188} INFO - [2025-12-13T21:42:35.832+0000] {dagbag.py:538} INFO - Filling up the DagBag from /opt/airflow/dags/seismic_etl_pipeline.py
[2025-12-13T21:42:36.138+0000] {processor.py:840} INFO - DAG(s) 'seismic_etl_pipeline' retrieved from /opt/airflow/dags/seismic_etl_pipeline.py
[2025-12-13T21:42:36.153+0000] {logging_mixin.py:188} INFO - [2025-12-13T21:42:36.153+0000] {dag.py:3033} INFO - Sync 1 DAGs
[2025-12-13T21:42:36.165+0000] {logging_mixin.py:188} INFO - [2025-12-13T21:42:36.165+0000] {dag.py:3820} INFO - Setting next_dagrun for seismic_etl_pipeline to 2025-12-13T00:00:00+00:00, run_after=2025-12-14T00:00:00+00:00
[2025-12-13T21:42:36.175+0000] {processor.py:183} INFO - Processing /opt/airflow/dags/seismic_etl_pipeline.py took 0.346 seconds
[2025-12-13T21:43:06.309+0000] {processor.py:161} INFO - Started process (PID=6667) to work on /opt/airflow/dags/seismic_etl_pipeline.py
[2025-12-13T21:43:06.310+0000] {processor.py:830} INFO - Processing file /opt/airflow/dags/seismic_etl_pipeline.py for tasks to queue
[2025-12-13T21:43:06.311+0000] {logging_mixin.py:188} INFO - [2025-12-13T21:43:06.311+0000] {dagbag.py:538} INFO - Filling up the DagBag from /opt/airflow/dags/seismic_etl_pipeline.py
[2025-12-13T21:43:06.619+0000] {processor.py:840} INFO - DAG(s) 'seismic_etl_pipeline' retrieved from /opt/airflow/dags/seismic_etl_pipeline.py
[2025-12-13T21:43:06.634+0000] {logging_mixin.py:188} INFO - [2025-12-13T21:43:06.634+0000] {dag.py:3033} INFO - Sync 1 DAGs
[2025-12-13T21:43:06.645+0000] {logging_mixin.py:188} INFO - [2025-12-13T21:43:06.645+0000] {dag.py:3820} INFO - Setting next_dagrun for seismic_etl_pipeline to 2025-12-13T00:00:00+00:00, run_after=2025-12-14T00:00:00+00:00
[2025-12-13T21:43:06.655+0000] {processor.py:183} INFO - Processing /opt/airflow/dags/seismic_etl_pipeline.py took 0.348 seconds
[2025-12-13T21:43:36.795+0000] {processor.py:161} INFO - Started process (PID=6690) to work on /opt/airflow/dags/seismic_etl_pipeline.py
[2025-12-13T21:43:36.795+0000] {processor.py:830} INFO - Processing file /opt/airflow/dags/seismic_etl_pipeline.py for tasks to queue
[2025-12-13T21:43:36.796+0000] {logging_mixin.py:188} INFO - [2025-12-13T21:43:36.795+0000] {dagbag.py:538} INFO - Filling up the DagBag from /opt/airflow/dags/seismic_etl_pipeline.py
[2025-12-13T21:43:37.107+0000] {processor.py:840} INFO - DAG(s) 'seismic_etl_pipeline' retrieved from /opt/airflow/dags/seismic_etl_pipeline.py
[2025-12-13T21:43:37.122+0000] {logging_mixin.py:188} INFO - [2025-12-13T21:43:37.122+0000] {dag.py:3033} INFO - Sync 1 DAGs
[2025-12-13T21:43:37.134+0000] {logging_mixin.py:188} INFO - [2025-12-13T21:43:37.134+0000] {dag.py:3820} INFO - Setting next_dagrun for seismic_etl_pipeline to 2025-12-13T00:00:00+00:00, run_after=2025-12-14T00:00:00+00:00
[2025-12-13T21:43:37.144+0000] {processor.py:183} INFO - Processing /opt/airflow/dags/seismic_etl_pipeline.py took 0.352 seconds
[2025-12-13T21:44:07.276+0000] {processor.py:161} INFO - Started process (PID=6713) to work on /opt/airflow/dags/seismic_etl_pipeline.py
[2025-12-13T21:44:07.276+0000] {processor.py:830} INFO - Processing file /opt/airflow/dags/seismic_etl_pipeline.py for tasks to queue
[2025-12-13T21:44:07.277+0000] {logging_mixin.py:188} INFO - [2025-12-13T21:44:07.277+0000] {dagbag.py:538} INFO - Filling up the DagBag from /opt/airflow/dags/seismic_etl_pipeline.py
[2025-12-13T21:44:07.583+0000] {processor.py:840} INFO - DAG(s) 'seismic_etl_pipeline' retrieved from /opt/airflow/dags/seismic_etl_pipeline.py
[2025-12-13T21:44:07.598+0000] {logging_mixin.py:188} INFO - [2025-12-13T21:44:07.598+0000] {dag.py:3033} INFO - Sync 1 DAGs
[2025-12-13T21:44:07.609+0000] {logging_mixin.py:188} INFO - [2025-12-13T21:44:07.609+0000] {dag.py:3820} INFO - Setting next_dagrun for seismic_etl_pipeline to 2025-12-13T00:00:00+00:00, run_after=2025-12-14T00:00:00+00:00
[2025-12-13T21:44:07.619+0000] {processor.py:183} INFO - Processing /opt/airflow/dags/seismic_etl_pipeline.py took 0.346 seconds
[2025-12-13T21:44:38.002+0000] {processor.py:161} INFO - Started process (PID=6736) to work on /opt/airflow/dags/seismic_etl_pipeline.py
[2025-12-13T21:44:38.003+0000] {processor.py:830} INFO - Processing file /opt/airflow/dags/seismic_etl_pipeline.py for tasks to queue
[2025-12-13T21:44:38.003+0000] {logging_mixin.py:188} INFO - [2025-12-13T21:44:38.003+0000] {dagbag.py:538} INFO - Filling up the DagBag from /opt/airflow/dags/seismic_etl_pipeline.py
[2025-12-13T21:44:38.316+0000] {processor.py:840} INFO - DAG(s) 'seismic_etl_pipeline' retrieved from /opt/airflow/dags/seismic_etl_pipeline.py
[2025-12-13T21:44:38.331+0000] {logging_mixin.py:188} INFO - [2025-12-13T21:44:38.331+0000] {dag.py:3033} INFO - Sync 1 DAGs
[2025-12-13T21:44:38.343+0000] {logging_mixin.py:188} INFO - [2025-12-13T21:44:38.343+0000] {dag.py:3820} INFO - Setting next_dagrun for seismic_etl_pipeline to 2025-12-13T00:00:00+00:00, run_after=2025-12-14T00:00:00+00:00
[2025-12-13T21:44:38.353+0000] {processor.py:183} INFO - Processing /opt/airflow/dags/seismic_etl_pipeline.py took 0.353 seconds
[2025-12-13T21:45:08.503+0000] {processor.py:161} INFO - Started process (PID=6759) to work on /opt/airflow/dags/seismic_etl_pipeline.py
[2025-12-13T21:45:08.509+0000] {processor.py:830} INFO - Processing file /opt/airflow/dags/seismic_etl_pipeline.py for tasks to queue
[2025-12-13T21:45:08.510+0000] {logging_mixin.py:188} INFO - [2025-12-13T21:45:08.509+0000] {dagbag.py:538} INFO - Filling up the DagBag from /opt/airflow/dags/seismic_etl_pipeline.py
[2025-12-13T21:45:08.817+0000] {processor.py:840} INFO - DAG(s) 'seismic_etl_pipeline' retrieved from /opt/airflow/dags/seismic_etl_pipeline.py
[2025-12-13T21:45:08.833+0000] {logging_mixin.py:188} INFO - [2025-12-13T21:45:08.832+0000] {dag.py:3033} INFO - Sync 1 DAGs
[2025-12-13T21:45:08.844+0000] {logging_mixin.py:188} INFO - [2025-12-13T21:45:08.844+0000] {dag.py:3820} INFO - Setting next_dagrun for seismic_etl_pipeline to 2025-12-13T00:00:00+00:00, run_after=2025-12-14T00:00:00+00:00
[2025-12-13T21:45:08.854+0000] {processor.py:183} INFO - Processing /opt/airflow/dags/seismic_etl_pipeline.py took 0.353 seconds
[2025-12-13T21:45:38.986+0000] {processor.py:161} INFO - Started process (PID=6782) to work on /opt/airflow/dags/seismic_etl_pipeline.py
[2025-12-13T21:45:38.987+0000] {processor.py:830} INFO - Processing file /opt/airflow/dags/seismic_etl_pipeline.py for tasks to queue
[2025-12-13T21:45:38.987+0000] {logging_mixin.py:188} INFO - [2025-12-13T21:45:38.987+0000] {dagbag.py:538} INFO - Filling up the DagBag from /opt/airflow/dags/seismic_etl_pipeline.py
[2025-12-13T21:45:39.296+0000] {processor.py:840} INFO - DAG(s) 'seismic_etl_pipeline' retrieved from /opt/airflow/dags/seismic_etl_pipeline.py
[2025-12-13T21:45:39.312+0000] {logging_mixin.py:188} INFO - [2025-12-13T21:45:39.311+0000] {dag.py:3033} INFO - Sync 1 DAGs
[2025-12-13T21:45:39.324+0000] {logging_mixin.py:188} INFO - [2025-12-13T21:45:39.323+0000] {dag.py:3820} INFO - Setting next_dagrun for seismic_etl_pipeline to 2025-12-13T00:00:00+00:00, run_after=2025-12-14T00:00:00+00:00
[2025-12-13T21:45:39.334+0000] {processor.py:183} INFO - Processing /opt/airflow/dags/seismic_etl_pipeline.py took 0.350 seconds
[2025-12-13T21:46:09.461+0000] {processor.py:161} INFO - Started process (PID=6805) to work on /opt/airflow/dags/seismic_etl_pipeline.py
[2025-12-13T21:46:09.461+0000] {processor.py:830} INFO - Processing file /opt/airflow/dags/seismic_etl_pipeline.py for tasks to queue
[2025-12-13T21:46:09.462+0000] {logging_mixin.py:188} INFO - [2025-12-13T21:46:09.462+0000] {dagbag.py:538} INFO - Filling up the DagBag from /opt/airflow/dags/seismic_etl_pipeline.py
[2025-12-13T21:46:09.770+0000] {processor.py:840} INFO - DAG(s) 'seismic_etl_pipeline' retrieved from /opt/airflow/dags/seismic_etl_pipeline.py
[2025-12-13T21:46:09.786+0000] {logging_mixin.py:188} INFO - [2025-12-13T21:46:09.786+0000] {dag.py:3033} INFO - Sync 1 DAGs
[2025-12-13T21:46:09.797+0000] {logging_mixin.py:188} INFO - [2025-12-13T21:46:09.797+0000] {dag.py:3820} INFO - Setting next_dagrun for seismic_etl_pipeline to 2025-12-13T00:00:00+00:00, run_after=2025-12-14T00:00:00+00:00
[2025-12-13T21:46:09.808+0000] {processor.py:183} INFO - Processing /opt/airflow/dags/seismic_etl_pipeline.py took 0.350 seconds
[2025-12-13T21:46:39.934+0000] {processor.py:161} INFO - Started process (PID=6828) to work on /opt/airflow/dags/seismic_etl_pipeline.py
[2025-12-13T21:46:39.934+0000] {processor.py:830} INFO - Processing file /opt/airflow/dags/seismic_etl_pipeline.py for tasks to queue
[2025-12-13T21:46:39.935+0000] {logging_mixin.py:188} INFO - [2025-12-13T21:46:39.935+0000] {dagbag.py:538} INFO - Filling up the DagBag from /opt/airflow/dags/seismic_etl_pipeline.py
[2025-12-13T21:46:40.244+0000] {processor.py:840} INFO - DAG(s) 'seismic_etl_pipeline' retrieved from /opt/airflow/dags/seismic_etl_pipeline.py
[2025-12-13T21:46:40.260+0000] {logging_mixin.py:188} INFO - [2025-12-13T21:46:40.260+0000] {dag.py:3033} INFO - Sync 1 DAGs
[2025-12-13T21:46:40.272+0000] {logging_mixin.py:188} INFO - [2025-12-13T21:46:40.272+0000] {dag.py:3820} INFO - Setting next_dagrun for seismic_etl_pipeline to 2025-12-13T00:00:00+00:00, run_after=2025-12-14T00:00:00+00:00
[2025-12-13T21:46:40.282+0000] {processor.py:183} INFO - Processing /opt/airflow/dags/seismic_etl_pipeline.py took 0.351 seconds
[2025-12-13T21:47:10.420+0000] {processor.py:161} INFO - Started process (PID=6851) to work on /opt/airflow/dags/seismic_etl_pipeline.py
[2025-12-13T21:47:10.421+0000] {processor.py:830} INFO - Processing file /opt/airflow/dags/seismic_etl_pipeline.py for tasks to queue
[2025-12-13T21:47:10.421+0000] {logging_mixin.py:188} INFO - [2025-12-13T21:47:10.421+0000] {dagbag.py:538} INFO - Filling up the DagBag from /opt/airflow/dags/seismic_etl_pipeline.py
[2025-12-13T21:47:10.727+0000] {processor.py:840} INFO - DAG(s) 'seismic_etl_pipeline' retrieved from /opt/airflow/dags/seismic_etl_pipeline.py
[2025-12-13T21:47:10.743+0000] {logging_mixin.py:188} INFO - [2025-12-13T21:47:10.742+0000] {dag.py:3033} INFO - Sync 1 DAGs
[2025-12-13T21:47:10.754+0000] {logging_mixin.py:188} INFO - [2025-12-13T21:47:10.754+0000] {dag.py:3820} INFO - Setting next_dagrun for seismic_etl_pipeline to 2025-12-13T00:00:00+00:00, run_after=2025-12-14T00:00:00+00:00
[2025-12-13T21:47:10.763+0000] {processor.py:183} INFO - Processing /opt/airflow/dags/seismic_etl_pipeline.py took 0.346 seconds
[2025-12-13T21:47:40.897+0000] {processor.py:161} INFO - Started process (PID=6874) to work on /opt/airflow/dags/seismic_etl_pipeline.py
[2025-12-13T21:47:40.897+0000] {processor.py:830} INFO - Processing file /opt/airflow/dags/seismic_etl_pipeline.py for tasks to queue
[2025-12-13T21:47:40.898+0000] {logging_mixin.py:188} INFO - [2025-12-13T21:47:40.898+0000] {dagbag.py:538} INFO - Filling up the DagBag from /opt/airflow/dags/seismic_etl_pipeline.py
[2025-12-13T21:47:41.206+0000] {processor.py:840} INFO - DAG(s) 'seismic_etl_pipeline' retrieved from /opt/airflow/dags/seismic_etl_pipeline.py
[2025-12-13T21:47:41.221+0000] {logging_mixin.py:188} INFO - [2025-12-13T21:47:41.221+0000] {dag.py:3033} INFO - Sync 1 DAGs
[2025-12-13T21:47:41.233+0000] {logging_mixin.py:188} INFO - [2025-12-13T21:47:41.233+0000] {dag.py:3820} INFO - Setting next_dagrun for seismic_etl_pipeline to 2025-12-13T00:00:00+00:00, run_after=2025-12-14T00:00:00+00:00
[2025-12-13T21:47:41.243+0000] {processor.py:183} INFO - Processing /opt/airflow/dags/seismic_etl_pipeline.py took 0.348 seconds
[2025-12-13T21:48:11.373+0000] {processor.py:161} INFO - Started process (PID=6897) to work on /opt/airflow/dags/seismic_etl_pipeline.py
[2025-12-13T21:48:11.374+0000] {processor.py:830} INFO - Processing file /opt/airflow/dags/seismic_etl_pipeline.py for tasks to queue
[2025-12-13T21:48:11.374+0000] {logging_mixin.py:188} INFO - [2025-12-13T21:48:11.374+0000] {dagbag.py:538} INFO - Filling up the DagBag from /opt/airflow/dags/seismic_etl_pipeline.py
[2025-12-13T21:48:11.681+0000] {processor.py:840} INFO - DAG(s) 'seismic_etl_pipeline' retrieved from /opt/airflow/dags/seismic_etl_pipeline.py
[2025-12-13T21:48:11.697+0000] {logging_mixin.py:188} INFO - [2025-12-13T21:48:11.696+0000] {dag.py:3033} INFO - Sync 1 DAGs
[2025-12-13T21:48:11.708+0000] {logging_mixin.py:188} INFO - [2025-12-13T21:48:11.708+0000] {dag.py:3820} INFO - Setting next_dagrun for seismic_etl_pipeline to 2025-12-13T00:00:00+00:00, run_after=2025-12-14T00:00:00+00:00
[2025-12-13T21:48:11.719+0000] {processor.py:183} INFO - Processing /opt/airflow/dags/seismic_etl_pipeline.py took 0.348 seconds
[2025-12-13T21:48:41.856+0000] {processor.py:161} INFO - Started process (PID=6920) to work on /opt/airflow/dags/seismic_etl_pipeline.py
[2025-12-13T21:48:41.857+0000] {processor.py:830} INFO - Processing file /opt/airflow/dags/seismic_etl_pipeline.py for tasks to queue
[2025-12-13T21:48:41.857+0000] {logging_mixin.py:188} INFO - [2025-12-13T21:48:41.857+0000] {dagbag.py:538} INFO - Filling up the DagBag from /opt/airflow/dags/seismic_etl_pipeline.py
[2025-12-13T21:48:42.165+0000] {processor.py:840} INFO - DAG(s) 'seismic_etl_pipeline' retrieved from /opt/airflow/dags/seismic_etl_pipeline.py
[2025-12-13T21:48:42.180+0000] {logging_mixin.py:188} INFO - [2025-12-13T21:48:42.180+0000] {dag.py:3033} INFO - Sync 1 DAGs
[2025-12-13T21:48:42.192+0000] {logging_mixin.py:188} INFO - [2025-12-13T21:48:42.192+0000] {dag.py:3820} INFO - Setting next_dagrun for seismic_etl_pipeline to 2025-12-13T00:00:00+00:00, run_after=2025-12-14T00:00:00+00:00
[2025-12-13T21:48:42.202+0000] {processor.py:183} INFO - Processing /opt/airflow/dags/seismic_etl_pipeline.py took 0.348 seconds
[2025-12-13T21:49:12.329+0000] {processor.py:161} INFO - Started process (PID=6943) to work on /opt/airflow/dags/seismic_etl_pipeline.py
[2025-12-13T21:49:12.329+0000] {processor.py:830} INFO - Processing file /opt/airflow/dags/seismic_etl_pipeline.py for tasks to queue
[2025-12-13T21:49:12.330+0000] {logging_mixin.py:188} INFO - [2025-12-13T21:49:12.330+0000] {dagbag.py:538} INFO - Filling up the DagBag from /opt/airflow/dags/seismic_etl_pipeline.py
[2025-12-13T21:49:12.638+0000] {processor.py:840} INFO - DAG(s) 'seismic_etl_pipeline' retrieved from /opt/airflow/dags/seismic_etl_pipeline.py
[2025-12-13T21:49:12.654+0000] {logging_mixin.py:188} INFO - [2025-12-13T21:49:12.653+0000] {dag.py:3033} INFO - Sync 1 DAGs
[2025-12-13T21:49:12.665+0000] {logging_mixin.py:188} INFO - [2025-12-13T21:49:12.665+0000] {dag.py:3820} INFO - Setting next_dagrun for seismic_etl_pipeline to 2025-12-13T00:00:00+00:00, run_after=2025-12-14T00:00:00+00:00
[2025-12-13T21:49:12.675+0000] {processor.py:183} INFO - Processing /opt/airflow/dags/seismic_etl_pipeline.py took 0.349 seconds
[2025-12-13T21:49:42.814+0000] {processor.py:161} INFO - Started process (PID=6966) to work on /opt/airflow/dags/seismic_etl_pipeline.py
[2025-12-13T21:49:42.814+0000] {processor.py:830} INFO - Processing file /opt/airflow/dags/seismic_etl_pipeline.py for tasks to queue
[2025-12-13T21:49:42.815+0000] {logging_mixin.py:188} INFO - [2025-12-13T21:49:42.815+0000] {dagbag.py:538} INFO - Filling up the DagBag from /opt/airflow/dags/seismic_etl_pipeline.py
[2025-12-13T21:49:43.121+0000] {processor.py:840} INFO - DAG(s) 'seismic_etl_pipeline' retrieved from /opt/airflow/dags/seismic_etl_pipeline.py
[2025-12-13T21:49:43.136+0000] {logging_mixin.py:188} INFO - [2025-12-13T21:49:43.136+0000] {dag.py:3033} INFO - Sync 1 DAGs
[2025-12-13T21:49:43.148+0000] {logging_mixin.py:188} INFO - [2025-12-13T21:49:43.148+0000] {dag.py:3820} INFO - Setting next_dagrun for seismic_etl_pipeline to 2025-12-13T00:00:00+00:00, run_after=2025-12-14T00:00:00+00:00
[2025-12-13T21:49:43.162+0000] {processor.py:183} INFO - Processing /opt/airflow/dags/seismic_etl_pipeline.py took 0.350 seconds
[2025-12-13T21:50:13.292+0000] {processor.py:161} INFO - Started process (PID=6989) to work on /opt/airflow/dags/seismic_etl_pipeline.py
[2025-12-13T21:50:13.293+0000] {processor.py:830} INFO - Processing file /opt/airflow/dags/seismic_etl_pipeline.py for tasks to queue
[2025-12-13T21:50:13.293+0000] {logging_mixin.py:188} INFO - [2025-12-13T21:50:13.293+0000] {dagbag.py:538} INFO - Filling up the DagBag from /opt/airflow/dags/seismic_etl_pipeline.py
[2025-12-13T21:50:13.599+0000] {processor.py:840} INFO - DAG(s) 'seismic_etl_pipeline' retrieved from /opt/airflow/dags/seismic_etl_pipeline.py
[2025-12-13T21:50:13.614+0000] {logging_mixin.py:188} INFO - [2025-12-13T21:50:13.614+0000] {dag.py:3033} INFO - Sync 1 DAGs
[2025-12-13T21:50:13.625+0000] {logging_mixin.py:188} INFO - [2025-12-13T21:50:13.625+0000] {dag.py:3820} INFO - Setting next_dagrun for seismic_etl_pipeline to 2025-12-13T00:00:00+00:00, run_after=2025-12-14T00:00:00+00:00
[2025-12-13T21:50:13.635+0000] {processor.py:183} INFO - Processing /opt/airflow/dags/seismic_etl_pipeline.py took 0.345 seconds
[2025-12-13T21:50:43.776+0000] {processor.py:161} INFO - Started process (PID=7012) to work on /opt/airflow/dags/seismic_etl_pipeline.py
[2025-12-13T21:50:43.777+0000] {processor.py:830} INFO - Processing file /opt/airflow/dags/seismic_etl_pipeline.py for tasks to queue
[2025-12-13T21:50:43.777+0000] {logging_mixin.py:188} INFO - [2025-12-13T21:50:43.777+0000] {dagbag.py:538} INFO - Filling up the DagBag from /opt/airflow/dags/seismic_etl_pipeline.py
[2025-12-13T21:50:44.090+0000] {processor.py:840} INFO - DAG(s) 'seismic_etl_pipeline' retrieved from /opt/airflow/dags/seismic_etl_pipeline.py
[2025-12-13T21:50:44.105+0000] {logging_mixin.py:188} INFO - [2025-12-13T21:50:44.105+0000] {dag.py:3033} INFO - Sync 1 DAGs
[2025-12-13T21:50:44.117+0000] {logging_mixin.py:188} INFO - [2025-12-13T21:50:44.117+0000] {dag.py:3820} INFO - Setting next_dagrun for seismic_etl_pipeline to 2025-12-13T00:00:00+00:00, run_after=2025-12-14T00:00:00+00:00
[2025-12-13T21:50:44.127+0000] {processor.py:183} INFO - Processing /opt/airflow/dags/seismic_etl_pipeline.py took 0.353 seconds
[2025-12-13T21:51:14.260+0000] {processor.py:161} INFO - Started process (PID=7035) to work on /opt/airflow/dags/seismic_etl_pipeline.py
[2025-12-13T21:51:14.261+0000] {processor.py:830} INFO - Processing file /opt/airflow/dags/seismic_etl_pipeline.py for tasks to queue
[2025-12-13T21:51:14.261+0000] {logging_mixin.py:188} INFO - [2025-12-13T21:51:14.261+0000] {dagbag.py:538} INFO - Filling up the DagBag from /opt/airflow/dags/seismic_etl_pipeline.py
[2025-12-13T21:51:14.568+0000] {processor.py:840} INFO - DAG(s) 'seismic_etl_pipeline' retrieved from /opt/airflow/dags/seismic_etl_pipeline.py
[2025-12-13T21:51:14.584+0000] {logging_mixin.py:188} INFO - [2025-12-13T21:51:14.583+0000] {dag.py:3033} INFO - Sync 1 DAGs
[2025-12-13T21:51:14.595+0000] {logging_mixin.py:188} INFO - [2025-12-13T21:51:14.595+0000] {dag.py:3820} INFO - Setting next_dagrun for seismic_etl_pipeline to 2025-12-13T00:00:00+00:00, run_after=2025-12-14T00:00:00+00:00
[2025-12-13T21:51:14.605+0000] {processor.py:183} INFO - Processing /opt/airflow/dags/seismic_etl_pipeline.py took 0.347 seconds
[2025-12-13T21:51:44.732+0000] {processor.py:161} INFO - Started process (PID=7058) to work on /opt/airflow/dags/seismic_etl_pipeline.py
[2025-12-13T21:51:44.732+0000] {processor.py:830} INFO - Processing file /opt/airflow/dags/seismic_etl_pipeline.py for tasks to queue
[2025-12-13T21:51:44.733+0000] {logging_mixin.py:188} INFO - [2025-12-13T21:51:44.733+0000] {dagbag.py:538} INFO - Filling up the DagBag from /opt/airflow/dags/seismic_etl_pipeline.py
[2025-12-13T21:51:45.041+0000] {processor.py:840} INFO - DAG(s) 'seismic_etl_pipeline' retrieved from /opt/airflow/dags/seismic_etl_pipeline.py
[2025-12-13T21:51:45.057+0000] {logging_mixin.py:188} INFO - [2025-12-13T21:51:45.057+0000] {dag.py:3033} INFO - Sync 1 DAGs
[2025-12-13T21:51:45.069+0000] {logging_mixin.py:188} INFO - [2025-12-13T21:51:45.069+0000] {dag.py:3820} INFO - Setting next_dagrun for seismic_etl_pipeline to 2025-12-13T00:00:00+00:00, run_after=2025-12-14T00:00:00+00:00
[2025-12-13T21:51:45.080+0000] {processor.py:183} INFO - Processing /opt/airflow/dags/seismic_etl_pipeline.py took 0.350 seconds
[2025-12-13T21:52:15.216+0000] {processor.py:161} INFO - Started process (PID=7081) to work on /opt/airflow/dags/seismic_etl_pipeline.py
[2025-12-13T21:52:15.217+0000] {processor.py:830} INFO - Processing file /opt/airflow/dags/seismic_etl_pipeline.py for tasks to queue
[2025-12-13T21:52:15.217+0000] {logging_mixin.py:188} INFO - [2025-12-13T21:52:15.217+0000] {dagbag.py:538} INFO - Filling up the DagBag from /opt/airflow/dags/seismic_etl_pipeline.py
[2025-12-13T21:52:15.529+0000] {processor.py:840} INFO - DAG(s) 'seismic_etl_pipeline' retrieved from /opt/airflow/dags/seismic_etl_pipeline.py
[2025-12-13T21:52:15.545+0000] {logging_mixin.py:188} INFO - [2025-12-13T21:52:15.545+0000] {dag.py:3033} INFO - Sync 1 DAGs
[2025-12-13T21:52:15.556+0000] {logging_mixin.py:188} INFO - [2025-12-13T21:52:15.556+0000] {dag.py:3820} INFO - Setting next_dagrun for seismic_etl_pipeline to 2025-12-13T00:00:00+00:00, run_after=2025-12-14T00:00:00+00:00
[2025-12-13T21:52:15.566+0000] {processor.py:183} INFO - Processing /opt/airflow/dags/seismic_etl_pipeline.py took 0.353 seconds
[2025-12-13T21:52:45.695+0000] {processor.py:161} INFO - Started process (PID=7104) to work on /opt/airflow/dags/seismic_etl_pipeline.py
[2025-12-13T21:52:45.695+0000] {processor.py:830} INFO - Processing file /opt/airflow/dags/seismic_etl_pipeline.py for tasks to queue
[2025-12-13T21:52:45.696+0000] {logging_mixin.py:188} INFO - [2025-12-13T21:52:45.696+0000] {dagbag.py:538} INFO - Filling up the DagBag from /opt/airflow/dags/seismic_etl_pipeline.py
[2025-12-13T21:52:46.004+0000] {processor.py:840} INFO - DAG(s) 'seismic_etl_pipeline' retrieved from /opt/airflow/dags/seismic_etl_pipeline.py
[2025-12-13T21:52:46.020+0000] {logging_mixin.py:188} INFO - [2025-12-13T21:52:46.019+0000] {dag.py:3033} INFO - Sync 1 DAGs
[2025-12-13T21:52:46.031+0000] {logging_mixin.py:188} INFO - [2025-12-13T21:52:46.031+0000] {dag.py:3820} INFO - Setting next_dagrun for seismic_etl_pipeline to 2025-12-13T00:00:00+00:00, run_after=2025-12-14T00:00:00+00:00
[2025-12-13T21:52:46.047+0000] {processor.py:183} INFO - Processing /opt/airflow/dags/seismic_etl_pipeline.py took 0.355 seconds
[2025-12-13T21:53:16.160+0000] {processor.py:161} INFO - Started process (PID=7127) to work on /opt/airflow/dags/seismic_etl_pipeline.py
[2025-12-13T21:53:16.161+0000] {processor.py:830} INFO - Processing file /opt/airflow/dags/seismic_etl_pipeline.py for tasks to queue
[2025-12-13T21:53:16.161+0000] {logging_mixin.py:188} INFO - [2025-12-13T21:53:16.161+0000] {dagbag.py:538} INFO - Filling up the DagBag from /opt/airflow/dags/seismic_etl_pipeline.py
[2025-12-13T21:53:16.467+0000] {processor.py:840} INFO - DAG(s) 'seismic_etl_pipeline' retrieved from /opt/airflow/dags/seismic_etl_pipeline.py
[2025-12-13T21:53:16.483+0000] {logging_mixin.py:188} INFO - [2025-12-13T21:53:16.482+0000] {dag.py:3033} INFO - Sync 1 DAGs
[2025-12-13T21:53:16.494+0000] {logging_mixin.py:188} INFO - [2025-12-13T21:53:16.494+0000] {dag.py:3820} INFO - Setting next_dagrun for seismic_etl_pipeline to 2025-12-13T00:00:00+00:00, run_after=2025-12-14T00:00:00+00:00
[2025-12-13T21:53:16.509+0000] {processor.py:183} INFO - Processing /opt/airflow/dags/seismic_etl_pipeline.py took 0.352 seconds
[2025-12-13T21:53:46.640+0000] {processor.py:161} INFO - Started process (PID=7150) to work on /opt/airflow/dags/seismic_etl_pipeline.py
[2025-12-13T21:53:46.640+0000] {processor.py:830} INFO - Processing file /opt/airflow/dags/seismic_etl_pipeline.py for tasks to queue
[2025-12-13T21:53:46.640+0000] {logging_mixin.py:188} INFO - [2025-12-13T21:53:46.640+0000] {dagbag.py:538} INFO - Filling up the DagBag from /opt/airflow/dags/seismic_etl_pipeline.py
[2025-12-13T21:53:46.949+0000] {processor.py:840} INFO - DAG(s) 'seismic_etl_pipeline' retrieved from /opt/airflow/dags/seismic_etl_pipeline.py
[2025-12-13T21:53:46.964+0000] {logging_mixin.py:188} INFO - [2025-12-13T21:53:46.964+0000] {dag.py:3033} INFO - Sync 1 DAGs
[2025-12-13T21:53:46.976+0000] {logging_mixin.py:188} INFO - [2025-12-13T21:53:46.976+0000] {dag.py:3820} INFO - Setting next_dagrun for seismic_etl_pipeline to 2025-12-13T00:00:00+00:00, run_after=2025-12-14T00:00:00+00:00
[2025-12-13T21:53:46.986+0000] {processor.py:183} INFO - Processing /opt/airflow/dags/seismic_etl_pipeline.py took 0.349 seconds
[2025-12-13T21:54:17.125+0000] {processor.py:161} INFO - Started process (PID=7173) to work on /opt/airflow/dags/seismic_etl_pipeline.py
[2025-12-13T21:54:17.126+0000] {processor.py:830} INFO - Processing file /opt/airflow/dags/seismic_etl_pipeline.py for tasks to queue
[2025-12-13T21:54:17.126+0000] {logging_mixin.py:188} INFO - [2025-12-13T21:54:17.126+0000] {dagbag.py:538} INFO - Filling up the DagBag from /opt/airflow/dags/seismic_etl_pipeline.py
[2025-12-13T21:54:17.432+0000] {processor.py:840} INFO - DAG(s) 'seismic_etl_pipeline' retrieved from /opt/airflow/dags/seismic_etl_pipeline.py
[2025-12-13T21:54:17.447+0000] {logging_mixin.py:188} INFO - [2025-12-13T21:54:17.447+0000] {dag.py:3033} INFO - Sync 1 DAGs
[2025-12-13T21:54:17.458+0000] {logging_mixin.py:188} INFO - [2025-12-13T21:54:17.458+0000] {dag.py:3820} INFO - Setting next_dagrun for seismic_etl_pipeline to 2025-12-13T00:00:00+00:00, run_after=2025-12-14T00:00:00+00:00
[2025-12-13T21:54:17.468+0000] {processor.py:183} INFO - Processing /opt/airflow/dags/seismic_etl_pipeline.py took 0.346 seconds
[2025-12-13T21:54:47.596+0000] {processor.py:161} INFO - Started process (PID=7196) to work on /opt/airflow/dags/seismic_etl_pipeline.py
[2025-12-13T21:54:47.600+0000] {processor.py:830} INFO - Processing file /opt/airflow/dags/seismic_etl_pipeline.py for tasks to queue
[2025-12-13T21:54:47.600+0000] {logging_mixin.py:188} INFO - [2025-12-13T21:54:47.600+0000] {dagbag.py:538} INFO - Filling up the DagBag from /opt/airflow/dags/seismic_etl_pipeline.py
[2025-12-13T21:54:47.902+0000] {processor.py:840} INFO - DAG(s) 'seismic_etl_pipeline' retrieved from /opt/airflow/dags/seismic_etl_pipeline.py
[2025-12-13T21:54:47.918+0000] {logging_mixin.py:188} INFO - [2025-12-13T21:54:47.917+0000] {dag.py:3033} INFO - Sync 1 DAGs
[2025-12-13T21:54:47.930+0000] {logging_mixin.py:188} INFO - [2025-12-13T21:54:47.930+0000] {dag.py:3820} INFO - Setting next_dagrun for seismic_etl_pipeline to 2025-12-13T00:00:00+00:00, run_after=2025-12-14T00:00:00+00:00
[2025-12-13T21:54:47.940+0000] {processor.py:183} INFO - Processing /opt/airflow/dags/seismic_etl_pipeline.py took 0.346 seconds
[2025-12-13T21:55:18.076+0000] {processor.py:161} INFO - Started process (PID=7219) to work on /opt/airflow/dags/seismic_etl_pipeline.py
[2025-12-13T21:55:18.077+0000] {processor.py:830} INFO - Processing file /opt/airflow/dags/seismic_etl_pipeline.py for tasks to queue
[2025-12-13T21:55:18.077+0000] {logging_mixin.py:188} INFO - [2025-12-13T21:55:18.077+0000] {dagbag.py:538} INFO - Filling up the DagBag from /opt/airflow/dags/seismic_etl_pipeline.py
[2025-12-13T21:55:18.396+0000] {processor.py:840} INFO - DAG(s) 'seismic_etl_pipeline' retrieved from /opt/airflow/dags/seismic_etl_pipeline.py
[2025-12-13T21:55:18.411+0000] {logging_mixin.py:188} INFO - [2025-12-13T21:55:18.411+0000] {dag.py:3033} INFO - Sync 1 DAGs
[2025-12-13T21:55:18.423+0000] {logging_mixin.py:188} INFO - [2025-12-13T21:55:18.422+0000] {dag.py:3820} INFO - Setting next_dagrun for seismic_etl_pipeline to 2025-12-13T00:00:00+00:00, run_after=2025-12-14T00:00:00+00:00
[2025-12-13T21:55:18.433+0000] {processor.py:183} INFO - Processing /opt/airflow/dags/seismic_etl_pipeline.py took 0.359 seconds
[2025-12-13T21:55:48.564+0000] {processor.py:161} INFO - Started process (PID=7242) to work on /opt/airflow/dags/seismic_etl_pipeline.py
[2025-12-13T21:55:48.565+0000] {processor.py:830} INFO - Processing file /opt/airflow/dags/seismic_etl_pipeline.py for tasks to queue
[2025-12-13T21:55:48.565+0000] {logging_mixin.py:188} INFO - [2025-12-13T21:55:48.565+0000] {dagbag.py:538} INFO - Filling up the DagBag from /opt/airflow/dags/seismic_etl_pipeline.py
[2025-12-13T21:55:48.874+0000] {processor.py:840} INFO - DAG(s) 'seismic_etl_pipeline' retrieved from /opt/airflow/dags/seismic_etl_pipeline.py
[2025-12-13T21:55:48.889+0000] {logging_mixin.py:188} INFO - [2025-12-13T21:55:48.889+0000] {dag.py:3033} INFO - Sync 1 DAGs
[2025-12-13T21:55:48.901+0000] {logging_mixin.py:188} INFO - [2025-12-13T21:55:48.901+0000] {dag.py:3820} INFO - Setting next_dagrun for seismic_etl_pipeline to 2025-12-13T00:00:00+00:00, run_after=2025-12-14T00:00:00+00:00
[2025-12-13T21:55:48.911+0000] {processor.py:183} INFO - Processing /opt/airflow/dags/seismic_etl_pipeline.py took 0.349 seconds
[2025-12-13T21:56:19.038+0000] {processor.py:161} INFO - Started process (PID=7265) to work on /opt/airflow/dags/seismic_etl_pipeline.py
[2025-12-13T21:56:19.039+0000] {processor.py:830} INFO - Processing file /opt/airflow/dags/seismic_etl_pipeline.py for tasks to queue
[2025-12-13T21:56:19.040+0000] {logging_mixin.py:188} INFO - [2025-12-13T21:56:19.039+0000] {dagbag.py:538} INFO - Filling up the DagBag from /opt/airflow/dags/seismic_etl_pipeline.py
[2025-12-13T21:56:19.348+0000] {processor.py:840} INFO - DAG(s) 'seismic_etl_pipeline' retrieved from /opt/airflow/dags/seismic_etl_pipeline.py
[2025-12-13T21:56:19.364+0000] {logging_mixin.py:188} INFO - [2025-12-13T21:56:19.363+0000] {dag.py:3033} INFO - Sync 1 DAGs
[2025-12-13T21:56:19.375+0000] {logging_mixin.py:188} INFO - [2025-12-13T21:56:19.375+0000] {dag.py:3820} INFO - Setting next_dagrun for seismic_etl_pipeline to 2025-12-13T00:00:00+00:00, run_after=2025-12-14T00:00:00+00:00
[2025-12-13T21:56:19.387+0000] {processor.py:183} INFO - Processing /opt/airflow/dags/seismic_etl_pipeline.py took 0.351 seconds
[2025-12-13T21:56:49.519+0000] {processor.py:161} INFO - Started process (PID=7288) to work on /opt/airflow/dags/seismic_etl_pipeline.py
[2025-12-13T21:56:49.519+0000] {processor.py:830} INFO - Processing file /opt/airflow/dags/seismic_etl_pipeline.py for tasks to queue
[2025-12-13T21:56:49.520+0000] {logging_mixin.py:188} INFO - [2025-12-13T21:56:49.520+0000] {dagbag.py:538} INFO - Filling up the DagBag from /opt/airflow/dags/seismic_etl_pipeline.py
[2025-12-13T21:56:49.830+0000] {processor.py:840} INFO - DAG(s) 'seismic_etl_pipeline' retrieved from /opt/airflow/dags/seismic_etl_pipeline.py
[2025-12-13T21:56:49.846+0000] {logging_mixin.py:188} INFO - [2025-12-13T21:56:49.845+0000] {dag.py:3033} INFO - Sync 1 DAGs
[2025-12-13T21:56:49.858+0000] {logging_mixin.py:188} INFO - [2025-12-13T21:56:49.858+0000] {dag.py:3820} INFO - Setting next_dagrun for seismic_etl_pipeline to 2025-12-13T00:00:00+00:00, run_after=2025-12-14T00:00:00+00:00
[2025-12-13T21:56:49.868+0000] {processor.py:183} INFO - Processing /opt/airflow/dags/seismic_etl_pipeline.py took 0.351 seconds
[2025-12-13T21:57:19.996+0000] {processor.py:161} INFO - Started process (PID=7311) to work on /opt/airflow/dags/seismic_etl_pipeline.py
[2025-12-13T21:57:19.997+0000] {processor.py:830} INFO - Processing file /opt/airflow/dags/seismic_etl_pipeline.py for tasks to queue
[2025-12-13T21:57:19.997+0000] {logging_mixin.py:188} INFO - [2025-12-13T21:57:19.997+0000] {dagbag.py:538} INFO - Filling up the DagBag from /opt/airflow/dags/seismic_etl_pipeline.py
[2025-12-13T21:57:20.302+0000] {processor.py:840} INFO - DAG(s) 'seismic_etl_pipeline' retrieved from /opt/airflow/dags/seismic_etl_pipeline.py
[2025-12-13T21:57:20.318+0000] {logging_mixin.py:188} INFO - [2025-12-13T21:57:20.318+0000] {dag.py:3033} INFO - Sync 1 DAGs
[2025-12-13T21:57:20.329+0000] {logging_mixin.py:188} INFO - [2025-12-13T21:57:20.329+0000] {dag.py:3820} INFO - Setting next_dagrun for seismic_etl_pipeline to 2025-12-13T00:00:00+00:00, run_after=2025-12-14T00:00:00+00:00
[2025-12-13T21:57:20.339+0000] {processor.py:183} INFO - Processing /opt/airflow/dags/seismic_etl_pipeline.py took 0.346 seconds
[2025-12-13T21:57:50.472+0000] {processor.py:161} INFO - Started process (PID=7334) to work on /opt/airflow/dags/seismic_etl_pipeline.py
[2025-12-13T21:57:50.473+0000] {processor.py:830} INFO - Processing file /opt/airflow/dags/seismic_etl_pipeline.py for tasks to queue
[2025-12-13T21:57:50.473+0000] {logging_mixin.py:188} INFO - [2025-12-13T21:57:50.473+0000] {dagbag.py:538} INFO - Filling up the DagBag from /opt/airflow/dags/seismic_etl_pipeline.py
[2025-12-13T21:57:50.790+0000] {processor.py:840} INFO - DAG(s) 'seismic_etl_pipeline' retrieved from /opt/airflow/dags/seismic_etl_pipeline.py
[2025-12-13T21:57:50.806+0000] {logging_mixin.py:188} INFO - [2025-12-13T21:57:50.806+0000] {dag.py:3033} INFO - Sync 1 DAGs
[2025-12-13T21:57:50.818+0000] {logging_mixin.py:188} INFO - [2025-12-13T21:57:50.818+0000] {dag.py:3820} INFO - Setting next_dagrun for seismic_etl_pipeline to 2025-12-13T00:00:00+00:00, run_after=2025-12-14T00:00:00+00:00
[2025-12-13T21:57:50.828+0000] {processor.py:183} INFO - Processing /opt/airflow/dags/seismic_etl_pipeline.py took 0.358 seconds
[2025-12-13T21:58:20.944+0000] {processor.py:161} INFO - Started process (PID=7357) to work on /opt/airflow/dags/seismic_etl_pipeline.py
[2025-12-13T21:58:20.945+0000] {processor.py:830} INFO - Processing file /opt/airflow/dags/seismic_etl_pipeline.py for tasks to queue
[2025-12-13T21:58:20.945+0000] {logging_mixin.py:188} INFO - [2025-12-13T21:58:20.945+0000] {dagbag.py:538} INFO - Filling up the DagBag from /opt/airflow/dags/seismic_etl_pipeline.py
[2025-12-13T21:58:21.249+0000] {processor.py:840} INFO - DAG(s) 'seismic_etl_pipeline' retrieved from /opt/airflow/dags/seismic_etl_pipeline.py
[2025-12-13T21:58:21.264+0000] {logging_mixin.py:188} INFO - [2025-12-13T21:58:21.264+0000] {dag.py:3033} INFO - Sync 1 DAGs
[2025-12-13T21:58:21.276+0000] {logging_mixin.py:188} INFO - [2025-12-13T21:58:21.276+0000] {dag.py:3820} INFO - Setting next_dagrun for seismic_etl_pipeline to 2025-12-13T00:00:00+00:00, run_after=2025-12-14T00:00:00+00:00
[2025-12-13T21:58:21.287+0000] {processor.py:183} INFO - Processing /opt/airflow/dags/seismic_etl_pipeline.py took 0.345 seconds
[2025-12-13T21:58:51.419+0000] {processor.py:161} INFO - Started process (PID=7380) to work on /opt/airflow/dags/seismic_etl_pipeline.py
[2025-12-13T21:58:51.419+0000] {processor.py:830} INFO - Processing file /opt/airflow/dags/seismic_etl_pipeline.py for tasks to queue
[2025-12-13T21:58:51.420+0000] {logging_mixin.py:188} INFO - [2025-12-13T21:58:51.419+0000] {dagbag.py:538} INFO - Filling up the DagBag from /opt/airflow/dags/seismic_etl_pipeline.py
[2025-12-13T21:58:51.723+0000] {processor.py:840} INFO - DAG(s) 'seismic_etl_pipeline' retrieved from /opt/airflow/dags/seismic_etl_pipeline.py
[2025-12-13T21:58:51.739+0000] {logging_mixin.py:188} INFO - [2025-12-13T21:58:51.739+0000] {dag.py:3033} INFO - Sync 1 DAGs
[2025-12-13T21:58:51.751+0000] {logging_mixin.py:188} INFO - [2025-12-13T21:58:51.751+0000] {dag.py:3820} INFO - Setting next_dagrun for seismic_etl_pipeline to 2025-12-13T00:00:00+00:00, run_after=2025-12-14T00:00:00+00:00
[2025-12-13T21:58:51.761+0000] {processor.py:183} INFO - Processing /opt/airflow/dags/seismic_etl_pipeline.py took 0.344 seconds
[2025-12-13T21:59:21.893+0000] {processor.py:161} INFO - Started process (PID=7403) to work on /opt/airflow/dags/seismic_etl_pipeline.py
[2025-12-13T21:59:21.893+0000] {processor.py:830} INFO - Processing file /opt/airflow/dags/seismic_etl_pipeline.py for tasks to queue
[2025-12-13T21:59:21.894+0000] {logging_mixin.py:188} INFO - [2025-12-13T21:59:21.894+0000] {dagbag.py:538} INFO - Filling up the DagBag from /opt/airflow/dags/seismic_etl_pipeline.py
[2025-12-13T21:59:22.199+0000] {processor.py:840} INFO - DAG(s) 'seismic_etl_pipeline' retrieved from /opt/airflow/dags/seismic_etl_pipeline.py
[2025-12-13T21:59:22.214+0000] {logging_mixin.py:188} INFO - [2025-12-13T21:59:22.214+0000] {dag.py:3033} INFO - Sync 1 DAGs
[2025-12-13T21:59:22.226+0000] {logging_mixin.py:188} INFO - [2025-12-13T21:59:22.225+0000] {dag.py:3820} INFO - Setting next_dagrun for seismic_etl_pipeline to 2025-12-13T00:00:00+00:00, run_after=2025-12-14T00:00:00+00:00
[2025-12-13T21:59:22.236+0000] {processor.py:183} INFO - Processing /opt/airflow/dags/seismic_etl_pipeline.py took 0.346 seconds
[2025-12-13T21:59:52.364+0000] {processor.py:161} INFO - Started process (PID=7426) to work on /opt/airflow/dags/seismic_etl_pipeline.py
[2025-12-13T21:59:52.364+0000] {processor.py:830} INFO - Processing file /opt/airflow/dags/seismic_etl_pipeline.py for tasks to queue
[2025-12-13T21:59:52.365+0000] {logging_mixin.py:188} INFO - [2025-12-13T21:59:52.364+0000] {dagbag.py:538} INFO - Filling up the DagBag from /opt/airflow/dags/seismic_etl_pipeline.py
[2025-12-13T21:59:52.668+0000] {processor.py:840} INFO - DAG(s) 'seismic_etl_pipeline' retrieved from /opt/airflow/dags/seismic_etl_pipeline.py
[2025-12-13T21:59:52.684+0000] {logging_mixin.py:188} INFO - [2025-12-13T21:59:52.684+0000] {dag.py:3033} INFO - Sync 1 DAGs
[2025-12-13T21:59:52.696+0000] {logging_mixin.py:188} INFO - [2025-12-13T21:59:52.696+0000] {dag.py:3820} INFO - Setting next_dagrun for seismic_etl_pipeline to 2025-12-13T00:00:00+00:00, run_after=2025-12-14T00:00:00+00:00
[2025-12-13T21:59:52.706+0000] {processor.py:183} INFO - Processing /opt/airflow/dags/seismic_etl_pipeline.py took 0.345 seconds
[2025-12-13T22:00:22.835+0000] {processor.py:161} INFO - Started process (PID=7449) to work on /opt/airflow/dags/seismic_etl_pipeline.py
[2025-12-13T22:00:22.835+0000] {processor.py:830} INFO - Processing file /opt/airflow/dags/seismic_etl_pipeline.py for tasks to queue
[2025-12-13T22:00:22.836+0000] {logging_mixin.py:188} INFO - [2025-12-13T22:00:22.836+0000] {dagbag.py:538} INFO - Filling up the DagBag from /opt/airflow/dags/seismic_etl_pipeline.py
[2025-12-13T22:00:23.142+0000] {processor.py:840} INFO - DAG(s) 'seismic_etl_pipeline' retrieved from /opt/airflow/dags/seismic_etl_pipeline.py
[2025-12-13T22:00:23.157+0000] {logging_mixin.py:188} INFO - [2025-12-13T22:00:23.157+0000] {dag.py:3033} INFO - Sync 1 DAGs
[2025-12-13T22:00:23.169+0000] {logging_mixin.py:188} INFO - [2025-12-13T22:00:23.169+0000] {dag.py:3820} INFO - Setting next_dagrun for seismic_etl_pipeline to 2025-12-13T00:00:00+00:00, run_after=2025-12-14T00:00:00+00:00
[2025-12-13T22:00:23.179+0000] {processor.py:183} INFO - Processing /opt/airflow/dags/seismic_etl_pipeline.py took 0.347 seconds
[2025-12-13T22:00:53.311+0000] {processor.py:161} INFO - Started process (PID=7472) to work on /opt/airflow/dags/seismic_etl_pipeline.py
[2025-12-13T22:00:53.312+0000] {processor.py:830} INFO - Processing file /opt/airflow/dags/seismic_etl_pipeline.py for tasks to queue
[2025-12-13T22:00:53.312+0000] {logging_mixin.py:188} INFO - [2025-12-13T22:00:53.312+0000] {dagbag.py:538} INFO - Filling up the DagBag from /opt/airflow/dags/seismic_etl_pipeline.py
[2025-12-13T22:00:53.617+0000] {processor.py:840} INFO - DAG(s) 'seismic_etl_pipeline' retrieved from /opt/airflow/dags/seismic_etl_pipeline.py
[2025-12-13T22:00:53.633+0000] {logging_mixin.py:188} INFO - [2025-12-13T22:00:53.632+0000] {dag.py:3033} INFO - Sync 1 DAGs
[2025-12-13T22:00:53.644+0000] {logging_mixin.py:188} INFO - [2025-12-13T22:00:53.644+0000] {dag.py:3820} INFO - Setting next_dagrun for seismic_etl_pipeline to 2025-12-13T00:00:00+00:00, run_after=2025-12-14T00:00:00+00:00
[2025-12-13T22:00:53.657+0000] {processor.py:183} INFO - Processing /opt/airflow/dags/seismic_etl_pipeline.py took 0.348 seconds
[2025-12-13T22:01:23.786+0000] {processor.py:161} INFO - Started process (PID=7495) to work on /opt/airflow/dags/seismic_etl_pipeline.py
[2025-12-13T22:01:23.787+0000] {processor.py:830} INFO - Processing file /opt/airflow/dags/seismic_etl_pipeline.py for tasks to queue
[2025-12-13T22:01:23.787+0000] {logging_mixin.py:188} INFO - [2025-12-13T22:01:23.787+0000] {dagbag.py:538} INFO - Filling up the DagBag from /opt/airflow/dags/seismic_etl_pipeline.py
[2025-12-13T22:01:24.091+0000] {processor.py:840} INFO - DAG(s) 'seismic_etl_pipeline' retrieved from /opt/airflow/dags/seismic_etl_pipeline.py
[2025-12-13T22:01:24.106+0000] {logging_mixin.py:188} INFO - [2025-12-13T22:01:24.106+0000] {dag.py:3033} INFO - Sync 1 DAGs
[2025-12-13T22:01:24.117+0000] {logging_mixin.py:188} INFO - [2025-12-13T22:01:24.117+0000] {dag.py:3820} INFO - Setting next_dagrun for seismic_etl_pipeline to 2025-12-13T00:00:00+00:00, run_after=2025-12-14T00:00:00+00:00
[2025-12-13T22:01:24.127+0000] {processor.py:183} INFO - Processing /opt/airflow/dags/seismic_etl_pipeline.py took 0.344 seconds
[2025-12-13T22:01:54.260+0000] {processor.py:161} INFO - Started process (PID=7518) to work on /opt/airflow/dags/seismic_etl_pipeline.py
[2025-12-13T22:01:54.261+0000] {processor.py:830} INFO - Processing file /opt/airflow/dags/seismic_etl_pipeline.py for tasks to queue
[2025-12-13T22:01:54.261+0000] {logging_mixin.py:188} INFO - [2025-12-13T22:01:54.261+0000] {dagbag.py:538} INFO - Filling up the DagBag from /opt/airflow/dags/seismic_etl_pipeline.py
[2025-12-13T22:01:54.564+0000] {processor.py:840} INFO - DAG(s) 'seismic_etl_pipeline' retrieved from /opt/airflow/dags/seismic_etl_pipeline.py
[2025-12-13T22:01:54.580+0000] {logging_mixin.py:188} INFO - [2025-12-13T22:01:54.579+0000] {dag.py:3033} INFO - Sync 1 DAGs
[2025-12-13T22:01:54.592+0000] {logging_mixin.py:188} INFO - [2025-12-13T22:01:54.591+0000] {dag.py:3820} INFO - Setting next_dagrun for seismic_etl_pipeline to 2025-12-13T00:00:00+00:00, run_after=2025-12-14T00:00:00+00:00
[2025-12-13T22:01:54.601+0000] {processor.py:183} INFO - Processing /opt/airflow/dags/seismic_etl_pipeline.py took 0.343 seconds
[2025-12-13T22:02:24.732+0000] {processor.py:161} INFO - Started process (PID=7541) to work on /opt/airflow/dags/seismic_etl_pipeline.py
[2025-12-13T22:02:24.733+0000] {processor.py:830} INFO - Processing file /opt/airflow/dags/seismic_etl_pipeline.py for tasks to queue
[2025-12-13T22:02:24.734+0000] {logging_mixin.py:188} INFO - [2025-12-13T22:02:24.733+0000] {dagbag.py:538} INFO - Filling up the DagBag from /opt/airflow/dags/seismic_etl_pipeline.py
[2025-12-13T22:02:25.036+0000] {processor.py:840} INFO - DAG(s) 'seismic_etl_pipeline' retrieved from /opt/airflow/dags/seismic_etl_pipeline.py
[2025-12-13T22:02:25.052+0000] {logging_mixin.py:188} INFO - [2025-12-13T22:02:25.052+0000] {dag.py:3033} INFO - Sync 1 DAGs
[2025-12-13T22:02:25.063+0000] {logging_mixin.py:188} INFO - [2025-12-13T22:02:25.063+0000] {dag.py:3820} INFO - Setting next_dagrun for seismic_etl_pipeline to 2025-12-13T00:00:00+00:00, run_after=2025-12-14T00:00:00+00:00
[2025-12-13T22:02:25.079+0000] {processor.py:183} INFO - Processing /opt/airflow/dags/seismic_etl_pipeline.py took 0.349 seconds
[2025-12-13T22:02:55.209+0000] {processor.py:161} INFO - Started process (PID=7564) to work on /opt/airflow/dags/seismic_etl_pipeline.py
[2025-12-13T22:02:55.209+0000] {processor.py:830} INFO - Processing file /opt/airflow/dags/seismic_etl_pipeline.py for tasks to queue
[2025-12-13T22:02:55.209+0000] {logging_mixin.py:188} INFO - [2025-12-13T22:02:55.209+0000] {dagbag.py:538} INFO - Filling up the DagBag from /opt/airflow/dags/seismic_etl_pipeline.py
[2025-12-13T22:02:55.513+0000] {processor.py:840} INFO - DAG(s) 'seismic_etl_pipeline' retrieved from /opt/airflow/dags/seismic_etl_pipeline.py
[2025-12-13T22:02:55.529+0000] {logging_mixin.py:188} INFO - [2025-12-13T22:02:55.529+0000] {dag.py:3033} INFO - Sync 1 DAGs
[2025-12-13T22:02:55.541+0000] {logging_mixin.py:188} INFO - [2025-12-13T22:02:55.541+0000] {dag.py:3820} INFO - Setting next_dagrun for seismic_etl_pipeline to 2025-12-13T00:00:00+00:00, run_after=2025-12-14T00:00:00+00:00
[2025-12-13T22:02:55.551+0000] {processor.py:183} INFO - Processing /opt/airflow/dags/seismic_etl_pipeline.py took 0.345 seconds
[2025-12-13T22:03:25.683+0000] {processor.py:161} INFO - Started process (PID=7587) to work on /opt/airflow/dags/seismic_etl_pipeline.py
[2025-12-13T22:03:25.683+0000] {processor.py:830} INFO - Processing file /opt/airflow/dags/seismic_etl_pipeline.py for tasks to queue
[2025-12-13T22:03:25.684+0000] {logging_mixin.py:188} INFO - [2025-12-13T22:03:25.683+0000] {dagbag.py:538} INFO - Filling up the DagBag from /opt/airflow/dags/seismic_etl_pipeline.py
[2025-12-13T22:03:25.989+0000] {processor.py:840} INFO - DAG(s) 'seismic_etl_pipeline' retrieved from /opt/airflow/dags/seismic_etl_pipeline.py
[2025-12-13T22:03:26.004+0000] {logging_mixin.py:188} INFO - [2025-12-13T22:03:26.004+0000] {dag.py:3033} INFO - Sync 1 DAGs
[2025-12-13T22:03:26.016+0000] {logging_mixin.py:188} INFO - [2025-12-13T22:03:26.015+0000] {dag.py:3820} INFO - Setting next_dagrun for seismic_etl_pipeline to 2025-12-13T00:00:00+00:00, run_after=2025-12-14T00:00:00+00:00
[2025-12-13T22:03:26.025+0000] {processor.py:183} INFO - Processing /opt/airflow/dags/seismic_etl_pipeline.py took 0.345 seconds
[2025-12-13T22:03:56.154+0000] {processor.py:161} INFO - Started process (PID=7610) to work on /opt/airflow/dags/seismic_etl_pipeline.py
[2025-12-13T22:03:56.155+0000] {processor.py:830} INFO - Processing file /opt/airflow/dags/seismic_etl_pipeline.py for tasks to queue
[2025-12-13T22:03:56.155+0000] {logging_mixin.py:188} INFO - [2025-12-13T22:03:56.155+0000] {dagbag.py:538} INFO - Filling up the DagBag from /opt/airflow/dags/seismic_etl_pipeline.py
[2025-12-13T22:03:56.459+0000] {processor.py:840} INFO - DAG(s) 'seismic_etl_pipeline' retrieved from /opt/airflow/dags/seismic_etl_pipeline.py
[2025-12-13T22:03:56.475+0000] {logging_mixin.py:188} INFO - [2025-12-13T22:03:56.475+0000] {dag.py:3033} INFO - Sync 1 DAGs
[2025-12-13T22:03:56.487+0000] {logging_mixin.py:188} INFO - [2025-12-13T22:03:56.487+0000] {dag.py:3820} INFO - Setting next_dagrun for seismic_etl_pipeline to 2025-12-13T00:00:00+00:00, run_after=2025-12-14T00:00:00+00:00
[2025-12-13T22:03:56.507+0000] {processor.py:183} INFO - Processing /opt/airflow/dags/seismic_etl_pipeline.py took 0.355 seconds
[2025-12-13T22:04:26.625+0000] {processor.py:161} INFO - Started process (PID=7633) to work on /opt/airflow/dags/seismic_etl_pipeline.py
[2025-12-13T22:04:26.625+0000] {processor.py:830} INFO - Processing file /opt/airflow/dags/seismic_etl_pipeline.py for tasks to queue
[2025-12-13T22:04:26.626+0000] {logging_mixin.py:188} INFO - [2025-12-13T22:04:26.626+0000] {dagbag.py:538} INFO - Filling up the DagBag from /opt/airflow/dags/seismic_etl_pipeline.py
[2025-12-13T22:04:26.929+0000] {processor.py:840} INFO - DAG(s) 'seismic_etl_pipeline' retrieved from /opt/airflow/dags/seismic_etl_pipeline.py
[2025-12-13T22:04:26.944+0000] {logging_mixin.py:188} INFO - [2025-12-13T22:04:26.944+0000] {dag.py:3033} INFO - Sync 1 DAGs
[2025-12-13T22:04:26.956+0000] {logging_mixin.py:188} INFO - [2025-12-13T22:04:26.955+0000] {dag.py:3820} INFO - Setting next_dagrun for seismic_etl_pipeline to 2025-12-13T00:00:00+00:00, run_after=2025-12-14T00:00:00+00:00
[2025-12-13T22:04:26.966+0000] {processor.py:183} INFO - Processing /opt/airflow/dags/seismic_etl_pipeline.py took 0.344 seconds
[2025-12-13T22:04:57.097+0000] {processor.py:161} INFO - Started process (PID=7656) to work on /opt/airflow/dags/seismic_etl_pipeline.py
[2025-12-13T22:04:57.098+0000] {processor.py:830} INFO - Processing file /opt/airflow/dags/seismic_etl_pipeline.py for tasks to queue
[2025-12-13T22:04:57.099+0000] {logging_mixin.py:188} INFO - [2025-12-13T22:04:57.098+0000] {dagbag.py:538} INFO - Filling up the DagBag from /opt/airflow/dags/seismic_etl_pipeline.py
[2025-12-13T22:04:57.407+0000] {processor.py:840} INFO - DAG(s) 'seismic_etl_pipeline' retrieved from /opt/airflow/dags/seismic_etl_pipeline.py
[2025-12-13T22:04:57.422+0000] {logging_mixin.py:188} INFO - [2025-12-13T22:04:57.422+0000] {dag.py:3033} INFO - Sync 1 DAGs
[2025-12-13T22:04:57.434+0000] {logging_mixin.py:188} INFO - [2025-12-13T22:04:57.434+0000] {dag.py:3820} INFO - Setting next_dagrun for seismic_etl_pipeline to 2025-12-13T00:00:00+00:00, run_after=2025-12-14T00:00:00+00:00
[2025-12-13T22:04:57.444+0000] {processor.py:183} INFO - Processing /opt/airflow/dags/seismic_etl_pipeline.py took 0.349 seconds
[2025-12-13T22:05:27.570+0000] {processor.py:161} INFO - Started process (PID=7679) to work on /opt/airflow/dags/seismic_etl_pipeline.py
[2025-12-13T22:05:27.571+0000] {processor.py:830} INFO - Processing file /opt/airflow/dags/seismic_etl_pipeline.py for tasks to queue
[2025-12-13T22:05:27.572+0000] {logging_mixin.py:188} INFO - [2025-12-13T22:05:27.572+0000] {dagbag.py:538} INFO - Filling up the DagBag from /opt/airflow/dags/seismic_etl_pipeline.py
[2025-12-13T22:05:27.874+0000] {processor.py:840} INFO - DAG(s) 'seismic_etl_pipeline' retrieved from /opt/airflow/dags/seismic_etl_pipeline.py
[2025-12-13T22:05:27.889+0000] {logging_mixin.py:188} INFO - [2025-12-13T22:05:27.889+0000] {dag.py:3033} INFO - Sync 1 DAGs
[2025-12-13T22:05:27.901+0000] {logging_mixin.py:188} INFO - [2025-12-13T22:05:27.901+0000] {dag.py:3820} INFO - Setting next_dagrun for seismic_etl_pipeline to 2025-12-13T00:00:00+00:00, run_after=2025-12-14T00:00:00+00:00
[2025-12-13T22:05:27.911+0000] {processor.py:183} INFO - Processing /opt/airflow/dags/seismic_etl_pipeline.py took 0.343 seconds
[2025-12-13T22:05:58.045+0000] {processor.py:161} INFO - Started process (PID=7702) to work on /opt/airflow/dags/seismic_etl_pipeline.py
[2025-12-13T22:05:58.046+0000] {processor.py:830} INFO - Processing file /opt/airflow/dags/seismic_etl_pipeline.py for tasks to queue
[2025-12-13T22:05:58.046+0000] {logging_mixin.py:188} INFO - [2025-12-13T22:05:58.046+0000] {dagbag.py:538} INFO - Filling up the DagBag from /opt/airflow/dags/seismic_etl_pipeline.py
[2025-12-13T22:05:58.347+0000] {processor.py:840} INFO - DAG(s) 'seismic_etl_pipeline' retrieved from /opt/airflow/dags/seismic_etl_pipeline.py
[2025-12-13T22:05:58.362+0000] {logging_mixin.py:188} INFO - [2025-12-13T22:05:58.362+0000] {dag.py:3033} INFO - Sync 1 DAGs
[2025-12-13T22:05:58.374+0000] {logging_mixin.py:188} INFO - [2025-12-13T22:05:58.374+0000] {dag.py:3820} INFO - Setting next_dagrun for seismic_etl_pipeline to 2025-12-13T00:00:00+00:00, run_after=2025-12-14T00:00:00+00:00
[2025-12-13T22:05:58.384+0000] {processor.py:183} INFO - Processing /opt/airflow/dags/seismic_etl_pipeline.py took 0.342 seconds
[2025-12-13T22:06:28.525+0000] {processor.py:161} INFO - Started process (PID=7725) to work on /opt/airflow/dags/seismic_etl_pipeline.py
[2025-12-13T22:06:28.526+0000] {processor.py:830} INFO - Processing file /opt/airflow/dags/seismic_etl_pipeline.py for tasks to queue
[2025-12-13T22:06:28.526+0000] {logging_mixin.py:188} INFO - [2025-12-13T22:06:28.526+0000] {dagbag.py:538} INFO - Filling up the DagBag from /opt/airflow/dags/seismic_etl_pipeline.py
[2025-12-13T22:06:28.829+0000] {processor.py:840} INFO - DAG(s) 'seismic_etl_pipeline' retrieved from /opt/airflow/dags/seismic_etl_pipeline.py
[2025-12-13T22:06:28.844+0000] {logging_mixin.py:188} INFO - [2025-12-13T22:06:28.844+0000] {dag.py:3033} INFO - Sync 1 DAGs
[2025-12-13T22:06:28.855+0000] {logging_mixin.py:188} INFO - [2025-12-13T22:06:28.855+0000] {dag.py:3820} INFO - Setting next_dagrun for seismic_etl_pipeline to 2025-12-13T00:00:00+00:00, run_after=2025-12-14T00:00:00+00:00
[2025-12-13T22:06:28.865+0000] {processor.py:183} INFO - Processing /opt/airflow/dags/seismic_etl_pipeline.py took 0.343 seconds
[2025-12-13T22:06:59.003+0000] {processor.py:161} INFO - Started process (PID=7748) to work on /opt/airflow/dags/seismic_etl_pipeline.py
[2025-12-13T22:06:59.004+0000] {processor.py:830} INFO - Processing file /opt/airflow/dags/seismic_etl_pipeline.py for tasks to queue
[2025-12-13T22:06:59.004+0000] {logging_mixin.py:188} INFO - [2025-12-13T22:06:59.004+0000] {dagbag.py:538} INFO - Filling up the DagBag from /opt/airflow/dags/seismic_etl_pipeline.py
[2025-12-13T22:06:59.307+0000] {processor.py:840} INFO - DAG(s) 'seismic_etl_pipeline' retrieved from /opt/airflow/dags/seismic_etl_pipeline.py
[2025-12-13T22:06:59.322+0000] {logging_mixin.py:188} INFO - [2025-12-13T22:06:59.322+0000] {dag.py:3033} INFO - Sync 1 DAGs
[2025-12-13T22:06:59.334+0000] {logging_mixin.py:188} INFO - [2025-12-13T22:06:59.334+0000] {dag.py:3820} INFO - Setting next_dagrun for seismic_etl_pipeline to 2025-12-13T00:00:00+00:00, run_after=2025-12-14T00:00:00+00:00
[2025-12-13T22:06:59.344+0000] {processor.py:183} INFO - Processing /opt/airflow/dags/seismic_etl_pipeline.py took 0.343 seconds
[2025-12-13T22:07:29.480+0000] {processor.py:161} INFO - Started process (PID=7771) to work on /opt/airflow/dags/seismic_etl_pipeline.py
[2025-12-13T22:07:29.481+0000] {processor.py:830} INFO - Processing file /opt/airflow/dags/seismic_etl_pipeline.py for tasks to queue
[2025-12-13T22:07:29.481+0000] {logging_mixin.py:188} INFO - [2025-12-13T22:07:29.481+0000] {dagbag.py:538} INFO - Filling up the DagBag from /opt/airflow/dags/seismic_etl_pipeline.py
[2025-12-13T22:07:29.789+0000] {processor.py:840} INFO - DAG(s) 'seismic_etl_pipeline' retrieved from /opt/airflow/dags/seismic_etl_pipeline.py
[2025-12-13T22:07:29.804+0000] {logging_mixin.py:188} INFO - [2025-12-13T22:07:29.804+0000] {dag.py:3033} INFO - Sync 1 DAGs
[2025-12-13T22:07:29.815+0000] {logging_mixin.py:188} INFO - [2025-12-13T22:07:29.815+0000] {dag.py:3820} INFO - Setting next_dagrun for seismic_etl_pipeline to 2025-12-13T00:00:00+00:00, run_after=2025-12-14T00:00:00+00:00
[2025-12-13T22:07:29.825+0000] {processor.py:183} INFO - Processing /opt/airflow/dags/seismic_etl_pipeline.py took 0.347 seconds
[2025-12-13T22:07:59.947+0000] {processor.py:161} INFO - Started process (PID=7794) to work on /opt/airflow/dags/seismic_etl_pipeline.py
[2025-12-13T22:07:59.948+0000] {processor.py:830} INFO - Processing file /opt/airflow/dags/seismic_etl_pipeline.py for tasks to queue
[2025-12-13T22:07:59.948+0000] {logging_mixin.py:188} INFO - [2025-12-13T22:07:59.948+0000] {dagbag.py:538} INFO - Filling up the DagBag from /opt/airflow/dags/seismic_etl_pipeline.py
[2025-12-13T22:08:00.251+0000] {processor.py:840} INFO - DAG(s) 'seismic_etl_pipeline' retrieved from /opt/airflow/dags/seismic_etl_pipeline.py
[2025-12-13T22:08:00.266+0000] {logging_mixin.py:188} INFO - [2025-12-13T22:08:00.266+0000] {dag.py:3033} INFO - Sync 1 DAGs
[2025-12-13T22:08:00.279+0000] {logging_mixin.py:188} INFO - [2025-12-13T22:08:00.278+0000] {dag.py:3820} INFO - Setting next_dagrun for seismic_etl_pipeline to 2025-12-13T00:00:00+00:00, run_after=2025-12-14T00:00:00+00:00
[2025-12-13T22:08:00.289+0000] {processor.py:183} INFO - Processing /opt/airflow/dags/seismic_etl_pipeline.py took 0.344 seconds
[2025-12-13T22:08:30.425+0000] {processor.py:161} INFO - Started process (PID=7817) to work on /opt/airflow/dags/seismic_etl_pipeline.py
[2025-12-13T22:08:30.425+0000] {processor.py:830} INFO - Processing file /opt/airflow/dags/seismic_etl_pipeline.py for tasks to queue
[2025-12-13T22:08:30.426+0000] {logging_mixin.py:188} INFO - [2025-12-13T22:08:30.425+0000] {dagbag.py:538} INFO - Filling up the DagBag from /opt/airflow/dags/seismic_etl_pipeline.py
[2025-12-13T22:08:30.728+0000] {processor.py:840} INFO - DAG(s) 'seismic_etl_pipeline' retrieved from /opt/airflow/dags/seismic_etl_pipeline.py
[2025-12-13T22:08:30.743+0000] {logging_mixin.py:188} INFO - [2025-12-13T22:08:30.743+0000] {dag.py:3033} INFO - Sync 1 DAGs
[2025-12-13T22:08:30.755+0000] {logging_mixin.py:188} INFO - [2025-12-13T22:08:30.754+0000] {dag.py:3820} INFO - Setting next_dagrun for seismic_etl_pipeline to 2025-12-13T00:00:00+00:00, run_after=2025-12-14T00:00:00+00:00
[2025-12-13T22:08:30.765+0000] {processor.py:183} INFO - Processing /opt/airflow/dags/seismic_etl_pipeline.py took 0.343 seconds
[2025-12-13T22:09:00.891+0000] {processor.py:161} INFO - Started process (PID=7840) to work on /opt/airflow/dags/seismic_etl_pipeline.py
[2025-12-13T22:09:00.891+0000] {processor.py:830} INFO - Processing file /opt/airflow/dags/seismic_etl_pipeline.py for tasks to queue
[2025-12-13T22:09:00.892+0000] {logging_mixin.py:188} INFO - [2025-12-13T22:09:00.892+0000] {dagbag.py:538} INFO - Filling up the DagBag from /opt/airflow/dags/seismic_etl_pipeline.py
[2025-12-13T22:09:01.193+0000] {processor.py:840} INFO - DAG(s) 'seismic_etl_pipeline' retrieved from /opt/airflow/dags/seismic_etl_pipeline.py
[2025-12-13T22:09:01.209+0000] {logging_mixin.py:188} INFO - [2025-12-13T22:09:01.208+0000] {dag.py:3033} INFO - Sync 1 DAGs
[2025-12-13T22:09:01.221+0000] {logging_mixin.py:188} INFO - [2025-12-13T22:09:01.220+0000] {dag.py:3820} INFO - Setting next_dagrun for seismic_etl_pipeline to 2025-12-13T00:00:00+00:00, run_after=2025-12-14T00:00:00+00:00
[2025-12-13T22:09:01.233+0000] {processor.py:183} INFO - Processing /opt/airflow/dags/seismic_etl_pipeline.py took 0.344 seconds
[2025-12-13T22:09:31.371+0000] {processor.py:161} INFO - Started process (PID=7863) to work on /opt/airflow/dags/seismic_etl_pipeline.py
[2025-12-13T22:09:31.372+0000] {processor.py:830} INFO - Processing file /opt/airflow/dags/seismic_etl_pipeline.py for tasks to queue
[2025-12-13T22:09:31.372+0000] {logging_mixin.py:188} INFO - [2025-12-13T22:09:31.372+0000] {dagbag.py:538} INFO - Filling up the DagBag from /opt/airflow/dags/seismic_etl_pipeline.py
[2025-12-13T22:09:31.676+0000] {processor.py:840} INFO - DAG(s) 'seismic_etl_pipeline' retrieved from /opt/airflow/dags/seismic_etl_pipeline.py
[2025-12-13T22:09:31.692+0000] {logging_mixin.py:188} INFO - [2025-12-13T22:09:31.691+0000] {dag.py:3033} INFO - Sync 1 DAGs
[2025-12-13T22:09:31.703+0000] {logging_mixin.py:188} INFO - [2025-12-13T22:09:31.703+0000] {dag.py:3820} INFO - Setting next_dagrun for seismic_etl_pipeline to 2025-12-13T00:00:00+00:00, run_after=2025-12-14T00:00:00+00:00
[2025-12-13T22:09:31.713+0000] {processor.py:183} INFO - Processing /opt/airflow/dags/seismic_etl_pipeline.py took 0.344 seconds
[2025-12-13T22:10:01.848+0000] {processor.py:161} INFO - Started process (PID=7886) to work on /opt/airflow/dags/seismic_etl_pipeline.py
[2025-12-13T22:10:01.849+0000] {processor.py:830} INFO - Processing file /opt/airflow/dags/seismic_etl_pipeline.py for tasks to queue
[2025-12-13T22:10:01.850+0000] {logging_mixin.py:188} INFO - [2025-12-13T22:10:01.849+0000] {dagbag.py:538} INFO - Filling up the DagBag from /opt/airflow/dags/seismic_etl_pipeline.py
[2025-12-13T22:10:02.153+0000] {processor.py:840} INFO - DAG(s) 'seismic_etl_pipeline' retrieved from /opt/airflow/dags/seismic_etl_pipeline.py
[2025-12-13T22:10:02.169+0000] {logging_mixin.py:188} INFO - [2025-12-13T22:10:02.169+0000] {dag.py:3033} INFO - Sync 1 DAGs
[2025-12-13T22:10:02.181+0000] {logging_mixin.py:188} INFO - [2025-12-13T22:10:02.181+0000] {dag.py:3820} INFO - Setting next_dagrun for seismic_etl_pipeline to 2025-12-13T00:00:00+00:00, run_after=2025-12-14T00:00:00+00:00
[2025-12-13T22:10:02.191+0000] {processor.py:183} INFO - Processing /opt/airflow/dags/seismic_etl_pipeline.py took 0.345 seconds
[2025-12-13T22:10:32.324+0000] {processor.py:161} INFO - Started process (PID=7909) to work on /opt/airflow/dags/seismic_etl_pipeline.py
[2025-12-13T22:10:32.324+0000] {processor.py:830} INFO - Processing file /opt/airflow/dags/seismic_etl_pipeline.py for tasks to queue
[2025-12-13T22:10:32.325+0000] {logging_mixin.py:188} INFO - [2025-12-13T22:10:32.324+0000] {dagbag.py:538} INFO - Filling up the DagBag from /opt/airflow/dags/seismic_etl_pipeline.py
[2025-12-13T22:10:32.626+0000] {processor.py:840} INFO - DAG(s) 'seismic_etl_pipeline' retrieved from /opt/airflow/dags/seismic_etl_pipeline.py
[2025-12-13T22:10:32.641+0000] {logging_mixin.py:188} INFO - [2025-12-13T22:10:32.641+0000] {dag.py:3033} INFO - Sync 1 DAGs
[2025-12-13T22:10:32.652+0000] {logging_mixin.py:188} INFO - [2025-12-13T22:10:32.652+0000] {dag.py:3820} INFO - Setting next_dagrun for seismic_etl_pipeline to 2025-12-13T00:00:00+00:00, run_after=2025-12-14T00:00:00+00:00
[2025-12-13T22:10:32.663+0000] {processor.py:183} INFO - Processing /opt/airflow/dags/seismic_etl_pipeline.py took 0.341 seconds
[2025-12-13T22:11:02.803+0000] {processor.py:161} INFO - Started process (PID=7932) to work on /opt/airflow/dags/seismic_etl_pipeline.py
[2025-12-13T22:11:02.804+0000] {processor.py:830} INFO - Processing file /opt/airflow/dags/seismic_etl_pipeline.py for tasks to queue
[2025-12-13T22:11:02.805+0000] {logging_mixin.py:188} INFO - [2025-12-13T22:11:02.804+0000] {dagbag.py:538} INFO - Filling up the DagBag from /opt/airflow/dags/seismic_etl_pipeline.py
[2025-12-13T22:11:03.106+0000] {processor.py:840} INFO - DAG(s) 'seismic_etl_pipeline' retrieved from /opt/airflow/dags/seismic_etl_pipeline.py
[2025-12-13T22:11:03.121+0000] {logging_mixin.py:188} INFO - [2025-12-13T22:11:03.121+0000] {dag.py:3033} INFO - Sync 1 DAGs
[2025-12-13T22:11:03.133+0000] {logging_mixin.py:188} INFO - [2025-12-13T22:11:03.133+0000] {dag.py:3820} INFO - Setting next_dagrun for seismic_etl_pipeline to 2025-12-13T00:00:00+00:00, run_after=2025-12-14T00:00:00+00:00
[2025-12-13T22:11:03.143+0000] {processor.py:183} INFO - Processing /opt/airflow/dags/seismic_etl_pipeline.py took 0.342 seconds
[2025-12-13T22:11:33.279+0000] {processor.py:161} INFO - Started process (PID=7955) to work on /opt/airflow/dags/seismic_etl_pipeline.py
[2025-12-13T22:11:33.279+0000] {processor.py:830} INFO - Processing file /opt/airflow/dags/seismic_etl_pipeline.py for tasks to queue
[2025-12-13T22:11:33.280+0000] {logging_mixin.py:188} INFO - [2025-12-13T22:11:33.280+0000] {dagbag.py:538} INFO - Filling up the DagBag from /opt/airflow/dags/seismic_etl_pipeline.py
[2025-12-13T22:11:33.582+0000] {processor.py:840} INFO - DAG(s) 'seismic_etl_pipeline' retrieved from /opt/airflow/dags/seismic_etl_pipeline.py
[2025-12-13T22:11:33.597+0000] {logging_mixin.py:188} INFO - [2025-12-13T22:11:33.597+0000] {dag.py:3033} INFO - Sync 1 DAGs
[2025-12-13T22:11:33.608+0000] {logging_mixin.py:188} INFO - [2025-12-13T22:11:33.608+0000] {dag.py:3820} INFO - Setting next_dagrun for seismic_etl_pipeline to 2025-12-13T00:00:00+00:00, run_after=2025-12-14T00:00:00+00:00
[2025-12-13T22:11:33.618+0000] {processor.py:183} INFO - Processing /opt/airflow/dags/seismic_etl_pipeline.py took 0.342 seconds
[2025-12-13T22:12:03.746+0000] {processor.py:161} INFO - Started process (PID=7978) to work on /opt/airflow/dags/seismic_etl_pipeline.py
[2025-12-13T22:12:03.747+0000] {processor.py:830} INFO - Processing file /opt/airflow/dags/seismic_etl_pipeline.py for tasks to queue
[2025-12-13T22:12:03.747+0000] {logging_mixin.py:188} INFO - [2025-12-13T22:12:03.747+0000] {dagbag.py:538} INFO - Filling up the DagBag from /opt/airflow/dags/seismic_etl_pipeline.py
[2025-12-13T22:12:04.048+0000] {processor.py:840} INFO - DAG(s) 'seismic_etl_pipeline' retrieved from /opt/airflow/dags/seismic_etl_pipeline.py
[2025-12-13T22:12:04.064+0000] {logging_mixin.py:188} INFO - [2025-12-13T22:12:04.064+0000] {dag.py:3033} INFO - Sync 1 DAGs
[2025-12-13T22:12:04.075+0000] {logging_mixin.py:188} INFO - [2025-12-13T22:12:04.075+0000] {dag.py:3820} INFO - Setting next_dagrun for seismic_etl_pipeline to 2025-12-13T00:00:00+00:00, run_after=2025-12-14T00:00:00+00:00
[2025-12-13T22:12:04.085+0000] {processor.py:183} INFO - Processing /opt/airflow/dags/seismic_etl_pipeline.py took 0.342 seconds
[2025-12-13T22:12:34.216+0000] {processor.py:161} INFO - Started process (PID=8001) to work on /opt/airflow/dags/seismic_etl_pipeline.py
[2025-12-13T22:12:34.216+0000] {processor.py:830} INFO - Processing file /opt/airflow/dags/seismic_etl_pipeline.py for tasks to queue
[2025-12-13T22:12:34.216+0000] {logging_mixin.py:188} INFO - [2025-12-13T22:12:34.216+0000] {dagbag.py:538} INFO - Filling up the DagBag from /opt/airflow/dags/seismic_etl_pipeline.py
[2025-12-13T22:12:34.518+0000] {processor.py:840} INFO - DAG(s) 'seismic_etl_pipeline' retrieved from /opt/airflow/dags/seismic_etl_pipeline.py
[2025-12-13T22:12:34.534+0000] {logging_mixin.py:188} INFO - [2025-12-13T22:12:34.534+0000] {dag.py:3033} INFO - Sync 1 DAGs
[2025-12-13T22:12:34.545+0000] {logging_mixin.py:188} INFO - [2025-12-13T22:12:34.545+0000] {dag.py:3820} INFO - Setting next_dagrun for seismic_etl_pipeline to 2025-12-13T00:00:00+00:00, run_after=2025-12-14T00:00:00+00:00
[2025-12-13T22:12:34.555+0000] {processor.py:183} INFO - Processing /opt/airflow/dags/seismic_etl_pipeline.py took 0.342 seconds
[2025-12-13T22:13:04.696+0000] {processor.py:161} INFO - Started process (PID=8024) to work on /opt/airflow/dags/seismic_etl_pipeline.py
[2025-12-13T22:13:04.697+0000] {processor.py:830} INFO - Processing file /opt/airflow/dags/seismic_etl_pipeline.py for tasks to queue
[2025-12-13T22:13:04.697+0000] {logging_mixin.py:188} INFO - [2025-12-13T22:13:04.697+0000] {dagbag.py:538} INFO - Filling up the DagBag from /opt/airflow/dags/seismic_etl_pipeline.py
[2025-12-13T22:13:04.997+0000] {processor.py:840} INFO - DAG(s) 'seismic_etl_pipeline' retrieved from /opt/airflow/dags/seismic_etl_pipeline.py
[2025-12-13T22:13:05.013+0000] {logging_mixin.py:188} INFO - [2025-12-13T22:13:05.013+0000] {dag.py:3033} INFO - Sync 1 DAGs
[2025-12-13T22:13:05.025+0000] {logging_mixin.py:188} INFO - [2025-12-13T22:13:05.025+0000] {dag.py:3820} INFO - Setting next_dagrun for seismic_etl_pipeline to 2025-12-13T00:00:00+00:00, run_after=2025-12-14T00:00:00+00:00
[2025-12-13T22:13:05.035+0000] {processor.py:183} INFO - Processing /opt/airflow/dags/seismic_etl_pipeline.py took 0.341 seconds
[2025-12-13T22:13:35.179+0000] {processor.py:161} INFO - Started process (PID=8047) to work on /opt/airflow/dags/seismic_etl_pipeline.py
[2025-12-13T22:13:35.179+0000] {processor.py:830} INFO - Processing file /opt/airflow/dags/seismic_etl_pipeline.py for tasks to queue
[2025-12-13T22:13:35.179+0000] {logging_mixin.py:188} INFO - [2025-12-13T22:13:35.179+0000] {dagbag.py:538} INFO - Filling up the DagBag from /opt/airflow/dags/seismic_etl_pipeline.py
[2025-12-13T22:13:35.481+0000] {processor.py:840} INFO - DAG(s) 'seismic_etl_pipeline' retrieved from /opt/airflow/dags/seismic_etl_pipeline.py
[2025-12-13T22:13:35.497+0000] {logging_mixin.py:188} INFO - [2025-12-13T22:13:35.497+0000] {dag.py:3033} INFO - Sync 1 DAGs
[2025-12-13T22:13:35.508+0000] {logging_mixin.py:188} INFO - [2025-12-13T22:13:35.508+0000] {dag.py:3820} INFO - Setting next_dagrun for seismic_etl_pipeline to 2025-12-13T00:00:00+00:00, run_after=2025-12-14T00:00:00+00:00
[2025-12-13T22:13:35.518+0000] {processor.py:183} INFO - Processing /opt/airflow/dags/seismic_etl_pipeline.py took 0.342 seconds
[2025-12-13T22:14:05.650+0000] {processor.py:161} INFO - Started process (PID=8070) to work on /opt/airflow/dags/seismic_etl_pipeline.py
[2025-12-13T22:14:05.651+0000] {processor.py:830} INFO - Processing file /opt/airflow/dags/seismic_etl_pipeline.py for tasks to queue
[2025-12-13T22:14:05.651+0000] {logging_mixin.py:188} INFO - [2025-12-13T22:14:05.651+0000] {dagbag.py:538} INFO - Filling up the DagBag from /opt/airflow/dags/seismic_etl_pipeline.py
[2025-12-13T22:14:05.962+0000] {processor.py:840} INFO - DAG(s) 'seismic_etl_pipeline' retrieved from /opt/airflow/dags/seismic_etl_pipeline.py
[2025-12-13T22:14:05.978+0000] {logging_mixin.py:188} INFO - [2025-12-13T22:14:05.978+0000] {dag.py:3033} INFO - Sync 1 DAGs
[2025-12-13T22:14:05.990+0000] {logging_mixin.py:188} INFO - [2025-12-13T22:14:05.989+0000] {dag.py:3820} INFO - Setting next_dagrun for seismic_etl_pipeline to 2025-12-13T00:00:00+00:00, run_after=2025-12-14T00:00:00+00:00
[2025-12-13T22:14:05.999+0000] {processor.py:183} INFO - Processing /opt/airflow/dags/seismic_etl_pipeline.py took 0.352 seconds
[2025-12-13T22:14:36.130+0000] {processor.py:161} INFO - Started process (PID=8093) to work on /opt/airflow/dags/seismic_etl_pipeline.py
[2025-12-13T22:14:36.130+0000] {processor.py:830} INFO - Processing file /opt/airflow/dags/seismic_etl_pipeline.py for tasks to queue
[2025-12-13T22:14:36.131+0000] {logging_mixin.py:188} INFO - [2025-12-13T22:14:36.131+0000] {dagbag.py:538} INFO - Filling up the DagBag from /opt/airflow/dags/seismic_etl_pipeline.py
[2025-12-13T22:14:36.432+0000] {processor.py:840} INFO - DAG(s) 'seismic_etl_pipeline' retrieved from /opt/airflow/dags/seismic_etl_pipeline.py
[2025-12-13T22:14:36.448+0000] {logging_mixin.py:188} INFO - [2025-12-13T22:14:36.448+0000] {dag.py:3033} INFO - Sync 1 DAGs
[2025-12-13T22:14:36.459+0000] {logging_mixin.py:188} INFO - [2025-12-13T22:14:36.459+0000] {dag.py:3820} INFO - Setting next_dagrun for seismic_etl_pipeline to 2025-12-13T00:00:00+00:00, run_after=2025-12-14T00:00:00+00:00
[2025-12-13T22:14:36.469+0000] {processor.py:183} INFO - Processing /opt/airflow/dags/seismic_etl_pipeline.py took 0.342 seconds
[2025-12-13T22:15:06.600+0000] {processor.py:161} INFO - Started process (PID=8116) to work on /opt/airflow/dags/seismic_etl_pipeline.py
[2025-12-13T22:15:06.601+0000] {processor.py:830} INFO - Processing file /opt/airflow/dags/seismic_etl_pipeline.py for tasks to queue
[2025-12-13T22:15:06.601+0000] {logging_mixin.py:188} INFO - [2025-12-13T22:15:06.601+0000] {dagbag.py:538} INFO - Filling up the DagBag from /opt/airflow/dags/seismic_etl_pipeline.py
[2025-12-13T22:15:06.899+0000] {processor.py:840} INFO - DAG(s) 'seismic_etl_pipeline' retrieved from /opt/airflow/dags/seismic_etl_pipeline.py
[2025-12-13T22:15:06.915+0000] {logging_mixin.py:188} INFO - [2025-12-13T22:15:06.915+0000] {dag.py:3033} INFO - Sync 1 DAGs
[2025-12-13T22:15:06.927+0000] {logging_mixin.py:188} INFO - [2025-12-13T22:15:06.926+0000] {dag.py:3820} INFO - Setting next_dagrun for seismic_etl_pipeline to 2025-12-13T00:00:00+00:00, run_after=2025-12-14T00:00:00+00:00
[2025-12-13T22:15:06.941+0000] {processor.py:183} INFO - Processing /opt/airflow/dags/seismic_etl_pipeline.py took 0.343 seconds
[2025-12-13T22:15:37.075+0000] {processor.py:161} INFO - Started process (PID=8139) to work on /opt/airflow/dags/seismic_etl_pipeline.py
[2025-12-13T22:15:37.076+0000] {processor.py:830} INFO - Processing file /opt/airflow/dags/seismic_etl_pipeline.py for tasks to queue
[2025-12-13T22:15:37.077+0000] {logging_mixin.py:188} INFO - [2025-12-13T22:15:37.076+0000] {dagbag.py:538} INFO - Filling up the DagBag from /opt/airflow/dags/seismic_etl_pipeline.py
[2025-12-13T22:15:37.379+0000] {processor.py:840} INFO - DAG(s) 'seismic_etl_pipeline' retrieved from /opt/airflow/dags/seismic_etl_pipeline.py
[2025-12-13T22:15:37.394+0000] {logging_mixin.py:188} INFO - [2025-12-13T22:15:37.394+0000] {dag.py:3033} INFO - Sync 1 DAGs
[2025-12-13T22:15:37.405+0000] {logging_mixin.py:188} INFO - [2025-12-13T22:15:37.405+0000] {dag.py:3820} INFO - Setting next_dagrun for seismic_etl_pipeline to 2025-12-13T00:00:00+00:00, run_after=2025-12-14T00:00:00+00:00
[2025-12-13T22:15:37.416+0000] {processor.py:183} INFO - Processing /opt/airflow/dags/seismic_etl_pipeline.py took 0.343 seconds
[2025-12-13T22:16:07.546+0000] {processor.py:161} INFO - Started process (PID=8162) to work on /opt/airflow/dags/seismic_etl_pipeline.py
[2025-12-13T22:16:07.547+0000] {processor.py:830} INFO - Processing file /opt/airflow/dags/seismic_etl_pipeline.py for tasks to queue
[2025-12-13T22:16:07.548+0000] {logging_mixin.py:188} INFO - [2025-12-13T22:16:07.547+0000] {dagbag.py:538} INFO - Filling up the DagBag from /opt/airflow/dags/seismic_etl_pipeline.py
[2025-12-13T22:16:07.846+0000] {processor.py:840} INFO - DAG(s) 'seismic_etl_pipeline' retrieved from /opt/airflow/dags/seismic_etl_pipeline.py
[2025-12-13T22:16:07.862+0000] {logging_mixin.py:188} INFO - [2025-12-13T22:16:07.862+0000] {dag.py:3033} INFO - Sync 1 DAGs
[2025-12-13T22:16:07.874+0000] {logging_mixin.py:188} INFO - [2025-12-13T22:16:07.874+0000] {dag.py:3820} INFO - Setting next_dagrun for seismic_etl_pipeline to 2025-12-13T00:00:00+00:00, run_after=2025-12-14T00:00:00+00:00
[2025-12-13T22:16:07.884+0000] {processor.py:183} INFO - Processing /opt/airflow/dags/seismic_etl_pipeline.py took 0.340 seconds
[2025-12-13T22:16:38.021+0000] {processor.py:161} INFO - Started process (PID=8185) to work on /opt/airflow/dags/seismic_etl_pipeline.py
[2025-12-13T22:16:38.021+0000] {processor.py:830} INFO - Processing file /opt/airflow/dags/seismic_etl_pipeline.py for tasks to queue
[2025-12-13T22:16:38.021+0000] {logging_mixin.py:188} INFO - [2025-12-13T22:16:38.021+0000] {dagbag.py:538} INFO - Filling up the DagBag from /opt/airflow/dags/seismic_etl_pipeline.py
[2025-12-13T22:16:38.320+0000] {processor.py:840} INFO - DAG(s) 'seismic_etl_pipeline' retrieved from /opt/airflow/dags/seismic_etl_pipeline.py
[2025-12-13T22:16:38.336+0000] {logging_mixin.py:188} INFO - [2025-12-13T22:16:38.335+0000] {dag.py:3033} INFO - Sync 1 DAGs
[2025-12-13T22:16:38.347+0000] {logging_mixin.py:188} INFO - [2025-12-13T22:16:38.347+0000] {dag.py:3820} INFO - Setting next_dagrun for seismic_etl_pipeline to 2025-12-13T00:00:00+00:00, run_after=2025-12-14T00:00:00+00:00
[2025-12-13T22:16:38.357+0000] {processor.py:183} INFO - Processing /opt/airflow/dags/seismic_etl_pipeline.py took 0.339 seconds
[2025-12-13T22:17:08.498+0000] {processor.py:161} INFO - Started process (PID=8208) to work on /opt/airflow/dags/seismic_etl_pipeline.py
[2025-12-13T22:17:08.499+0000] {processor.py:830} INFO - Processing file /opt/airflow/dags/seismic_etl_pipeline.py for tasks to queue
[2025-12-13T22:17:08.499+0000] {logging_mixin.py:188} INFO - [2025-12-13T22:17:08.499+0000] {dagbag.py:538} INFO - Filling up the DagBag from /opt/airflow/dags/seismic_etl_pipeline.py
[2025-12-13T22:17:08.806+0000] {processor.py:840} INFO - DAG(s) 'seismic_etl_pipeline' retrieved from /opt/airflow/dags/seismic_etl_pipeline.py
[2025-12-13T22:17:08.822+0000] {logging_mixin.py:188} INFO - [2025-12-13T22:17:08.821+0000] {dag.py:3033} INFO - Sync 1 DAGs
[2025-12-13T22:17:08.833+0000] {logging_mixin.py:188} INFO - [2025-12-13T22:17:08.833+0000] {dag.py:3820} INFO - Setting next_dagrun for seismic_etl_pipeline to 2025-12-13T00:00:00+00:00, run_after=2025-12-14T00:00:00+00:00
[2025-12-13T22:17:08.843+0000] {processor.py:183} INFO - Processing /opt/airflow/dags/seismic_etl_pipeline.py took 0.347 seconds
[2025-12-13T22:17:39.081+0000] {processor.py:161} INFO - Started process (PID=8231) to work on /opt/airflow/dags/seismic_etl_pipeline.py
[2025-12-13T22:17:39.082+0000] {processor.py:830} INFO - Processing file /opt/airflow/dags/seismic_etl_pipeline.py for tasks to queue
[2025-12-13T22:17:39.082+0000] {logging_mixin.py:188} INFO - [2025-12-13T22:17:39.082+0000] {dagbag.py:538} INFO - Filling up the DagBag from /opt/airflow/dags/seismic_etl_pipeline.py
[2025-12-13T22:17:39.261+0000] {processor.py:840} INFO - DAG(s) 'seismic_etl_pipeline' retrieved from /opt/airflow/dags/seismic_etl_pipeline.py
[2025-12-13T22:17:39.280+0000] {logging_mixin.py:188} INFO - [2025-12-13T22:17:39.279+0000] {dag.py:3033} INFO - Sync 1 DAGs
[2025-12-13T22:17:39.293+0000] {logging_mixin.py:188} INFO - [2025-12-13T22:17:39.293+0000] {dag.py:3820} INFO - Setting next_dagrun for seismic_etl_pipeline to 2025-12-13T00:00:00+00:00, run_after=2025-12-14T00:00:00+00:00
[2025-12-13T22:17:39.304+0000] {processor.py:183} INFO - Processing /opt/airflow/dags/seismic_etl_pipeline.py took 0.226 seconds
[2025-12-13T22:18:09.439+0000] {processor.py:161} INFO - Started process (PID=8254) to work on /opt/airflow/dags/seismic_etl_pipeline.py
[2025-12-13T22:18:09.439+0000] {processor.py:830} INFO - Processing file /opt/airflow/dags/seismic_etl_pipeline.py for tasks to queue
[2025-12-13T22:18:09.440+0000] {logging_mixin.py:188} INFO - [2025-12-13T22:18:09.439+0000] {dagbag.py:538} INFO - Filling up the DagBag from /opt/airflow/dags/seismic_etl_pipeline.py
[2025-12-13T22:18:09.618+0000] {processor.py:840} INFO - DAG(s) 'seismic_etl_pipeline' retrieved from /opt/airflow/dags/seismic_etl_pipeline.py
[2025-12-13T22:18:09.637+0000] {logging_mixin.py:188} INFO - [2025-12-13T22:18:09.637+0000] {dag.py:3033} INFO - Sync 1 DAGs
[2025-12-13T22:18:09.650+0000] {logging_mixin.py:188} INFO - [2025-12-13T22:18:09.650+0000] {dag.py:3820} INFO - Setting next_dagrun for seismic_etl_pipeline to 2025-12-13T00:00:00+00:00, run_after=2025-12-14T00:00:00+00:00
[2025-12-13T22:18:09.663+0000] {processor.py:183} INFO - Processing /opt/airflow/dags/seismic_etl_pipeline.py took 0.227 seconds
[2025-12-13T22:18:39.798+0000] {processor.py:161} INFO - Started process (PID=8277) to work on /opt/airflow/dags/seismic_etl_pipeline.py
[2025-12-13T22:18:39.799+0000] {processor.py:830} INFO - Processing file /opt/airflow/dags/seismic_etl_pipeline.py for tasks to queue
[2025-12-13T22:18:39.800+0000] {logging_mixin.py:188} INFO - [2025-12-13T22:18:39.799+0000] {dagbag.py:538} INFO - Filling up the DagBag from /opt/airflow/dags/seismic_etl_pipeline.py
[2025-12-13T22:18:39.978+0000] {processor.py:840} INFO - DAG(s) 'seismic_etl_pipeline' retrieved from /opt/airflow/dags/seismic_etl_pipeline.py
[2025-12-13T22:18:39.997+0000] {logging_mixin.py:188} INFO - [2025-12-13T22:18:39.997+0000] {dag.py:3033} INFO - Sync 1 DAGs
[2025-12-13T22:18:40.010+0000] {logging_mixin.py:188} INFO - [2025-12-13T22:18:40.010+0000] {dag.py:3820} INFO - Setting next_dagrun for seismic_etl_pipeline to 2025-12-13T00:00:00+00:00, run_after=2025-12-14T00:00:00+00:00
[2025-12-13T22:18:40.022+0000] {processor.py:183} INFO - Processing /opt/airflow/dags/seismic_etl_pipeline.py took 0.226 seconds
[2025-12-13T22:19:10.158+0000] {processor.py:161} INFO - Started process (PID=8300) to work on /opt/airflow/dags/seismic_etl_pipeline.py
[2025-12-13T22:19:10.158+0000] {processor.py:830} INFO - Processing file /opt/airflow/dags/seismic_etl_pipeline.py for tasks to queue
[2025-12-13T22:19:10.159+0000] {logging_mixin.py:188} INFO - [2025-12-13T22:19:10.159+0000] {dagbag.py:538} INFO - Filling up the DagBag from /opt/airflow/dags/seismic_etl_pipeline.py
[2025-12-13T22:19:10.337+0000] {processor.py:840} INFO - DAG(s) 'seismic_etl_pipeline' retrieved from /opt/airflow/dags/seismic_etl_pipeline.py
[2025-12-13T22:19:10.357+0000] {logging_mixin.py:188} INFO - [2025-12-13T22:19:10.357+0000] {dag.py:3033} INFO - Sync 1 DAGs
[2025-12-13T22:19:10.370+0000] {logging_mixin.py:188} INFO - [2025-12-13T22:19:10.370+0000] {dag.py:3820} INFO - Setting next_dagrun for seismic_etl_pipeline to 2025-12-13T00:00:00+00:00, run_after=2025-12-14T00:00:00+00:00
[2025-12-13T22:19:10.382+0000] {processor.py:183} INFO - Processing /opt/airflow/dags/seismic_etl_pipeline.py took 0.226 seconds
[2025-12-13T22:19:40.516+0000] {processor.py:161} INFO - Started process (PID=8323) to work on /opt/airflow/dags/seismic_etl_pipeline.py
[2025-12-13T22:19:40.517+0000] {processor.py:830} INFO - Processing file /opt/airflow/dags/seismic_etl_pipeline.py for tasks to queue
[2025-12-13T22:19:40.517+0000] {logging_mixin.py:188} INFO - [2025-12-13T22:19:40.517+0000] {dagbag.py:538} INFO - Filling up the DagBag from /opt/airflow/dags/seismic_etl_pipeline.py
[2025-12-13T22:19:40.698+0000] {processor.py:840} INFO - DAG(s) 'seismic_etl_pipeline' retrieved from /opt/airflow/dags/seismic_etl_pipeline.py
[2025-12-13T22:19:40.716+0000] {logging_mixin.py:188} INFO - [2025-12-13T22:19:40.716+0000] {dag.py:3033} INFO - Sync 1 DAGs
[2025-12-13T22:19:40.729+0000] {logging_mixin.py:188} INFO - [2025-12-13T22:19:40.729+0000] {dag.py:3820} INFO - Setting next_dagrun for seismic_etl_pipeline to 2025-12-13T00:00:00+00:00, run_after=2025-12-14T00:00:00+00:00
[2025-12-13T22:19:40.741+0000] {processor.py:183} INFO - Processing /opt/airflow/dags/seismic_etl_pipeline.py took 0.227 seconds
[2025-12-13T22:20:10.875+0000] {processor.py:161} INFO - Started process (PID=8346) to work on /opt/airflow/dags/seismic_etl_pipeline.py
[2025-12-13T22:20:10.876+0000] {processor.py:830} INFO - Processing file /opt/airflow/dags/seismic_etl_pipeline.py for tasks to queue
[2025-12-13T22:20:10.876+0000] {logging_mixin.py:188} INFO - [2025-12-13T22:20:10.876+0000] {dagbag.py:538} INFO - Filling up the DagBag from /opt/airflow/dags/seismic_etl_pipeline.py
[2025-12-13T22:20:11.055+0000] {processor.py:840} INFO - DAG(s) 'seismic_etl_pipeline' retrieved from /opt/airflow/dags/seismic_etl_pipeline.py
[2025-12-13T22:20:11.075+0000] {logging_mixin.py:188} INFO - [2025-12-13T22:20:11.074+0000] {dag.py:3033} INFO - Sync 1 DAGs
[2025-12-13T22:20:11.088+0000] {logging_mixin.py:188} INFO - [2025-12-13T22:20:11.088+0000] {dag.py:3820} INFO - Setting next_dagrun for seismic_etl_pipeline to 2025-12-13T00:00:00+00:00, run_after=2025-12-14T00:00:00+00:00
[2025-12-13T22:20:11.099+0000] {processor.py:183} INFO - Processing /opt/airflow/dags/seismic_etl_pipeline.py took 0.226 seconds
[2025-12-13T22:20:41.235+0000] {processor.py:161} INFO - Started process (PID=8369) to work on /opt/airflow/dags/seismic_etl_pipeline.py
[2025-12-13T22:20:41.236+0000] {processor.py:830} INFO - Processing file /opt/airflow/dags/seismic_etl_pipeline.py for tasks to queue
[2025-12-13T22:20:41.236+0000] {logging_mixin.py:188} INFO - [2025-12-13T22:20:41.236+0000] {dagbag.py:538} INFO - Filling up the DagBag from /opt/airflow/dags/seismic_etl_pipeline.py
[2025-12-13T22:20:41.415+0000] {processor.py:840} INFO - DAG(s) 'seismic_etl_pipeline' retrieved from /opt/airflow/dags/seismic_etl_pipeline.py
[2025-12-13T22:20:41.434+0000] {logging_mixin.py:188} INFO - [2025-12-13T22:20:41.434+0000] {dag.py:3033} INFO - Sync 1 DAGs
[2025-12-13T22:20:41.448+0000] {logging_mixin.py:188} INFO - [2025-12-13T22:20:41.447+0000] {dag.py:3820} INFO - Setting next_dagrun for seismic_etl_pipeline to 2025-12-13T00:00:00+00:00, run_after=2025-12-14T00:00:00+00:00
[2025-12-13T22:20:41.460+0000] {processor.py:183} INFO - Processing /opt/airflow/dags/seismic_etl_pipeline.py took 0.227 seconds
[2025-12-13T22:21:11.594+0000] {processor.py:161} INFO - Started process (PID=8392) to work on /opt/airflow/dags/seismic_etl_pipeline.py
[2025-12-13T22:21:11.595+0000] {processor.py:830} INFO - Processing file /opt/airflow/dags/seismic_etl_pipeline.py for tasks to queue
[2025-12-13T22:21:11.595+0000] {logging_mixin.py:188} INFO - [2025-12-13T22:21:11.595+0000] {dagbag.py:538} INFO - Filling up the DagBag from /opt/airflow/dags/seismic_etl_pipeline.py
[2025-12-13T22:21:11.774+0000] {processor.py:840} INFO - DAG(s) 'seismic_etl_pipeline' retrieved from /opt/airflow/dags/seismic_etl_pipeline.py
[2025-12-13T22:21:11.794+0000] {logging_mixin.py:188} INFO - [2025-12-13T22:21:11.793+0000] {dag.py:3033} INFO - Sync 1 DAGs
[2025-12-13T22:21:11.807+0000] {logging_mixin.py:188} INFO - [2025-12-13T22:21:11.807+0000] {dag.py:3820} INFO - Setting next_dagrun for seismic_etl_pipeline to 2025-12-13T00:00:00+00:00, run_after=2025-12-14T00:00:00+00:00
[2025-12-13T22:21:11.818+0000] {processor.py:183} INFO - Processing /opt/airflow/dags/seismic_etl_pipeline.py took 0.227 seconds
[2025-12-13T22:21:41.953+0000] {processor.py:161} INFO - Started process (PID=8415) to work on /opt/airflow/dags/seismic_etl_pipeline.py
[2025-12-13T22:21:41.954+0000] {processor.py:830} INFO - Processing file /opt/airflow/dags/seismic_etl_pipeline.py for tasks to queue
[2025-12-13T22:21:41.955+0000] {logging_mixin.py:188} INFO - [2025-12-13T22:21:41.954+0000] {dagbag.py:538} INFO - Filling up the DagBag from /opt/airflow/dags/seismic_etl_pipeline.py
[2025-12-13T22:21:42.134+0000] {processor.py:840} INFO - DAG(s) 'seismic_etl_pipeline' retrieved from /opt/airflow/dags/seismic_etl_pipeline.py
[2025-12-13T22:21:42.152+0000] {logging_mixin.py:188} INFO - [2025-12-13T22:21:42.152+0000] {dag.py:3033} INFO - Sync 1 DAGs
[2025-12-13T22:21:42.166+0000] {logging_mixin.py:188} INFO - [2025-12-13T22:21:42.165+0000] {dag.py:3820} INFO - Setting next_dagrun for seismic_etl_pipeline to 2025-12-13T00:00:00+00:00, run_after=2025-12-14T00:00:00+00:00
[2025-12-13T22:21:42.177+0000] {processor.py:183} INFO - Processing /opt/airflow/dags/seismic_etl_pipeline.py took 0.226 seconds
[2025-12-13T22:22:12.315+0000] {processor.py:161} INFO - Started process (PID=8438) to work on /opt/airflow/dags/seismic_etl_pipeline.py
[2025-12-13T22:22:12.316+0000] {processor.py:830} INFO - Processing file /opt/airflow/dags/seismic_etl_pipeline.py for tasks to queue
[2025-12-13T22:22:12.316+0000] {logging_mixin.py:188} INFO - [2025-12-13T22:22:12.316+0000] {dagbag.py:538} INFO - Filling up the DagBag from /opt/airflow/dags/seismic_etl_pipeline.py
[2025-12-13T22:22:12.495+0000] {processor.py:840} INFO - DAG(s) 'seismic_etl_pipeline' retrieved from /opt/airflow/dags/seismic_etl_pipeline.py
[2025-12-13T22:22:12.514+0000] {logging_mixin.py:188} INFO - [2025-12-13T22:22:12.514+0000] {dag.py:3033} INFO - Sync 1 DAGs
[2025-12-13T22:22:12.527+0000] {logging_mixin.py:188} INFO - [2025-12-13T22:22:12.527+0000] {dag.py:3820} INFO - Setting next_dagrun for seismic_etl_pipeline to 2025-12-13T00:00:00+00:00, run_after=2025-12-14T00:00:00+00:00
[2025-12-13T22:22:12.538+0000] {processor.py:183} INFO - Processing /opt/airflow/dags/seismic_etl_pipeline.py took 0.225 seconds
[2025-12-13T22:22:42.672+0000] {processor.py:161} INFO - Started process (PID=8461) to work on /opt/airflow/dags/seismic_etl_pipeline.py
[2025-12-13T22:22:42.673+0000] {processor.py:830} INFO - Processing file /opt/airflow/dags/seismic_etl_pipeline.py for tasks to queue
[2025-12-13T22:22:42.673+0000] {logging_mixin.py:188} INFO - [2025-12-13T22:22:42.673+0000] {dagbag.py:538} INFO - Filling up the DagBag from /opt/airflow/dags/seismic_etl_pipeline.py
[2025-12-13T22:22:42.853+0000] {processor.py:840} INFO - DAG(s) 'seismic_etl_pipeline' retrieved from /opt/airflow/dags/seismic_etl_pipeline.py
[2025-12-13T22:22:42.871+0000] {logging_mixin.py:188} INFO - [2025-12-13T22:22:42.871+0000] {dag.py:3033} INFO - Sync 1 DAGs
[2025-12-13T22:22:42.885+0000] {logging_mixin.py:188} INFO - [2025-12-13T22:22:42.884+0000] {dag.py:3820} INFO - Setting next_dagrun for seismic_etl_pipeline to 2025-12-13T00:00:00+00:00, run_after=2025-12-14T00:00:00+00:00
[2025-12-13T22:22:42.896+0000] {processor.py:183} INFO - Processing /opt/airflow/dags/seismic_etl_pipeline.py took 0.226 seconds
[2025-12-13T22:23:13.030+0000] {processor.py:161} INFO - Started process (PID=8484) to work on /opt/airflow/dags/seismic_etl_pipeline.py
[2025-12-13T22:23:13.031+0000] {processor.py:830} INFO - Processing file /opt/airflow/dags/seismic_etl_pipeline.py for tasks to queue
[2025-12-13T22:23:13.031+0000] {logging_mixin.py:188} INFO - [2025-12-13T22:23:13.031+0000] {dagbag.py:538} INFO - Filling up the DagBag from /opt/airflow/dags/seismic_etl_pipeline.py
[2025-12-13T22:23:13.210+0000] {processor.py:840} INFO - DAG(s) 'seismic_etl_pipeline' retrieved from /opt/airflow/dags/seismic_etl_pipeline.py
[2025-12-13T22:23:13.230+0000] {logging_mixin.py:188} INFO - [2025-12-13T22:23:13.230+0000] {dag.py:3033} INFO - Sync 1 DAGs
[2025-12-13T22:23:13.243+0000] {logging_mixin.py:188} INFO - [2025-12-13T22:23:13.243+0000] {dag.py:3820} INFO - Setting next_dagrun for seismic_etl_pipeline to 2025-12-13T00:00:00+00:00, run_after=2025-12-14T00:00:00+00:00
[2025-12-13T22:23:13.254+0000] {processor.py:183} INFO - Processing /opt/airflow/dags/seismic_etl_pipeline.py took 0.226 seconds
[2025-12-13T22:23:43.394+0000] {processor.py:161} INFO - Started process (PID=8507) to work on /opt/airflow/dags/seismic_etl_pipeline.py
[2025-12-13T22:23:43.395+0000] {processor.py:830} INFO - Processing file /opt/airflow/dags/seismic_etl_pipeline.py for tasks to queue
[2025-12-13T22:23:43.395+0000] {logging_mixin.py:188} INFO - [2025-12-13T22:23:43.395+0000] {dagbag.py:538} INFO - Filling up the DagBag from /opt/airflow/dags/seismic_etl_pipeline.py
[2025-12-13T22:23:43.574+0000] {processor.py:840} INFO - DAG(s) 'seismic_etl_pipeline' retrieved from /opt/airflow/dags/seismic_etl_pipeline.py
[2025-12-13T22:23:43.592+0000] {logging_mixin.py:188} INFO - [2025-12-13T22:23:43.592+0000] {dag.py:3033} INFO - Sync 1 DAGs
[2025-12-13T22:23:43.605+0000] {logging_mixin.py:188} INFO - [2025-12-13T22:23:43.605+0000] {dag.py:3820} INFO - Setting next_dagrun for seismic_etl_pipeline to 2025-12-13T00:00:00+00:00, run_after=2025-12-14T00:00:00+00:00
[2025-12-13T22:23:43.617+0000] {processor.py:183} INFO - Processing /opt/airflow/dags/seismic_etl_pipeline.py took 0.225 seconds
[2025-12-13T22:24:13.755+0000] {processor.py:161} INFO - Started process (PID=8530) to work on /opt/airflow/dags/seismic_etl_pipeline.py
[2025-12-13T22:24:13.755+0000] {processor.py:830} INFO - Processing file /opt/airflow/dags/seismic_etl_pipeline.py for tasks to queue
[2025-12-13T22:24:13.756+0000] {logging_mixin.py:188} INFO - [2025-12-13T22:24:13.756+0000] {dagbag.py:538} INFO - Filling up the DagBag from /opt/airflow/dags/seismic_etl_pipeline.py
[2025-12-13T22:24:13.935+0000] {processor.py:840} INFO - DAG(s) 'seismic_etl_pipeline' retrieved from /opt/airflow/dags/seismic_etl_pipeline.py
[2025-12-13T22:24:13.954+0000] {logging_mixin.py:188} INFO - [2025-12-13T22:24:13.954+0000] {dag.py:3033} INFO - Sync 1 DAGs
[2025-12-13T22:24:13.967+0000] {logging_mixin.py:188} INFO - [2025-12-13T22:24:13.967+0000] {dag.py:3820} INFO - Setting next_dagrun for seismic_etl_pipeline to 2025-12-13T00:00:00+00:00, run_after=2025-12-14T00:00:00+00:00
[2025-12-13T22:24:13.978+0000] {processor.py:183} INFO - Processing /opt/airflow/dags/seismic_etl_pipeline.py took 0.226 seconds
[2025-12-13T22:24:44.116+0000] {processor.py:161} INFO - Started process (PID=8553) to work on /opt/airflow/dags/seismic_etl_pipeline.py
[2025-12-13T22:24:44.117+0000] {processor.py:830} INFO - Processing file /opt/airflow/dags/seismic_etl_pipeline.py for tasks to queue
[2025-12-13T22:24:44.117+0000] {logging_mixin.py:188} INFO - [2025-12-13T22:24:44.117+0000] {dagbag.py:538} INFO - Filling up the DagBag from /opt/airflow/dags/seismic_etl_pipeline.py
[2025-12-13T22:24:44.296+0000] {processor.py:840} INFO - DAG(s) 'seismic_etl_pipeline' retrieved from /opt/airflow/dags/seismic_etl_pipeline.py
[2025-12-13T22:24:44.315+0000] {logging_mixin.py:188} INFO - [2025-12-13T22:24:44.315+0000] {dag.py:3033} INFO - Sync 1 DAGs
[2025-12-13T22:24:44.328+0000] {logging_mixin.py:188} INFO - [2025-12-13T22:24:44.328+0000] {dag.py:3820} INFO - Setting next_dagrun for seismic_etl_pipeline to 2025-12-13T00:00:00+00:00, run_after=2025-12-14T00:00:00+00:00
[2025-12-13T22:24:44.340+0000] {processor.py:183} INFO - Processing /opt/airflow/dags/seismic_etl_pipeline.py took 0.226 seconds
[2025-12-13T22:25:14.482+0000] {processor.py:161} INFO - Started process (PID=8576) to work on /opt/airflow/dags/seismic_etl_pipeline.py
[2025-12-13T22:25:14.482+0000] {processor.py:830} INFO - Processing file /opt/airflow/dags/seismic_etl_pipeline.py for tasks to queue
[2025-12-13T22:25:14.483+0000] {logging_mixin.py:188} INFO - [2025-12-13T22:25:14.483+0000] {dagbag.py:538} INFO - Filling up the DagBag from /opt/airflow/dags/seismic_etl_pipeline.py
[2025-12-13T22:25:14.662+0000] {processor.py:840} INFO - DAG(s) 'seismic_etl_pipeline' retrieved from /opt/airflow/dags/seismic_etl_pipeline.py
[2025-12-13T22:25:14.682+0000] {logging_mixin.py:188} INFO - [2025-12-13T22:25:14.681+0000] {dag.py:3033} INFO - Sync 1 DAGs
[2025-12-13T22:25:14.695+0000] {logging_mixin.py:188} INFO - [2025-12-13T22:25:14.695+0000] {dag.py:3820} INFO - Setting next_dagrun for seismic_etl_pipeline to 2025-12-13T00:00:00+00:00, run_after=2025-12-14T00:00:00+00:00
[2025-12-13T22:25:14.706+0000] {processor.py:183} INFO - Processing /opt/airflow/dags/seismic_etl_pipeline.py took 0.226 seconds
[2025-12-13T22:25:44.841+0000] {processor.py:161} INFO - Started process (PID=8599) to work on /opt/airflow/dags/seismic_etl_pipeline.py
[2025-12-13T22:25:44.841+0000] {processor.py:830} INFO - Processing file /opt/airflow/dags/seismic_etl_pipeline.py for tasks to queue
[2025-12-13T22:25:44.841+0000] {logging_mixin.py:188} INFO - [2025-12-13T22:25:44.841+0000] {dagbag.py:538} INFO - Filling up the DagBag from /opt/airflow/dags/seismic_etl_pipeline.py
[2025-12-13T22:25:45.021+0000] {processor.py:840} INFO - DAG(s) 'seismic_etl_pipeline' retrieved from /opt/airflow/dags/seismic_etl_pipeline.py
[2025-12-13T22:25:45.040+0000] {logging_mixin.py:188} INFO - [2025-12-13T22:25:45.039+0000] {dag.py:3033} INFO - Sync 1 DAGs
[2025-12-13T22:25:45.053+0000] {logging_mixin.py:188} INFO - [2025-12-13T22:25:45.053+0000] {dag.py:3820} INFO - Setting next_dagrun for seismic_etl_pipeline to 2025-12-13T00:00:00+00:00, run_after=2025-12-14T00:00:00+00:00
[2025-12-13T22:25:45.065+0000] {processor.py:183} INFO - Processing /opt/airflow/dags/seismic_etl_pipeline.py took 0.226 seconds
[2025-12-13T22:26:15.207+0000] {processor.py:161} INFO - Started process (PID=8622) to work on /opt/airflow/dags/seismic_etl_pipeline.py
[2025-12-13T22:26:15.209+0000] {processor.py:830} INFO - Processing file /opt/airflow/dags/seismic_etl_pipeline.py for tasks to queue
[2025-12-13T22:26:15.209+0000] {logging_mixin.py:188} INFO - [2025-12-13T22:26:15.209+0000] {dagbag.py:538} INFO - Filling up the DagBag from /opt/airflow/dags/seismic_etl_pipeline.py
[2025-12-13T22:26:15.388+0000] {processor.py:840} INFO - DAG(s) 'seismic_etl_pipeline' retrieved from /opt/airflow/dags/seismic_etl_pipeline.py
[2025-12-13T22:26:15.408+0000] {logging_mixin.py:188} INFO - [2025-12-13T22:26:15.408+0000] {dag.py:3033} INFO - Sync 1 DAGs
[2025-12-13T22:26:15.421+0000] {logging_mixin.py:188} INFO - [2025-12-13T22:26:15.421+0000] {dag.py:3820} INFO - Setting next_dagrun for seismic_etl_pipeline to 2025-12-13T00:00:00+00:00, run_after=2025-12-14T00:00:00+00:00
[2025-12-13T22:26:15.433+0000] {processor.py:183} INFO - Processing /opt/airflow/dags/seismic_etl_pipeline.py took 0.229 seconds
[2025-12-13T22:26:45.567+0000] {processor.py:161} INFO - Started process (PID=8645) to work on /opt/airflow/dags/seismic_etl_pipeline.py
[2025-12-13T22:26:45.568+0000] {processor.py:830} INFO - Processing file /opt/airflow/dags/seismic_etl_pipeline.py for tasks to queue
[2025-12-13T22:26:45.568+0000] {logging_mixin.py:188} INFO - [2025-12-13T22:26:45.568+0000] {dagbag.py:538} INFO - Filling up the DagBag from /opt/airflow/dags/seismic_etl_pipeline.py
[2025-12-13T22:26:45.747+0000] {processor.py:840} INFO - DAG(s) 'seismic_etl_pipeline' retrieved from /opt/airflow/dags/seismic_etl_pipeline.py
[2025-12-13T22:26:45.766+0000] {logging_mixin.py:188} INFO - [2025-12-13T22:26:45.766+0000] {dag.py:3033} INFO - Sync 1 DAGs
[2025-12-13T22:26:45.779+0000] {logging_mixin.py:188} INFO - [2025-12-13T22:26:45.779+0000] {dag.py:3820} INFO - Setting next_dagrun for seismic_etl_pipeline to 2025-12-13T00:00:00+00:00, run_after=2025-12-14T00:00:00+00:00
[2025-12-13T22:26:45.791+0000] {processor.py:183} INFO - Processing /opt/airflow/dags/seismic_etl_pipeline.py took 0.226 seconds
[2025-12-13T22:27:15.925+0000] {processor.py:161} INFO - Started process (PID=8668) to work on /opt/airflow/dags/seismic_etl_pipeline.py
[2025-12-13T22:27:15.926+0000] {processor.py:830} INFO - Processing file /opt/airflow/dags/seismic_etl_pipeline.py for tasks to queue
[2025-12-13T22:27:15.926+0000] {logging_mixin.py:188} INFO - [2025-12-13T22:27:15.926+0000] {dagbag.py:538} INFO - Filling up the DagBag from /opt/airflow/dags/seismic_etl_pipeline.py
[2025-12-13T22:27:16.105+0000] {processor.py:840} INFO - DAG(s) 'seismic_etl_pipeline' retrieved from /opt/airflow/dags/seismic_etl_pipeline.py
[2025-12-13T22:27:16.124+0000] {logging_mixin.py:188} INFO - [2025-12-13T22:27:16.124+0000] {dag.py:3033} INFO - Sync 1 DAGs
[2025-12-13T22:27:16.137+0000] {logging_mixin.py:188} INFO - [2025-12-13T22:27:16.137+0000] {dag.py:3820} INFO - Setting next_dagrun for seismic_etl_pipeline to 2025-12-13T00:00:00+00:00, run_after=2025-12-14T00:00:00+00:00
[2025-12-13T22:27:16.148+0000] {processor.py:183} INFO - Processing /opt/airflow/dags/seismic_etl_pipeline.py took 0.225 seconds
[2025-12-13T22:27:46.284+0000] {processor.py:161} INFO - Started process (PID=8691) to work on /opt/airflow/dags/seismic_etl_pipeline.py
[2025-12-13T22:27:46.285+0000] {processor.py:830} INFO - Processing file /opt/airflow/dags/seismic_etl_pipeline.py for tasks to queue
[2025-12-13T22:27:46.285+0000] {logging_mixin.py:188} INFO - [2025-12-13T22:27:46.285+0000] {dagbag.py:538} INFO - Filling up the DagBag from /opt/airflow/dags/seismic_etl_pipeline.py
[2025-12-13T22:27:46.464+0000] {processor.py:840} INFO - DAG(s) 'seismic_etl_pipeline' retrieved from /opt/airflow/dags/seismic_etl_pipeline.py
[2025-12-13T22:27:46.483+0000] {logging_mixin.py:188} INFO - [2025-12-13T22:27:46.483+0000] {dag.py:3033} INFO - Sync 1 DAGs
[2025-12-13T22:27:46.497+0000] {logging_mixin.py:188} INFO - [2025-12-13T22:27:46.497+0000] {dag.py:3820} INFO - Setting next_dagrun for seismic_etl_pipeline to 2025-12-13T00:00:00+00:00, run_after=2025-12-14T00:00:00+00:00
[2025-12-13T22:27:46.510+0000] {processor.py:183} INFO - Processing /opt/airflow/dags/seismic_etl_pipeline.py took 0.228 seconds
[2025-12-13T22:28:16.638+0000] {processor.py:161} INFO - Started process (PID=8714) to work on /opt/airflow/dags/seismic_etl_pipeline.py
[2025-12-13T22:28:16.641+0000] {processor.py:830} INFO - Processing file /opt/airflow/dags/seismic_etl_pipeline.py for tasks to queue
[2025-12-13T22:28:16.642+0000] {logging_mixin.py:188} INFO - [2025-12-13T22:28:16.641+0000] {dagbag.py:538} INFO - Filling up the DagBag from /opt/airflow/dags/seismic_etl_pipeline.py
[2025-12-13T22:28:16.820+0000] {processor.py:840} INFO - DAG(s) 'seismic_etl_pipeline' retrieved from /opt/airflow/dags/seismic_etl_pipeline.py
[2025-12-13T22:28:16.839+0000] {logging_mixin.py:188} INFO - [2025-12-13T22:28:16.839+0000] {dag.py:3033} INFO - Sync 1 DAGs
[2025-12-13T22:28:16.853+0000] {logging_mixin.py:188} INFO - [2025-12-13T22:28:16.853+0000] {dag.py:3820} INFO - Setting next_dagrun for seismic_etl_pipeline to 2025-12-13T00:00:00+00:00, run_after=2025-12-14T00:00:00+00:00
[2025-12-13T22:28:16.869+0000] {processor.py:183} INFO - Processing /opt/airflow/dags/seismic_etl_pipeline.py took 0.233 seconds
[2025-12-13T22:28:46.998+0000] {processor.py:161} INFO - Started process (PID=8737) to work on /opt/airflow/dags/seismic_etl_pipeline.py
[2025-12-13T22:28:46.999+0000] {processor.py:830} INFO - Processing file /opt/airflow/dags/seismic_etl_pipeline.py for tasks to queue
[2025-12-13T22:28:46.999+0000] {logging_mixin.py:188} INFO - [2025-12-13T22:28:46.999+0000] {dagbag.py:538} INFO - Filling up the DagBag from /opt/airflow/dags/seismic_etl_pipeline.py
[2025-12-13T22:28:47.179+0000] {processor.py:840} INFO - DAG(s) 'seismic_etl_pipeline' retrieved from /opt/airflow/dags/seismic_etl_pipeline.py
[2025-12-13T22:28:47.198+0000] {logging_mixin.py:188} INFO - [2025-12-13T22:28:47.197+0000] {dag.py:3033} INFO - Sync 1 DAGs
[2025-12-13T22:28:47.211+0000] {logging_mixin.py:188} INFO - [2025-12-13T22:28:47.211+0000] {dag.py:3820} INFO - Setting next_dagrun for seismic_etl_pipeline to 2025-12-13T00:00:00+00:00, run_after=2025-12-14T00:00:00+00:00
[2025-12-13T22:28:47.225+0000] {processor.py:183} INFO - Processing /opt/airflow/dags/seismic_etl_pipeline.py took 0.229 seconds
[2025-12-13T22:29:17.356+0000] {processor.py:161} INFO - Started process (PID=8760) to work on /opt/airflow/dags/seismic_etl_pipeline.py
[2025-12-13T22:29:17.357+0000] {processor.py:830} INFO - Processing file /opt/airflow/dags/seismic_etl_pipeline.py for tasks to queue
[2025-12-13T22:29:17.357+0000] {logging_mixin.py:188} INFO - [2025-12-13T22:29:17.357+0000] {dagbag.py:538} INFO - Filling up the DagBag from /opt/airflow/dags/seismic_etl_pipeline.py
[2025-12-13T22:29:17.536+0000] {processor.py:840} INFO - DAG(s) 'seismic_etl_pipeline' retrieved from /opt/airflow/dags/seismic_etl_pipeline.py
[2025-12-13T22:29:17.556+0000] {logging_mixin.py:188} INFO - [2025-12-13T22:29:17.555+0000] {dag.py:3033} INFO - Sync 1 DAGs
[2025-12-13T22:29:17.569+0000] {logging_mixin.py:188} INFO - [2025-12-13T22:29:17.569+0000] {dag.py:3820} INFO - Setting next_dagrun for seismic_etl_pipeline to 2025-12-13T00:00:00+00:00, run_after=2025-12-14T00:00:00+00:00
[2025-12-13T22:29:17.580+0000] {processor.py:183} INFO - Processing /opt/airflow/dags/seismic_etl_pipeline.py took 0.226 seconds
[2025-12-13T22:29:47.719+0000] {processor.py:161} INFO - Started process (PID=8783) to work on /opt/airflow/dags/seismic_etl_pipeline.py
[2025-12-13T22:29:47.720+0000] {processor.py:830} INFO - Processing file /opt/airflow/dags/seismic_etl_pipeline.py for tasks to queue
[2025-12-13T22:29:47.720+0000] {logging_mixin.py:188} INFO - [2025-12-13T22:29:47.720+0000] {dagbag.py:538} INFO - Filling up the DagBag from /opt/airflow/dags/seismic_etl_pipeline.py
[2025-12-13T22:29:47.900+0000] {processor.py:840} INFO - DAG(s) 'seismic_etl_pipeline' retrieved from /opt/airflow/dags/seismic_etl_pipeline.py
[2025-12-13T22:29:47.919+0000] {logging_mixin.py:188} INFO - [2025-12-13T22:29:47.918+0000] {dag.py:3033} INFO - Sync 1 DAGs
[2025-12-13T22:29:47.932+0000] {logging_mixin.py:188} INFO - [2025-12-13T22:29:47.932+0000] {dag.py:3820} INFO - Setting next_dagrun for seismic_etl_pipeline to 2025-12-13T00:00:00+00:00, run_after=2025-12-14T00:00:00+00:00
[2025-12-13T22:29:47.944+0000] {processor.py:183} INFO - Processing /opt/airflow/dags/seismic_etl_pipeline.py took 0.227 seconds
[2025-12-13T22:30:18.077+0000] {processor.py:161} INFO - Started process (PID=8806) to work on /opt/airflow/dags/seismic_etl_pipeline.py
[2025-12-13T22:30:18.078+0000] {processor.py:830} INFO - Processing file /opt/airflow/dags/seismic_etl_pipeline.py for tasks to queue
[2025-12-13T22:30:18.078+0000] {logging_mixin.py:188} INFO - [2025-12-13T22:30:18.078+0000] {dagbag.py:538} INFO - Filling up the DagBag from /opt/airflow/dags/seismic_etl_pipeline.py
[2025-12-13T22:30:18.257+0000] {processor.py:840} INFO - DAG(s) 'seismic_etl_pipeline' retrieved from /opt/airflow/dags/seismic_etl_pipeline.py
[2025-12-13T22:30:18.276+0000] {logging_mixin.py:188} INFO - [2025-12-13T22:30:18.276+0000] {dag.py:3033} INFO - Sync 1 DAGs
[2025-12-13T22:30:18.290+0000] {logging_mixin.py:188} INFO - [2025-12-13T22:30:18.290+0000] {dag.py:3820} INFO - Setting next_dagrun for seismic_etl_pipeline to 2025-12-13T00:00:00+00:00, run_after=2025-12-14T00:00:00+00:00
[2025-12-13T22:30:18.301+0000] {processor.py:183} INFO - Processing /opt/airflow/dags/seismic_etl_pipeline.py took 0.226 seconds
[2025-12-13T22:30:48.437+0000] {processor.py:161} INFO - Started process (PID=8829) to work on /opt/airflow/dags/seismic_etl_pipeline.py
[2025-12-13T22:30:48.437+0000] {processor.py:830} INFO - Processing file /opt/airflow/dags/seismic_etl_pipeline.py for tasks to queue
[2025-12-13T22:30:48.438+0000] {logging_mixin.py:188} INFO - [2025-12-13T22:30:48.438+0000] {dagbag.py:538} INFO - Filling up the DagBag from /opt/airflow/dags/seismic_etl_pipeline.py
[2025-12-13T22:30:48.618+0000] {processor.py:840} INFO - DAG(s) 'seismic_etl_pipeline' retrieved from /opt/airflow/dags/seismic_etl_pipeline.py
[2025-12-13T22:30:48.637+0000] {logging_mixin.py:188} INFO - [2025-12-13T22:30:48.637+0000] {dag.py:3033} INFO - Sync 1 DAGs
[2025-12-13T22:30:48.651+0000] {logging_mixin.py:188} INFO - [2025-12-13T22:30:48.651+0000] {dag.py:3820} INFO - Setting next_dagrun for seismic_etl_pipeline to 2025-12-13T00:00:00+00:00, run_after=2025-12-14T00:00:00+00:00
[2025-12-13T22:30:48.663+0000] {processor.py:183} INFO - Processing /opt/airflow/dags/seismic_etl_pipeline.py took 0.228 seconds
[2025-12-13T22:31:18.800+0000] {processor.py:161} INFO - Started process (PID=8852) to work on /opt/airflow/dags/seismic_etl_pipeline.py
[2025-12-13T22:31:18.801+0000] {processor.py:830} INFO - Processing file /opt/airflow/dags/seismic_etl_pipeline.py for tasks to queue
[2025-12-13T22:31:18.801+0000] {logging_mixin.py:188} INFO - [2025-12-13T22:31:18.801+0000] {dagbag.py:538} INFO - Filling up the DagBag from /opt/airflow/dags/seismic_etl_pipeline.py
[2025-12-13T22:31:18.981+0000] {processor.py:840} INFO - DAG(s) 'seismic_etl_pipeline' retrieved from /opt/airflow/dags/seismic_etl_pipeline.py
[2025-12-13T22:31:19.000+0000] {logging_mixin.py:188} INFO - [2025-12-13T22:31:19.000+0000] {dag.py:3033} INFO - Sync 1 DAGs
[2025-12-13T22:31:19.013+0000] {logging_mixin.py:188} INFO - [2025-12-13T22:31:19.013+0000] {dag.py:3820} INFO - Setting next_dagrun for seismic_etl_pipeline to 2025-12-13T00:00:00+00:00, run_after=2025-12-14T00:00:00+00:00
[2025-12-13T22:31:19.024+0000] {processor.py:183} INFO - Processing /opt/airflow/dags/seismic_etl_pipeline.py took 0.226 seconds
[2025-12-13T22:31:49.163+0000] {processor.py:161} INFO - Started process (PID=8875) to work on /opt/airflow/dags/seismic_etl_pipeline.py
[2025-12-13T22:31:49.163+0000] {processor.py:830} INFO - Processing file /opt/airflow/dags/seismic_etl_pipeline.py for tasks to queue
[2025-12-13T22:31:49.163+0000] {logging_mixin.py:188} INFO - [2025-12-13T22:31:49.163+0000] {dagbag.py:538} INFO - Filling up the DagBag from /opt/airflow/dags/seismic_etl_pipeline.py
[2025-12-13T22:31:49.343+0000] {processor.py:840} INFO - DAG(s) 'seismic_etl_pipeline' retrieved from /opt/airflow/dags/seismic_etl_pipeline.py
[2025-12-13T22:31:49.362+0000] {logging_mixin.py:188} INFO - [2025-12-13T22:31:49.361+0000] {dag.py:3033} INFO - Sync 1 DAGs
[2025-12-13T22:31:49.375+0000] {logging_mixin.py:188} INFO - [2025-12-13T22:31:49.375+0000] {dag.py:3820} INFO - Setting next_dagrun for seismic_etl_pipeline to 2025-12-13T00:00:00+00:00, run_after=2025-12-14T00:00:00+00:00
[2025-12-13T22:31:49.386+0000] {processor.py:183} INFO - Processing /opt/airflow/dags/seismic_etl_pipeline.py took 0.226 seconds
[2025-12-13T22:32:19.522+0000] {processor.py:161} INFO - Started process (PID=8898) to work on /opt/airflow/dags/seismic_etl_pipeline.py
[2025-12-13T22:32:19.522+0000] {processor.py:830} INFO - Processing file /opt/airflow/dags/seismic_etl_pipeline.py for tasks to queue
[2025-12-13T22:32:19.523+0000] {logging_mixin.py:188} INFO - [2025-12-13T22:32:19.523+0000] {dagbag.py:538} INFO - Filling up the DagBag from /opt/airflow/dags/seismic_etl_pipeline.py
[2025-12-13T22:32:19.702+0000] {processor.py:840} INFO - DAG(s) 'seismic_etl_pipeline' retrieved from /opt/airflow/dags/seismic_etl_pipeline.py
[2025-12-13T22:32:19.721+0000] {logging_mixin.py:188} INFO - [2025-12-13T22:32:19.720+0000] {dag.py:3033} INFO - Sync 1 DAGs
[2025-12-13T22:32:19.734+0000] {logging_mixin.py:188} INFO - [2025-12-13T22:32:19.734+0000] {dag.py:3820} INFO - Setting next_dagrun for seismic_etl_pipeline to 2025-12-13T00:00:00+00:00, run_after=2025-12-14T00:00:00+00:00
[2025-12-13T22:32:19.745+0000] {processor.py:183} INFO - Processing /opt/airflow/dags/seismic_etl_pipeline.py took 0.226 seconds
[2025-12-13T22:32:49.879+0000] {processor.py:161} INFO - Started process (PID=8921) to work on /opt/airflow/dags/seismic_etl_pipeline.py
[2025-12-13T22:32:49.879+0000] {processor.py:830} INFO - Processing file /opt/airflow/dags/seismic_etl_pipeline.py for tasks to queue
[2025-12-13T22:32:49.880+0000] {logging_mixin.py:188} INFO - [2025-12-13T22:32:49.880+0000] {dagbag.py:538} INFO - Filling up the DagBag from /opt/airflow/dags/seismic_etl_pipeline.py
[2025-12-13T22:32:50.060+0000] {processor.py:840} INFO - DAG(s) 'seismic_etl_pipeline' retrieved from /opt/airflow/dags/seismic_etl_pipeline.py
[2025-12-13T22:32:50.079+0000] {logging_mixin.py:188} INFO - [2025-12-13T22:32:50.078+0000] {dag.py:3033} INFO - Sync 1 DAGs
[2025-12-13T22:32:50.092+0000] {logging_mixin.py:188} INFO - [2025-12-13T22:32:50.092+0000] {dag.py:3820} INFO - Setting next_dagrun for seismic_etl_pipeline to 2025-12-13T00:00:00+00:00, run_after=2025-12-14T00:00:00+00:00
[2025-12-13T22:32:50.103+0000] {processor.py:183} INFO - Processing /opt/airflow/dags/seismic_etl_pipeline.py took 0.227 seconds
[2025-12-13T22:33:20.238+0000] {processor.py:161} INFO - Started process (PID=8944) to work on /opt/airflow/dags/seismic_etl_pipeline.py
[2025-12-13T22:33:20.239+0000] {processor.py:830} INFO - Processing file /opt/airflow/dags/seismic_etl_pipeline.py for tasks to queue
[2025-12-13T22:33:20.239+0000] {logging_mixin.py:188} INFO - [2025-12-13T22:33:20.239+0000] {dagbag.py:538} INFO - Filling up the DagBag from /opt/airflow/dags/seismic_etl_pipeline.py
[2025-12-13T22:33:20.419+0000] {processor.py:840} INFO - DAG(s) 'seismic_etl_pipeline' retrieved from /opt/airflow/dags/seismic_etl_pipeline.py
[2025-12-13T22:33:20.438+0000] {logging_mixin.py:188} INFO - [2025-12-13T22:33:20.438+0000] {dag.py:3033} INFO - Sync 1 DAGs
[2025-12-13T22:33:20.452+0000] {logging_mixin.py:188} INFO - [2025-12-13T22:33:20.452+0000] {dag.py:3820} INFO - Setting next_dagrun for seismic_etl_pipeline to 2025-12-13T00:00:00+00:00, run_after=2025-12-14T00:00:00+00:00
[2025-12-13T22:33:20.463+0000] {processor.py:183} INFO - Processing /opt/airflow/dags/seismic_etl_pipeline.py took 0.227 seconds
[2025-12-13T22:33:50.597+0000] {processor.py:161} INFO - Started process (PID=8967) to work on /opt/airflow/dags/seismic_etl_pipeline.py
[2025-12-13T22:33:50.598+0000] {processor.py:830} INFO - Processing file /opt/airflow/dags/seismic_etl_pipeline.py for tasks to queue
[2025-12-13T22:33:50.598+0000] {logging_mixin.py:188} INFO - [2025-12-13T22:33:50.598+0000] {dagbag.py:538} INFO - Filling up the DagBag from /opt/airflow/dags/seismic_etl_pipeline.py
[2025-12-13T22:33:50.778+0000] {processor.py:840} INFO - DAG(s) 'seismic_etl_pipeline' retrieved from /opt/airflow/dags/seismic_etl_pipeline.py
[2025-12-13T22:33:50.796+0000] {logging_mixin.py:188} INFO - [2025-12-13T22:33:50.796+0000] {dag.py:3033} INFO - Sync 1 DAGs
[2025-12-13T22:33:50.810+0000] {logging_mixin.py:188} INFO - [2025-12-13T22:33:50.809+0000] {dag.py:3820} INFO - Setting next_dagrun for seismic_etl_pipeline to 2025-12-13T00:00:00+00:00, run_after=2025-12-14T00:00:00+00:00
[2025-12-13T22:33:50.821+0000] {processor.py:183} INFO - Processing /opt/airflow/dags/seismic_etl_pipeline.py took 0.225 seconds
[2025-12-13T22:34:20.956+0000] {processor.py:161} INFO - Started process (PID=8990) to work on /opt/airflow/dags/seismic_etl_pipeline.py
[2025-12-13T22:34:20.957+0000] {processor.py:830} INFO - Processing file /opt/airflow/dags/seismic_etl_pipeline.py for tasks to queue
[2025-12-13T22:34:20.958+0000] {logging_mixin.py:188} INFO - [2025-12-13T22:34:20.958+0000] {dagbag.py:538} INFO - Filling up the DagBag from /opt/airflow/dags/seismic_etl_pipeline.py
[2025-12-13T22:34:21.137+0000] {processor.py:840} INFO - DAG(s) 'seismic_etl_pipeline' retrieved from /opt/airflow/dags/seismic_etl_pipeline.py
[2025-12-13T22:34:21.155+0000] {logging_mixin.py:188} INFO - [2025-12-13T22:34:21.155+0000] {dag.py:3033} INFO - Sync 1 DAGs
[2025-12-13T22:34:21.169+0000] {logging_mixin.py:188} INFO - [2025-12-13T22:34:21.169+0000] {dag.py:3820} INFO - Setting next_dagrun for seismic_etl_pipeline to 2025-12-13T00:00:00+00:00, run_after=2025-12-14T00:00:00+00:00
[2025-12-13T22:34:21.180+0000] {processor.py:183} INFO - Processing /opt/airflow/dags/seismic_etl_pipeline.py took 0.226 seconds
[2025-12-13T22:34:51.317+0000] {processor.py:161} INFO - Started process (PID=9013) to work on /opt/airflow/dags/seismic_etl_pipeline.py
[2025-12-13T22:34:51.317+0000] {processor.py:830} INFO - Processing file /opt/airflow/dags/seismic_etl_pipeline.py for tasks to queue
[2025-12-13T22:34:51.318+0000] {logging_mixin.py:188} INFO - [2025-12-13T22:34:51.318+0000] {dagbag.py:538} INFO - Filling up the DagBag from /opt/airflow/dags/seismic_etl_pipeline.py
[2025-12-13T22:34:51.497+0000] {processor.py:840} INFO - DAG(s) 'seismic_etl_pipeline' retrieved from /opt/airflow/dags/seismic_etl_pipeline.py
[2025-12-13T22:34:51.516+0000] {logging_mixin.py:188} INFO - [2025-12-13T22:34:51.516+0000] {dag.py:3033} INFO - Sync 1 DAGs
[2025-12-13T22:34:51.529+0000] {logging_mixin.py:188} INFO - [2025-12-13T22:34:51.529+0000] {dag.py:3820} INFO - Setting next_dagrun for seismic_etl_pipeline to 2025-12-13T00:00:00+00:00, run_after=2025-12-14T00:00:00+00:00
[2025-12-13T22:34:51.541+0000] {processor.py:183} INFO - Processing /opt/airflow/dags/seismic_etl_pipeline.py took 0.226 seconds
[2025-12-13T22:35:21.679+0000] {processor.py:161} INFO - Started process (PID=9036) to work on /opt/airflow/dags/seismic_etl_pipeline.py
[2025-12-13T22:35:21.679+0000] {processor.py:830} INFO - Processing file /opt/airflow/dags/seismic_etl_pipeline.py for tasks to queue
[2025-12-13T22:35:21.680+0000] {logging_mixin.py:188} INFO - [2025-12-13T22:35:21.680+0000] {dagbag.py:538} INFO - Filling up the DagBag from /opt/airflow/dags/seismic_etl_pipeline.py
[2025-12-13T22:35:21.859+0000] {processor.py:840} INFO - DAG(s) 'seismic_etl_pipeline' retrieved from /opt/airflow/dags/seismic_etl_pipeline.py
[2025-12-13T22:35:21.878+0000] {logging_mixin.py:188} INFO - [2025-12-13T22:35:21.878+0000] {dag.py:3033} INFO - Sync 1 DAGs
[2025-12-13T22:35:21.892+0000] {logging_mixin.py:188} INFO - [2025-12-13T22:35:21.892+0000] {dag.py:3820} INFO - Setting next_dagrun for seismic_etl_pipeline to 2025-12-13T00:00:00+00:00, run_after=2025-12-14T00:00:00+00:00
[2025-12-13T22:35:21.903+0000] {processor.py:183} INFO - Processing /opt/airflow/dags/seismic_etl_pipeline.py took 0.226 seconds
[2025-12-13T22:35:52.037+0000] {processor.py:161} INFO - Started process (PID=9059) to work on /opt/airflow/dags/seismic_etl_pipeline.py
[2025-12-13T22:35:52.038+0000] {processor.py:830} INFO - Processing file /opt/airflow/dags/seismic_etl_pipeline.py for tasks to queue
[2025-12-13T22:35:52.038+0000] {logging_mixin.py:188} INFO - [2025-12-13T22:35:52.038+0000] {dagbag.py:538} INFO - Filling up the DagBag from /opt/airflow/dags/seismic_etl_pipeline.py
[2025-12-13T22:35:52.218+0000] {processor.py:840} INFO - DAG(s) 'seismic_etl_pipeline' retrieved from /opt/airflow/dags/seismic_etl_pipeline.py
[2025-12-13T22:35:52.236+0000] {logging_mixin.py:188} INFO - [2025-12-13T22:35:52.236+0000] {dag.py:3033} INFO - Sync 1 DAGs
[2025-12-13T22:35:52.250+0000] {logging_mixin.py:188} INFO - [2025-12-13T22:35:52.250+0000] {dag.py:3820} INFO - Setting next_dagrun for seismic_etl_pipeline to 2025-12-13T00:00:00+00:00, run_after=2025-12-14T00:00:00+00:00
[2025-12-13T22:35:52.261+0000] {processor.py:183} INFO - Processing /opt/airflow/dags/seismic_etl_pipeline.py took 0.226 seconds
[2025-12-13T22:36:22.396+0000] {processor.py:161} INFO - Started process (PID=9082) to work on /opt/airflow/dags/seismic_etl_pipeline.py
[2025-12-13T22:36:22.397+0000] {processor.py:830} INFO - Processing file /opt/airflow/dags/seismic_etl_pipeline.py for tasks to queue
[2025-12-13T22:36:22.398+0000] {logging_mixin.py:188} INFO - [2025-12-13T22:36:22.397+0000] {dagbag.py:538} INFO - Filling up the DagBag from /opt/airflow/dags/seismic_etl_pipeline.py
[2025-12-13T22:36:22.577+0000] {processor.py:840} INFO - DAG(s) 'seismic_etl_pipeline' retrieved from /opt/airflow/dags/seismic_etl_pipeline.py
[2025-12-13T22:36:22.596+0000] {logging_mixin.py:188} INFO - [2025-12-13T22:36:22.595+0000] {dag.py:3033} INFO - Sync 1 DAGs
[2025-12-13T22:36:22.609+0000] {logging_mixin.py:188} INFO - [2025-12-13T22:36:22.609+0000] {dag.py:3820} INFO - Setting next_dagrun for seismic_etl_pipeline to 2025-12-13T00:00:00+00:00, run_after=2025-12-14T00:00:00+00:00
[2025-12-13T22:36:22.620+0000] {processor.py:183} INFO - Processing /opt/airflow/dags/seismic_etl_pipeline.py took 0.226 seconds
[2025-12-13T22:36:52.756+0000] {processor.py:161} INFO - Started process (PID=9105) to work on /opt/airflow/dags/seismic_etl_pipeline.py
[2025-12-13T22:36:52.757+0000] {processor.py:830} INFO - Processing file /opt/airflow/dags/seismic_etl_pipeline.py for tasks to queue
[2025-12-13T22:36:52.757+0000] {logging_mixin.py:188} INFO - [2025-12-13T22:36:52.757+0000] {dagbag.py:538} INFO - Filling up the DagBag from /opt/airflow/dags/seismic_etl_pipeline.py
[2025-12-13T22:36:52.936+0000] {processor.py:840} INFO - DAG(s) 'seismic_etl_pipeline' retrieved from /opt/airflow/dags/seismic_etl_pipeline.py
[2025-12-13T22:36:52.954+0000] {logging_mixin.py:188} INFO - [2025-12-13T22:36:52.954+0000] {dag.py:3033} INFO - Sync 1 DAGs
[2025-12-13T22:36:52.968+0000] {logging_mixin.py:188} INFO - [2025-12-13T22:36:52.967+0000] {dag.py:3820} INFO - Setting next_dagrun for seismic_etl_pipeline to 2025-12-13T00:00:00+00:00, run_after=2025-12-14T00:00:00+00:00
[2025-12-13T22:36:52.978+0000] {processor.py:183} INFO - Processing /opt/airflow/dags/seismic_etl_pipeline.py took 0.224 seconds
[2025-12-13T22:37:23.115+0000] {processor.py:161} INFO - Started process (PID=9128) to work on /opt/airflow/dags/seismic_etl_pipeline.py
[2025-12-13T22:37:23.115+0000] {processor.py:830} INFO - Processing file /opt/airflow/dags/seismic_etl_pipeline.py for tasks to queue
[2025-12-13T22:37:23.116+0000] {logging_mixin.py:188} INFO - [2025-12-13T22:37:23.115+0000] {dagbag.py:538} INFO - Filling up the DagBag from /opt/airflow/dags/seismic_etl_pipeline.py
[2025-12-13T22:37:23.295+0000] {processor.py:840} INFO - DAG(s) 'seismic_etl_pipeline' retrieved from /opt/airflow/dags/seismic_etl_pipeline.py
[2025-12-13T22:37:23.314+0000] {logging_mixin.py:188} INFO - [2025-12-13T22:37:23.313+0000] {dag.py:3033} INFO - Sync 1 DAGs
[2025-12-13T22:37:23.328+0000] {logging_mixin.py:188} INFO - [2025-12-13T22:37:23.328+0000] {dag.py:3820} INFO - Setting next_dagrun for seismic_etl_pipeline to 2025-12-13T00:00:00+00:00, run_after=2025-12-14T00:00:00+00:00
[2025-12-13T22:37:23.339+0000] {processor.py:183} INFO - Processing /opt/airflow/dags/seismic_etl_pipeline.py took 0.226 seconds
[2025-12-13T22:37:53.471+0000] {processor.py:161} INFO - Started process (PID=9151) to work on /opt/airflow/dags/seismic_etl_pipeline.py
[2025-12-13T22:37:53.472+0000] {processor.py:830} INFO - Processing file /opt/airflow/dags/seismic_etl_pipeline.py for tasks to queue
[2025-12-13T22:37:53.472+0000] {logging_mixin.py:188} INFO - [2025-12-13T22:37:53.472+0000] {dagbag.py:538} INFO - Filling up the DagBag from /opt/airflow/dags/seismic_etl_pipeline.py
[2025-12-13T22:37:53.652+0000] {processor.py:840} INFO - DAG(s) 'seismic_etl_pipeline' retrieved from /opt/airflow/dags/seismic_etl_pipeline.py
[2025-12-13T22:37:53.671+0000] {logging_mixin.py:188} INFO - [2025-12-13T22:37:53.671+0000] {dag.py:3033} INFO - Sync 1 DAGs
[2025-12-13T22:37:53.684+0000] {logging_mixin.py:188} INFO - [2025-12-13T22:37:53.684+0000] {dag.py:3820} INFO - Setting next_dagrun for seismic_etl_pipeline to 2025-12-13T00:00:00+00:00, run_after=2025-12-14T00:00:00+00:00
[2025-12-13T22:37:53.696+0000] {processor.py:183} INFO - Processing /opt/airflow/dags/seismic_etl_pipeline.py took 0.227 seconds
[2025-12-13T22:38:23.828+0000] {processor.py:161} INFO - Started process (PID=9174) to work on /opt/airflow/dags/seismic_etl_pipeline.py
[2025-12-13T22:38:23.828+0000] {processor.py:830} INFO - Processing file /opt/airflow/dags/seismic_etl_pipeline.py for tasks to queue
[2025-12-13T22:38:23.829+0000] {logging_mixin.py:188} INFO - [2025-12-13T22:38:23.829+0000] {dagbag.py:538} INFO - Filling up the DagBag from /opt/airflow/dags/seismic_etl_pipeline.py
[2025-12-13T22:38:24.008+0000] {processor.py:840} INFO - DAG(s) 'seismic_etl_pipeline' retrieved from /opt/airflow/dags/seismic_etl_pipeline.py
[2025-12-13T22:38:24.027+0000] {logging_mixin.py:188} INFO - [2025-12-13T22:38:24.027+0000] {dag.py:3033} INFO - Sync 1 DAGs
[2025-12-13T22:38:24.041+0000] {logging_mixin.py:188} INFO - [2025-12-13T22:38:24.041+0000] {dag.py:3820} INFO - Setting next_dagrun for seismic_etl_pipeline to 2025-12-13T00:00:00+00:00, run_after=2025-12-14T00:00:00+00:00
[2025-12-13T22:38:24.052+0000] {processor.py:183} INFO - Processing /opt/airflow/dags/seismic_etl_pipeline.py took 0.227 seconds
[2025-12-13T22:38:54.183+0000] {processor.py:161} INFO - Started process (PID=9197) to work on /opt/airflow/dags/seismic_etl_pipeline.py
[2025-12-13T22:38:54.184+0000] {processor.py:830} INFO - Processing file /opt/airflow/dags/seismic_etl_pipeline.py for tasks to queue
[2025-12-13T22:38:54.184+0000] {logging_mixin.py:188} INFO - [2025-12-13T22:38:54.184+0000] {dagbag.py:538} INFO - Filling up the DagBag from /opt/airflow/dags/seismic_etl_pipeline.py
[2025-12-13T22:38:54.364+0000] {processor.py:840} INFO - DAG(s) 'seismic_etl_pipeline' retrieved from /opt/airflow/dags/seismic_etl_pipeline.py
[2025-12-13T22:38:54.382+0000] {logging_mixin.py:188} INFO - [2025-12-13T22:38:54.382+0000] {dag.py:3033} INFO - Sync 1 DAGs
[2025-12-13T22:38:54.396+0000] {logging_mixin.py:188} INFO - [2025-12-13T22:38:54.396+0000] {dag.py:3820} INFO - Setting next_dagrun for seismic_etl_pipeline to 2025-12-13T00:00:00+00:00, run_after=2025-12-14T00:00:00+00:00
[2025-12-13T22:38:54.407+0000] {processor.py:183} INFO - Processing /opt/airflow/dags/seismic_etl_pipeline.py took 0.226 seconds
[2025-12-13T22:39:24.536+0000] {processor.py:161} INFO - Started process (PID=9220) to work on /opt/airflow/dags/seismic_etl_pipeline.py
[2025-12-13T22:39:24.536+0000] {processor.py:830} INFO - Processing file /opt/airflow/dags/seismic_etl_pipeline.py for tasks to queue
[2025-12-13T22:39:24.537+0000] {logging_mixin.py:188} INFO - [2025-12-13T22:39:24.536+0000] {dagbag.py:538} INFO - Filling up the DagBag from /opt/airflow/dags/seismic_etl_pipeline.py
[2025-12-13T22:39:24.717+0000] {processor.py:840} INFO - DAG(s) 'seismic_etl_pipeline' retrieved from /opt/airflow/dags/seismic_etl_pipeline.py
[2025-12-13T22:39:24.736+0000] {logging_mixin.py:188} INFO - [2025-12-13T22:39:24.735+0000] {dag.py:3033} INFO - Sync 1 DAGs
[2025-12-13T22:39:24.749+0000] {logging_mixin.py:188} INFO - [2025-12-13T22:39:24.749+0000] {dag.py:3820} INFO - Setting next_dagrun for seismic_etl_pipeline to 2025-12-13T00:00:00+00:00, run_after=2025-12-14T00:00:00+00:00
[2025-12-13T22:39:24.760+0000] {processor.py:183} INFO - Processing /opt/airflow/dags/seismic_etl_pipeline.py took 0.227 seconds
[2025-12-13T22:39:54.892+0000] {processor.py:161} INFO - Started process (PID=9243) to work on /opt/airflow/dags/seismic_etl_pipeline.py
[2025-12-13T22:39:54.892+0000] {processor.py:830} INFO - Processing file /opt/airflow/dags/seismic_etl_pipeline.py for tasks to queue
[2025-12-13T22:39:54.892+0000] {logging_mixin.py:188} INFO - [2025-12-13T22:39:54.892+0000] {dagbag.py:538} INFO - Filling up the DagBag from /opt/airflow/dags/seismic_etl_pipeline.py
[2025-12-13T22:39:55.072+0000] {processor.py:840} INFO - DAG(s) 'seismic_etl_pipeline' retrieved from /opt/airflow/dags/seismic_etl_pipeline.py
[2025-12-13T22:39:55.091+0000] {logging_mixin.py:188} INFO - [2025-12-13T22:39:55.091+0000] {dag.py:3033} INFO - Sync 1 DAGs
[2025-12-13T22:39:55.104+0000] {logging_mixin.py:188} INFO - [2025-12-13T22:39:55.104+0000] {dag.py:3820} INFO - Setting next_dagrun for seismic_etl_pipeline to 2025-12-13T00:00:00+00:00, run_after=2025-12-14T00:00:00+00:00
[2025-12-13T22:39:55.116+0000] {processor.py:183} INFO - Processing /opt/airflow/dags/seismic_etl_pipeline.py took 0.227 seconds
[2025-12-13T22:40:25.248+0000] {processor.py:161} INFO - Started process (PID=9266) to work on /opt/airflow/dags/seismic_etl_pipeline.py
[2025-12-13T22:40:25.249+0000] {processor.py:830} INFO - Processing file /opt/airflow/dags/seismic_etl_pipeline.py for tasks to queue
[2025-12-13T22:40:25.249+0000] {logging_mixin.py:188} INFO - [2025-12-13T22:40:25.249+0000] {dagbag.py:538} INFO - Filling up the DagBag from /opt/airflow/dags/seismic_etl_pipeline.py
[2025-12-13T22:40:25.429+0000] {processor.py:840} INFO - DAG(s) 'seismic_etl_pipeline' retrieved from /opt/airflow/dags/seismic_etl_pipeline.py
[2025-12-13T22:40:25.448+0000] {logging_mixin.py:188} INFO - [2025-12-13T22:40:25.448+0000] {dag.py:3033} INFO - Sync 1 DAGs
[2025-12-13T22:40:25.462+0000] {logging_mixin.py:188} INFO - [2025-12-13T22:40:25.462+0000] {dag.py:3820} INFO - Setting next_dagrun for seismic_etl_pipeline to 2025-12-13T00:00:00+00:00, run_after=2025-12-14T00:00:00+00:00
[2025-12-13T22:40:25.473+0000] {processor.py:183} INFO - Processing /opt/airflow/dags/seismic_etl_pipeline.py took 0.227 seconds
[2025-12-13T22:40:55.617+0000] {processor.py:161} INFO - Started process (PID=9289) to work on /opt/airflow/dags/seismic_etl_pipeline.py
[2025-12-13T22:40:55.618+0000] {processor.py:830} INFO - Processing file /opt/airflow/dags/seismic_etl_pipeline.py for tasks to queue
[2025-12-13T22:40:55.618+0000] {logging_mixin.py:188} INFO - [2025-12-13T22:40:55.618+0000] {dagbag.py:538} INFO - Filling up the DagBag from /opt/airflow/dags/seismic_etl_pipeline.py
[2025-12-13T22:40:55.797+0000] {processor.py:840} INFO - DAG(s) 'seismic_etl_pipeline' retrieved from /opt/airflow/dags/seismic_etl_pipeline.py
[2025-12-13T22:40:55.816+0000] {logging_mixin.py:188} INFO - [2025-12-13T22:40:55.815+0000] {dag.py:3033} INFO - Sync 1 DAGs
[2025-12-13T22:40:55.829+0000] {logging_mixin.py:188} INFO - [2025-12-13T22:40:55.829+0000] {dag.py:3820} INFO - Setting next_dagrun for seismic_etl_pipeline to 2025-12-13T00:00:00+00:00, run_after=2025-12-14T00:00:00+00:00
[2025-12-13T22:40:55.840+0000] {processor.py:183} INFO - Processing /opt/airflow/dags/seismic_etl_pipeline.py took 0.225 seconds
[2025-12-13T22:41:25.981+0000] {processor.py:161} INFO - Started process (PID=9312) to work on /opt/airflow/dags/seismic_etl_pipeline.py
[2025-12-13T22:41:25.981+0000] {processor.py:830} INFO - Processing file /opt/airflow/dags/seismic_etl_pipeline.py for tasks to queue
[2025-12-13T22:41:25.982+0000] {logging_mixin.py:188} INFO - [2025-12-13T22:41:25.981+0000] {dagbag.py:538} INFO - Filling up the DagBag from /opt/airflow/dags/seismic_etl_pipeline.py
[2025-12-13T22:41:26.161+0000] {processor.py:840} INFO - DAG(s) 'seismic_etl_pipeline' retrieved from /opt/airflow/dags/seismic_etl_pipeline.py
[2025-12-13T22:41:26.180+0000] {logging_mixin.py:188} INFO - [2025-12-13T22:41:26.180+0000] {dag.py:3033} INFO - Sync 1 DAGs
[2025-12-13T22:41:26.194+0000] {logging_mixin.py:188} INFO - [2025-12-13T22:41:26.194+0000] {dag.py:3820} INFO - Setting next_dagrun for seismic_etl_pipeline to 2025-12-13T00:00:00+00:00, run_after=2025-12-14T00:00:00+00:00
[2025-12-13T22:41:26.205+0000] {processor.py:183} INFO - Processing /opt/airflow/dags/seismic_etl_pipeline.py took 0.227 seconds
[2025-12-13T22:41:56.337+0000] {processor.py:161} INFO - Started process (PID=9335) to work on /opt/airflow/dags/seismic_etl_pipeline.py
[2025-12-13T22:41:56.338+0000] {processor.py:830} INFO - Processing file /opt/airflow/dags/seismic_etl_pipeline.py for tasks to queue
[2025-12-13T22:41:56.338+0000] {logging_mixin.py:188} INFO - [2025-12-13T22:41:56.338+0000] {dagbag.py:538} INFO - Filling up the DagBag from /opt/airflow/dags/seismic_etl_pipeline.py
[2025-12-13T22:41:56.518+0000] {processor.py:840} INFO - DAG(s) 'seismic_etl_pipeline' retrieved from /opt/airflow/dags/seismic_etl_pipeline.py
[2025-12-13T22:41:56.537+0000] {logging_mixin.py:188} INFO - [2025-12-13T22:41:56.537+0000] {dag.py:3033} INFO - Sync 1 DAGs
[2025-12-13T22:41:56.550+0000] {logging_mixin.py:188} INFO - [2025-12-13T22:41:56.550+0000] {dag.py:3820} INFO - Setting next_dagrun for seismic_etl_pipeline to 2025-12-13T00:00:00+00:00, run_after=2025-12-14T00:00:00+00:00
[2025-12-13T22:41:56.561+0000] {processor.py:183} INFO - Processing /opt/airflow/dags/seismic_etl_pipeline.py took 0.226 seconds
[2025-12-13T22:42:26.693+0000] {processor.py:161} INFO - Started process (PID=9358) to work on /opt/airflow/dags/seismic_etl_pipeline.py
[2025-12-13T22:42:26.693+0000] {processor.py:830} INFO - Processing file /opt/airflow/dags/seismic_etl_pipeline.py for tasks to queue
[2025-12-13T22:42:26.694+0000] {logging_mixin.py:188} INFO - [2025-12-13T22:42:26.694+0000] {dagbag.py:538} INFO - Filling up the DagBag from /opt/airflow/dags/seismic_etl_pipeline.py
[2025-12-13T22:42:26.873+0000] {processor.py:840} INFO - DAG(s) 'seismic_etl_pipeline' retrieved from /opt/airflow/dags/seismic_etl_pipeline.py
[2025-12-13T22:42:26.892+0000] {logging_mixin.py:188} INFO - [2025-12-13T22:42:26.892+0000] {dag.py:3033} INFO - Sync 1 DAGs
[2025-12-13T22:42:26.906+0000] {logging_mixin.py:188} INFO - [2025-12-13T22:42:26.906+0000] {dag.py:3820} INFO - Setting next_dagrun for seismic_etl_pipeline to 2025-12-13T00:00:00+00:00, run_after=2025-12-14T00:00:00+00:00
[2025-12-13T22:42:26.917+0000] {processor.py:183} INFO - Processing /opt/airflow/dags/seismic_etl_pipeline.py took 0.226 seconds
[2025-12-13T22:42:57.050+0000] {processor.py:161} INFO - Started process (PID=9381) to work on /opt/airflow/dags/seismic_etl_pipeline.py
[2025-12-13T22:42:57.050+0000] {processor.py:830} INFO - Processing file /opt/airflow/dags/seismic_etl_pipeline.py for tasks to queue
[2025-12-13T22:42:57.051+0000] {logging_mixin.py:188} INFO - [2025-12-13T22:42:57.050+0000] {dagbag.py:538} INFO - Filling up the DagBag from /opt/airflow/dags/seismic_etl_pipeline.py
[2025-12-13T22:42:57.232+0000] {processor.py:840} INFO - DAG(s) 'seismic_etl_pipeline' retrieved from /opt/airflow/dags/seismic_etl_pipeline.py
[2025-12-13T22:42:57.251+0000] {logging_mixin.py:188} INFO - [2025-12-13T22:42:57.251+0000] {dag.py:3033} INFO - Sync 1 DAGs
[2025-12-13T22:42:57.265+0000] {logging_mixin.py:188} INFO - [2025-12-13T22:42:57.265+0000] {dag.py:3820} INFO - Setting next_dagrun for seismic_etl_pipeline to 2025-12-13T00:00:00+00:00, run_after=2025-12-14T00:00:00+00:00
[2025-12-13T22:42:57.276+0000] {processor.py:183} INFO - Processing /opt/airflow/dags/seismic_etl_pipeline.py took 0.229 seconds
[2025-12-13T22:43:27.405+0000] {processor.py:161} INFO - Started process (PID=9404) to work on /opt/airflow/dags/seismic_etl_pipeline.py
[2025-12-13T22:43:27.406+0000] {processor.py:830} INFO - Processing file /opt/airflow/dags/seismic_etl_pipeline.py for tasks to queue
[2025-12-13T22:43:27.406+0000] {logging_mixin.py:188} INFO - [2025-12-13T22:43:27.406+0000] {dagbag.py:538} INFO - Filling up the DagBag from /opt/airflow/dags/seismic_etl_pipeline.py
[2025-12-13T22:43:27.586+0000] {processor.py:840} INFO - DAG(s) 'seismic_etl_pipeline' retrieved from /opt/airflow/dags/seismic_etl_pipeline.py
[2025-12-13T22:43:27.605+0000] {logging_mixin.py:188} INFO - [2025-12-13T22:43:27.605+0000] {dag.py:3033} INFO - Sync 1 DAGs
[2025-12-13T22:43:27.619+0000] {logging_mixin.py:188} INFO - [2025-12-13T22:43:27.619+0000] {dag.py:3820} INFO - Setting next_dagrun for seismic_etl_pipeline to 2025-12-13T00:00:00+00:00, run_after=2025-12-14T00:00:00+00:00
[2025-12-13T22:43:27.629+0000] {processor.py:183} INFO - Processing /opt/airflow/dags/seismic_etl_pipeline.py took 0.226 seconds
[2025-12-13T22:43:57.761+0000] {processor.py:161} INFO - Started process (PID=9427) to work on /opt/airflow/dags/seismic_etl_pipeline.py
[2025-12-13T22:43:57.762+0000] {processor.py:830} INFO - Processing file /opt/airflow/dags/seismic_etl_pipeline.py for tasks to queue
[2025-12-13T22:43:57.762+0000] {logging_mixin.py:188} INFO - [2025-12-13T22:43:57.762+0000] {dagbag.py:538} INFO - Filling up the DagBag from /opt/airflow/dags/seismic_etl_pipeline.py
[2025-12-13T22:43:57.942+0000] {processor.py:840} INFO - DAG(s) 'seismic_etl_pipeline' retrieved from /opt/airflow/dags/seismic_etl_pipeline.py
[2025-12-13T22:43:57.960+0000] {logging_mixin.py:188} INFO - [2025-12-13T22:43:57.960+0000] {dag.py:3033} INFO - Sync 1 DAGs
[2025-12-13T22:43:57.974+0000] {logging_mixin.py:188} INFO - [2025-12-13T22:43:57.974+0000] {dag.py:3820} INFO - Setting next_dagrun for seismic_etl_pipeline to 2025-12-13T00:00:00+00:00, run_after=2025-12-14T00:00:00+00:00
[2025-12-13T22:43:57.985+0000] {processor.py:183} INFO - Processing /opt/airflow/dags/seismic_etl_pipeline.py took 0.226 seconds
[2025-12-13T22:44:28.118+0000] {processor.py:161} INFO - Started process (PID=9450) to work on /opt/airflow/dags/seismic_etl_pipeline.py
[2025-12-13T22:44:28.119+0000] {processor.py:830} INFO - Processing file /opt/airflow/dags/seismic_etl_pipeline.py for tasks to queue
[2025-12-13T22:44:28.119+0000] {logging_mixin.py:188} INFO - [2025-12-13T22:44:28.119+0000] {dagbag.py:538} INFO - Filling up the DagBag from /opt/airflow/dags/seismic_etl_pipeline.py
[2025-12-13T22:44:28.299+0000] {processor.py:840} INFO - DAG(s) 'seismic_etl_pipeline' retrieved from /opt/airflow/dags/seismic_etl_pipeline.py
[2025-12-13T22:44:28.318+0000] {logging_mixin.py:188} INFO - [2025-12-13T22:44:28.317+0000] {dag.py:3033} INFO - Sync 1 DAGs
[2025-12-13T22:44:28.332+0000] {logging_mixin.py:188} INFO - [2025-12-13T22:44:28.332+0000] {dag.py:3820} INFO - Setting next_dagrun for seismic_etl_pipeline to 2025-12-13T00:00:00+00:00, run_after=2025-12-14T00:00:00+00:00
[2025-12-13T22:44:28.343+0000] {processor.py:183} INFO - Processing /opt/airflow/dags/seismic_etl_pipeline.py took 0.227 seconds
[2025-12-13T22:44:58.476+0000] {processor.py:161} INFO - Started process (PID=9473) to work on /opt/airflow/dags/seismic_etl_pipeline.py
[2025-12-13T22:44:58.477+0000] {processor.py:830} INFO - Processing file /opt/airflow/dags/seismic_etl_pipeline.py for tasks to queue
[2025-12-13T22:44:58.477+0000] {logging_mixin.py:188} INFO - [2025-12-13T22:44:58.477+0000] {dagbag.py:538} INFO - Filling up the DagBag from /opt/airflow/dags/seismic_etl_pipeline.py
[2025-12-13T22:44:58.657+0000] {processor.py:840} INFO - DAG(s) 'seismic_etl_pipeline' retrieved from /opt/airflow/dags/seismic_etl_pipeline.py
[2025-12-13T22:44:58.675+0000] {logging_mixin.py:188} INFO - [2025-12-13T22:44:58.675+0000] {dag.py:3033} INFO - Sync 1 DAGs
[2025-12-13T22:44:58.689+0000] {logging_mixin.py:188} INFO - [2025-12-13T22:44:58.688+0000] {dag.py:3820} INFO - Setting next_dagrun for seismic_etl_pipeline to 2025-12-13T00:00:00+00:00, run_after=2025-12-14T00:00:00+00:00
[2025-12-13T22:44:58.699+0000] {processor.py:183} INFO - Processing /opt/airflow/dags/seismic_etl_pipeline.py took 0.225 seconds
[2025-12-13T22:45:28.832+0000] {processor.py:161} INFO - Started process (PID=9496) to work on /opt/airflow/dags/seismic_etl_pipeline.py
[2025-12-13T22:45:28.832+0000] {processor.py:830} INFO - Processing file /opt/airflow/dags/seismic_etl_pipeline.py for tasks to queue
[2025-12-13T22:45:28.833+0000] {logging_mixin.py:188} INFO - [2025-12-13T22:45:28.833+0000] {dagbag.py:538} INFO - Filling up the DagBag from /opt/airflow/dags/seismic_etl_pipeline.py
[2025-12-13T22:45:29.012+0000] {processor.py:840} INFO - DAG(s) 'seismic_etl_pipeline' retrieved from /opt/airflow/dags/seismic_etl_pipeline.py
[2025-12-13T22:45:29.031+0000] {logging_mixin.py:188} INFO - [2025-12-13T22:45:29.031+0000] {dag.py:3033} INFO - Sync 1 DAGs
[2025-12-13T22:45:29.045+0000] {logging_mixin.py:188} INFO - [2025-12-13T22:45:29.045+0000] {dag.py:3820} INFO - Setting next_dagrun for seismic_etl_pipeline to 2025-12-13T00:00:00+00:00, run_after=2025-12-14T00:00:00+00:00
[2025-12-13T22:45:29.056+0000] {processor.py:183} INFO - Processing /opt/airflow/dags/seismic_etl_pipeline.py took 0.227 seconds
[2025-12-13T22:45:59.194+0000] {processor.py:161} INFO - Started process (PID=9519) to work on /opt/airflow/dags/seismic_etl_pipeline.py
[2025-12-13T22:45:59.195+0000] {processor.py:830} INFO - Processing file /opt/airflow/dags/seismic_etl_pipeline.py for tasks to queue
[2025-12-13T22:45:59.195+0000] {logging_mixin.py:188} INFO - [2025-12-13T22:45:59.195+0000] {dagbag.py:538} INFO - Filling up the DagBag from /opt/airflow/dags/seismic_etl_pipeline.py
[2025-12-13T22:45:59.375+0000] {processor.py:840} INFO - DAG(s) 'seismic_etl_pipeline' retrieved from /opt/airflow/dags/seismic_etl_pipeline.py
[2025-12-13T22:45:59.393+0000] {logging_mixin.py:188} INFO - [2025-12-13T22:45:59.393+0000] {dag.py:3033} INFO - Sync 1 DAGs
[2025-12-13T22:45:59.407+0000] {logging_mixin.py:188} INFO - [2025-12-13T22:45:59.406+0000] {dag.py:3820} INFO - Setting next_dagrun for seismic_etl_pipeline to 2025-12-13T00:00:00+00:00, run_after=2025-12-14T00:00:00+00:00
[2025-12-13T22:45:59.418+0000] {processor.py:183} INFO - Processing /opt/airflow/dags/seismic_etl_pipeline.py took 0.226 seconds
[2025-12-13T22:46:29.551+0000] {processor.py:161} INFO - Started process (PID=9542) to work on /opt/airflow/dags/seismic_etl_pipeline.py
[2025-12-13T22:46:29.552+0000] {processor.py:830} INFO - Processing file /opt/airflow/dags/seismic_etl_pipeline.py for tasks to queue
[2025-12-13T22:46:29.552+0000] {logging_mixin.py:188} INFO - [2025-12-13T22:46:29.552+0000] {dagbag.py:538} INFO - Filling up the DagBag from /opt/airflow/dags/seismic_etl_pipeline.py
[2025-12-13T22:46:29.732+0000] {processor.py:840} INFO - DAG(s) 'seismic_etl_pipeline' retrieved from /opt/airflow/dags/seismic_etl_pipeline.py
[2025-12-13T22:46:29.750+0000] {logging_mixin.py:188} INFO - [2025-12-13T22:46:29.750+0000] {dag.py:3033} INFO - Sync 1 DAGs
[2025-12-13T22:46:29.764+0000] {logging_mixin.py:188} INFO - [2025-12-13T22:46:29.764+0000] {dag.py:3820} INFO - Setting next_dagrun for seismic_etl_pipeline to 2025-12-13T00:00:00+00:00, run_after=2025-12-14T00:00:00+00:00
[2025-12-13T22:46:29.775+0000] {processor.py:183} INFO - Processing /opt/airflow/dags/seismic_etl_pipeline.py took 0.226 seconds
[2025-12-13T22:46:59.912+0000] {processor.py:161} INFO - Started process (PID=9565) to work on /opt/airflow/dags/seismic_etl_pipeline.py
[2025-12-13T22:46:59.912+0000] {processor.py:830} INFO - Processing file /opt/airflow/dags/seismic_etl_pipeline.py for tasks to queue
[2025-12-13T22:46:59.912+0000] {logging_mixin.py:188} INFO - [2025-12-13T22:46:59.912+0000] {dagbag.py:538} INFO - Filling up the DagBag from /opt/airflow/dags/seismic_etl_pipeline.py
[2025-12-13T22:47:00.092+0000] {processor.py:840} INFO - DAG(s) 'seismic_etl_pipeline' retrieved from /opt/airflow/dags/seismic_etl_pipeline.py
[2025-12-13T22:47:00.111+0000] {logging_mixin.py:188} INFO - [2025-12-13T22:47:00.111+0000] {dag.py:3033} INFO - Sync 1 DAGs
[2025-12-13T22:47:00.124+0000] {logging_mixin.py:188} INFO - [2025-12-13T22:47:00.124+0000] {dag.py:3820} INFO - Setting next_dagrun for seismic_etl_pipeline to 2025-12-13T00:00:00+00:00, run_after=2025-12-14T00:00:00+00:00
[2025-12-13T22:47:00.135+0000] {processor.py:183} INFO - Processing /opt/airflow/dags/seismic_etl_pipeline.py took 0.226 seconds
[2025-12-13T22:47:30.269+0000] {processor.py:161} INFO - Started process (PID=9588) to work on /opt/airflow/dags/seismic_etl_pipeline.py
[2025-12-13T22:47:30.272+0000] {processor.py:830} INFO - Processing file /opt/airflow/dags/seismic_etl_pipeline.py for tasks to queue
[2025-12-13T22:47:30.273+0000] {logging_mixin.py:188} INFO - [2025-12-13T22:47:30.273+0000] {dagbag.py:538} INFO - Filling up the DagBag from /opt/airflow/dags/seismic_etl_pipeline.py
[2025-12-13T22:47:30.453+0000] {processor.py:840} INFO - DAG(s) 'seismic_etl_pipeline' retrieved from /opt/airflow/dags/seismic_etl_pipeline.py
[2025-12-13T22:47:30.471+0000] {logging_mixin.py:188} INFO - [2025-12-13T22:47:30.471+0000] {dag.py:3033} INFO - Sync 1 DAGs
[2025-12-13T22:47:30.485+0000] {logging_mixin.py:188} INFO - [2025-12-13T22:47:30.485+0000] {dag.py:3820} INFO - Setting next_dagrun for seismic_etl_pipeline to 2025-12-13T00:00:00+00:00, run_after=2025-12-14T00:00:00+00:00
[2025-12-13T22:47:30.496+0000] {processor.py:183} INFO - Processing /opt/airflow/dags/seismic_etl_pipeline.py took 0.229 seconds
[2025-12-13T22:48:00.627+0000] {processor.py:161} INFO - Started process (PID=9611) to work on /opt/airflow/dags/seismic_etl_pipeline.py
[2025-12-13T22:48:00.628+0000] {processor.py:830} INFO - Processing file /opt/airflow/dags/seismic_etl_pipeline.py for tasks to queue
[2025-12-13T22:48:00.628+0000] {logging_mixin.py:188} INFO - [2025-12-13T22:48:00.628+0000] {dagbag.py:538} INFO - Filling up the DagBag from /opt/airflow/dags/seismic_etl_pipeline.py
[2025-12-13T22:48:00.808+0000] {processor.py:840} INFO - DAG(s) 'seismic_etl_pipeline' retrieved from /opt/airflow/dags/seismic_etl_pipeline.py
[2025-12-13T22:48:00.826+0000] {logging_mixin.py:188} INFO - [2025-12-13T22:48:00.826+0000] {dag.py:3033} INFO - Sync 1 DAGs
[2025-12-13T22:48:00.839+0000] {logging_mixin.py:188} INFO - [2025-12-13T22:48:00.839+0000] {dag.py:3820} INFO - Setting next_dagrun for seismic_etl_pipeline to 2025-12-13T00:00:00+00:00, run_after=2025-12-14T00:00:00+00:00
[2025-12-13T22:48:00.851+0000] {processor.py:183} INFO - Processing /opt/airflow/dags/seismic_etl_pipeline.py took 0.226 seconds
[2025-12-13T22:48:30.985+0000] {processor.py:161} INFO - Started process (PID=9634) to work on /opt/airflow/dags/seismic_etl_pipeline.py
[2025-12-13T22:48:30.986+0000] {processor.py:830} INFO - Processing file /opt/airflow/dags/seismic_etl_pipeline.py for tasks to queue
[2025-12-13T22:48:30.986+0000] {logging_mixin.py:188} INFO - [2025-12-13T22:48:30.986+0000] {dagbag.py:538} INFO - Filling up the DagBag from /opt/airflow/dags/seismic_etl_pipeline.py
[2025-12-13T22:48:31.165+0000] {processor.py:840} INFO - DAG(s) 'seismic_etl_pipeline' retrieved from /opt/airflow/dags/seismic_etl_pipeline.py
[2025-12-13T22:48:31.184+0000] {logging_mixin.py:188} INFO - [2025-12-13T22:48:31.184+0000] {dag.py:3033} INFO - Sync 1 DAGs
[2025-12-13T22:48:31.198+0000] {logging_mixin.py:188} INFO - [2025-12-13T22:48:31.198+0000] {dag.py:3820} INFO - Setting next_dagrun for seismic_etl_pipeline to 2025-12-13T00:00:00+00:00, run_after=2025-12-14T00:00:00+00:00
[2025-12-13T22:48:31.209+0000] {processor.py:183} INFO - Processing /opt/airflow/dags/seismic_etl_pipeline.py took 0.226 seconds
[2025-12-13T22:49:01.342+0000] {processor.py:161} INFO - Started process (PID=9657) to work on /opt/airflow/dags/seismic_etl_pipeline.py
[2025-12-13T22:49:01.342+0000] {processor.py:830} INFO - Processing file /opt/airflow/dags/seismic_etl_pipeline.py for tasks to queue
[2025-12-13T22:49:01.343+0000] {logging_mixin.py:188} INFO - [2025-12-13T22:49:01.342+0000] {dagbag.py:538} INFO - Filling up the DagBag from /opt/airflow/dags/seismic_etl_pipeline.py
[2025-12-13T22:49:01.522+0000] {processor.py:840} INFO - DAG(s) 'seismic_etl_pipeline' retrieved from /opt/airflow/dags/seismic_etl_pipeline.py
[2025-12-13T22:49:01.541+0000] {logging_mixin.py:188} INFO - [2025-12-13T22:49:01.540+0000] {dag.py:3033} INFO - Sync 1 DAGs
[2025-12-13T22:49:01.554+0000] {logging_mixin.py:188} INFO - [2025-12-13T22:49:01.554+0000] {dag.py:3820} INFO - Setting next_dagrun for seismic_etl_pipeline to 2025-12-13T00:00:00+00:00, run_after=2025-12-14T00:00:00+00:00
[2025-12-13T22:49:01.567+0000] {processor.py:183} INFO - Processing /opt/airflow/dags/seismic_etl_pipeline.py took 0.228 seconds
[2025-12-13T22:49:31.699+0000] {processor.py:161} INFO - Started process (PID=9680) to work on /opt/airflow/dags/seismic_etl_pipeline.py
[2025-12-13T22:49:31.700+0000] {processor.py:830} INFO - Processing file /opt/airflow/dags/seismic_etl_pipeline.py for tasks to queue
[2025-12-13T22:49:31.700+0000] {logging_mixin.py:188} INFO - [2025-12-13T22:49:31.700+0000] {dagbag.py:538} INFO - Filling up the DagBag from /opt/airflow/dags/seismic_etl_pipeline.py
[2025-12-13T22:49:31.880+0000] {processor.py:840} INFO - DAG(s) 'seismic_etl_pipeline' retrieved from /opt/airflow/dags/seismic_etl_pipeline.py
[2025-12-13T22:49:31.898+0000] {logging_mixin.py:188} INFO - [2025-12-13T22:49:31.898+0000] {dag.py:3033} INFO - Sync 1 DAGs
[2025-12-13T22:49:31.912+0000] {logging_mixin.py:188} INFO - [2025-12-13T22:49:31.912+0000] {dag.py:3820} INFO - Setting next_dagrun for seismic_etl_pipeline to 2025-12-13T00:00:00+00:00, run_after=2025-12-14T00:00:00+00:00
[2025-12-13T22:49:31.923+0000] {processor.py:183} INFO - Processing /opt/airflow/dags/seismic_etl_pipeline.py took 0.226 seconds
[2025-12-13T22:50:02.057+0000] {processor.py:161} INFO - Started process (PID=9703) to work on /opt/airflow/dags/seismic_etl_pipeline.py
[2025-12-13T22:50:02.058+0000] {processor.py:830} INFO - Processing file /opt/airflow/dags/seismic_etl_pipeline.py for tasks to queue
[2025-12-13T22:50:02.058+0000] {logging_mixin.py:188} INFO - [2025-12-13T22:50:02.058+0000] {dagbag.py:538} INFO - Filling up the DagBag from /opt/airflow/dags/seismic_etl_pipeline.py
[2025-12-13T22:50:02.238+0000] {processor.py:840} INFO - DAG(s) 'seismic_etl_pipeline' retrieved from /opt/airflow/dags/seismic_etl_pipeline.py
[2025-12-13T22:50:02.257+0000] {logging_mixin.py:188} INFO - [2025-12-13T22:50:02.257+0000] {dag.py:3033} INFO - Sync 1 DAGs
[2025-12-13T22:50:02.270+0000] {logging_mixin.py:188} INFO - [2025-12-13T22:50:02.270+0000] {dag.py:3820} INFO - Setting next_dagrun for seismic_etl_pipeline to 2025-12-13T00:00:00+00:00, run_after=2025-12-14T00:00:00+00:00
[2025-12-13T22:50:02.281+0000] {processor.py:183} INFO - Processing /opt/airflow/dags/seismic_etl_pipeline.py took 0.226 seconds
[2025-12-13T22:50:32.413+0000] {processor.py:161} INFO - Started process (PID=9726) to work on /opt/airflow/dags/seismic_etl_pipeline.py
[2025-12-13T22:50:32.414+0000] {processor.py:830} INFO - Processing file /opt/airflow/dags/seismic_etl_pipeline.py for tasks to queue
[2025-12-13T22:50:32.414+0000] {logging_mixin.py:188} INFO - [2025-12-13T22:50:32.414+0000] {dagbag.py:538} INFO - Filling up the DagBag from /opt/airflow/dags/seismic_etl_pipeline.py
[2025-12-13T22:50:32.594+0000] {processor.py:840} INFO - DAG(s) 'seismic_etl_pipeline' retrieved from /opt/airflow/dags/seismic_etl_pipeline.py
[2025-12-13T22:50:32.612+0000] {logging_mixin.py:188} INFO - [2025-12-13T22:50:32.612+0000] {dag.py:3033} INFO - Sync 1 DAGs
[2025-12-13T22:50:32.626+0000] {logging_mixin.py:188} INFO - [2025-12-13T22:50:32.626+0000] {dag.py:3820} INFO - Setting next_dagrun for seismic_etl_pipeline to 2025-12-13T00:00:00+00:00, run_after=2025-12-14T00:00:00+00:00
[2025-12-13T22:50:32.637+0000] {processor.py:183} INFO - Processing /opt/airflow/dags/seismic_etl_pipeline.py took 0.226 seconds
[2025-12-13T22:51:02.783+0000] {processor.py:161} INFO - Started process (PID=9749) to work on /opt/airflow/dags/seismic_etl_pipeline.py
[2025-12-13T22:51:02.784+0000] {processor.py:830} INFO - Processing file /opt/airflow/dags/seismic_etl_pipeline.py for tasks to queue
[2025-12-13T22:51:02.784+0000] {logging_mixin.py:188} INFO - [2025-12-13T22:51:02.784+0000] {dagbag.py:538} INFO - Filling up the DagBag from /opt/airflow/dags/seismic_etl_pipeline.py
[2025-12-13T22:51:02.964+0000] {processor.py:840} INFO - DAG(s) 'seismic_etl_pipeline' retrieved from /opt/airflow/dags/seismic_etl_pipeline.py
[2025-12-13T22:51:02.983+0000] {logging_mixin.py:188} INFO - [2025-12-13T22:51:02.983+0000] {dag.py:3033} INFO - Sync 1 DAGs
[2025-12-13T22:51:02.996+0000] {logging_mixin.py:188} INFO - [2025-12-13T22:51:02.996+0000] {dag.py:3820} INFO - Setting next_dagrun for seismic_etl_pipeline to 2025-12-13T00:00:00+00:00, run_after=2025-12-14T00:00:00+00:00
[2025-12-13T22:51:03.008+0000] {processor.py:183} INFO - Processing /opt/airflow/dags/seismic_etl_pipeline.py took 0.227 seconds
[2025-12-13T22:51:33.145+0000] {processor.py:161} INFO - Started process (PID=9772) to work on /opt/airflow/dags/seismic_etl_pipeline.py
[2025-12-13T22:51:33.146+0000] {processor.py:830} INFO - Processing file /opt/airflow/dags/seismic_etl_pipeline.py for tasks to queue
[2025-12-13T22:51:33.146+0000] {logging_mixin.py:188} INFO - [2025-12-13T22:51:33.146+0000] {dagbag.py:538} INFO - Filling up the DagBag from /opt/airflow/dags/seismic_etl_pipeline.py
[2025-12-13T22:51:33.326+0000] {processor.py:840} INFO - DAG(s) 'seismic_etl_pipeline' retrieved from /opt/airflow/dags/seismic_etl_pipeline.py
[2025-12-13T22:51:33.344+0000] {logging_mixin.py:188} INFO - [2025-12-13T22:51:33.344+0000] {dag.py:3033} INFO - Sync 1 DAGs
[2025-12-13T22:51:33.358+0000] {logging_mixin.py:188} INFO - [2025-12-13T22:51:33.358+0000] {dag.py:3820} INFO - Setting next_dagrun for seismic_etl_pipeline to 2025-12-13T00:00:00+00:00, run_after=2025-12-14T00:00:00+00:00
[2025-12-13T22:51:33.369+0000] {processor.py:183} INFO - Processing /opt/airflow/dags/seismic_etl_pipeline.py took 0.226 seconds
[2025-12-13T22:52:03.452+0000] {processor.py:161} INFO - Started process (PID=9795) to work on /opt/airflow/dags/seismic_etl_pipeline.py
[2025-12-13T22:52:03.452+0000] {processor.py:830} INFO - Processing file /opt/airflow/dags/seismic_etl_pipeline.py for tasks to queue
[2025-12-13T22:52:03.453+0000] {logging_mixin.py:188} INFO - [2025-12-13T22:52:03.452+0000] {dagbag.py:538} INFO - Filling up the DagBag from /opt/airflow/dags/seismic_etl_pipeline.py
[2025-12-13T22:52:03.632+0000] {processor.py:840} INFO - DAG(s) 'seismic_etl_pipeline' retrieved from /opt/airflow/dags/seismic_etl_pipeline.py
[2025-12-13T22:52:03.650+0000] {logging_mixin.py:188} INFO - [2025-12-13T22:52:03.650+0000] {dag.py:3033} INFO - Sync 1 DAGs
[2025-12-13T22:52:03.663+0000] {logging_mixin.py:188} INFO - [2025-12-13T22:52:03.663+0000] {dag.py:3820} INFO - Setting next_dagrun for seismic_etl_pipeline to 2025-12-13T00:00:00+00:00, run_after=2025-12-14T00:00:00+00:00
[2025-12-13T22:52:03.674+0000] {processor.py:183} INFO - Processing /opt/airflow/dags/seismic_etl_pipeline.py took 0.225 seconds
[2025-12-13T22:52:34.149+0000] {processor.py:161} INFO - Started process (PID=9818) to work on /opt/airflow/dags/seismic_etl_pipeline.py
[2025-12-13T22:52:34.150+0000] {processor.py:830} INFO - Processing file /opt/airflow/dags/seismic_etl_pipeline.py for tasks to queue
[2025-12-13T22:52:34.150+0000] {logging_mixin.py:188} INFO - [2025-12-13T22:52:34.150+0000] {dagbag.py:538} INFO - Filling up the DagBag from /opt/airflow/dags/seismic_etl_pipeline.py
[2025-12-13T22:52:34.329+0000] {processor.py:840} INFO - DAG(s) 'seismic_etl_pipeline' retrieved from /opt/airflow/dags/seismic_etl_pipeline.py
[2025-12-13T22:52:34.348+0000] {logging_mixin.py:188} INFO - [2025-12-13T22:52:34.347+0000] {dag.py:3033} INFO - Sync 1 DAGs
[2025-12-13T22:52:34.362+0000] {logging_mixin.py:188} INFO - [2025-12-13T22:52:34.362+0000] {dag.py:3820} INFO - Setting next_dagrun for seismic_etl_pipeline to 2025-12-13T00:00:00+00:00, run_after=2025-12-14T00:00:00+00:00
[2025-12-13T22:52:34.373+0000] {processor.py:183} INFO - Processing /opt/airflow/dags/seismic_etl_pipeline.py took 0.227 seconds
[2025-12-13T22:53:04.508+0000] {processor.py:161} INFO - Started process (PID=9841) to work on /opt/airflow/dags/seismic_etl_pipeline.py
[2025-12-13T22:53:04.509+0000] {processor.py:830} INFO - Processing file /opt/airflow/dags/seismic_etl_pipeline.py for tasks to queue
[2025-12-13T22:53:04.509+0000] {logging_mixin.py:188} INFO - [2025-12-13T22:53:04.509+0000] {dagbag.py:538} INFO - Filling up the DagBag from /opt/airflow/dags/seismic_etl_pipeline.py
[2025-12-13T22:53:04.688+0000] {processor.py:840} INFO - DAG(s) 'seismic_etl_pipeline' retrieved from /opt/airflow/dags/seismic_etl_pipeline.py
[2025-12-13T22:53:04.707+0000] {logging_mixin.py:188} INFO - [2025-12-13T22:53:04.707+0000] {dag.py:3033} INFO - Sync 1 DAGs
[2025-12-13T22:53:04.721+0000] {logging_mixin.py:188} INFO - [2025-12-13T22:53:04.721+0000] {dag.py:3820} INFO - Setting next_dagrun for seismic_etl_pipeline to 2025-12-13T00:00:00+00:00, run_after=2025-12-14T00:00:00+00:00
[2025-12-13T22:53:04.735+0000] {processor.py:183} INFO - Processing /opt/airflow/dags/seismic_etl_pipeline.py took 0.229 seconds
[2025-12-13T22:53:35.005+0000] {processor.py:161} INFO - Started process (PID=9864) to work on /opt/airflow/dags/seismic_etl_pipeline.py
[2025-12-13T22:53:35.006+0000] {processor.py:830} INFO - Processing file /opt/airflow/dags/seismic_etl_pipeline.py for tasks to queue
[2025-12-13T22:53:35.006+0000] {logging_mixin.py:188} INFO - [2025-12-13T22:53:35.006+0000] {dagbag.py:538} INFO - Filling up the DagBag from /opt/airflow/dags/seismic_etl_pipeline.py
[2025-12-13T22:53:35.185+0000] {processor.py:840} INFO - DAG(s) 'seismic_etl_pipeline' retrieved from /opt/airflow/dags/seismic_etl_pipeline.py
[2025-12-13T22:53:35.203+0000] {logging_mixin.py:188} INFO - [2025-12-13T22:53:35.203+0000] {dag.py:3033} INFO - Sync 1 DAGs
[2025-12-13T22:53:35.217+0000] {logging_mixin.py:188} INFO - [2025-12-13T22:53:35.217+0000] {dag.py:3820} INFO - Setting next_dagrun for seismic_etl_pipeline to 2025-12-13T00:00:00+00:00, run_after=2025-12-14T00:00:00+00:00
[2025-12-13T22:53:35.228+0000] {processor.py:183} INFO - Processing /opt/airflow/dags/seismic_etl_pipeline.py took 0.225 seconds
[2025-12-13T22:54:05.366+0000] {processor.py:161} INFO - Started process (PID=9887) to work on /opt/airflow/dags/seismic_etl_pipeline.py
[2025-12-13T22:54:05.366+0000] {processor.py:830} INFO - Processing file /opt/airflow/dags/seismic_etl_pipeline.py for tasks to queue
[2025-12-13T22:54:05.367+0000] {logging_mixin.py:188} INFO - [2025-12-13T22:54:05.367+0000] {dagbag.py:538} INFO - Filling up the DagBag from /opt/airflow/dags/seismic_etl_pipeline.py
[2025-12-13T22:54:05.546+0000] {processor.py:840} INFO - DAG(s) 'seismic_etl_pipeline' retrieved from /opt/airflow/dags/seismic_etl_pipeline.py
[2025-12-13T22:54:05.565+0000] {logging_mixin.py:188} INFO - [2025-12-13T22:54:05.565+0000] {dag.py:3033} INFO - Sync 1 DAGs
[2025-12-13T22:54:05.578+0000] {logging_mixin.py:188} INFO - [2025-12-13T22:54:05.578+0000] {dag.py:3820} INFO - Setting next_dagrun for seismic_etl_pipeline to 2025-12-13T00:00:00+00:00, run_after=2025-12-14T00:00:00+00:00
[2025-12-13T22:54:05.590+0000] {processor.py:183} INFO - Processing /opt/airflow/dags/seismic_etl_pipeline.py took 0.226 seconds
[2025-12-13T22:54:35.862+0000] {processor.py:161} INFO - Started process (PID=9910) to work on /opt/airflow/dags/seismic_etl_pipeline.py
[2025-12-13T22:54:35.863+0000] {processor.py:830} INFO - Processing file /opt/airflow/dags/seismic_etl_pipeline.py for tasks to queue
[2025-12-13T22:54:35.863+0000] {logging_mixin.py:188} INFO - [2025-12-13T22:54:35.863+0000] {dagbag.py:538} INFO - Filling up the DagBag from /opt/airflow/dags/seismic_etl_pipeline.py
[2025-12-13T22:54:36.043+0000] {processor.py:840} INFO - DAG(s) 'seismic_etl_pipeline' retrieved from /opt/airflow/dags/seismic_etl_pipeline.py
[2025-12-13T22:54:36.061+0000] {logging_mixin.py:188} INFO - [2025-12-13T22:54:36.061+0000] {dag.py:3033} INFO - Sync 1 DAGs
[2025-12-13T22:54:36.205+0000] {logging_mixin.py:188} INFO - [2025-12-13T22:54:36.204+0000] {dag.py:3820} INFO - Setting next_dagrun for seismic_etl_pipeline to 2025-12-13T00:00:00+00:00, run_after=2025-12-14T00:00:00+00:00
[2025-12-13T22:54:36.215+0000] {processor.py:183} INFO - Processing /opt/airflow/dags/seismic_etl_pipeline.py took 0.355 seconds
[2025-12-13T22:55:07.026+0000] {processor.py:161} INFO - Started process (PID=9933) to work on /opt/airflow/dags/seismic_etl_pipeline.py
[2025-12-13T22:55:07.027+0000] {processor.py:830} INFO - Processing file /opt/airflow/dags/seismic_etl_pipeline.py for tasks to queue
[2025-12-13T22:55:07.027+0000] {logging_mixin.py:188} INFO - [2025-12-13T22:55:07.027+0000] {dagbag.py:538} INFO - Filling up the DagBag from /opt/airflow/dags/seismic_etl_pipeline.py
[2025-12-13T22:55:07.206+0000] {processor.py:840} INFO - DAG(s) 'seismic_etl_pipeline' retrieved from /opt/airflow/dags/seismic_etl_pipeline.py
[2025-12-13T22:55:07.224+0000] {logging_mixin.py:188} INFO - [2025-12-13T22:55:07.224+0000] {dag.py:3033} INFO - Sync 1 DAGs
[2025-12-13T22:55:07.238+0000] {logging_mixin.py:188} INFO - [2025-12-13T22:55:07.237+0000] {dag.py:3820} INFO - Setting next_dagrun for seismic_etl_pipeline to 2025-12-13T00:00:00+00:00, run_after=2025-12-14T00:00:00+00:00
[2025-12-13T22:55:07.248+0000] {processor.py:183} INFO - Processing /opt/airflow/dags/seismic_etl_pipeline.py took 0.225 seconds
[2025-12-13T22:55:37.729+0000] {processor.py:161} INFO - Started process (PID=9956) to work on /opt/airflow/dags/seismic_etl_pipeline.py
[2025-12-13T22:55:37.730+0000] {processor.py:830} INFO - Processing file /opt/airflow/dags/seismic_etl_pipeline.py for tasks to queue
[2025-12-13T22:55:37.731+0000] {logging_mixin.py:188} INFO - [2025-12-13T22:55:37.730+0000] {dagbag.py:538} INFO - Filling up the DagBag from /opt/airflow/dags/seismic_etl_pipeline.py
[2025-12-13T22:55:37.909+0000] {processor.py:840} INFO - DAG(s) 'seismic_etl_pipeline' retrieved from /opt/airflow/dags/seismic_etl_pipeline.py
[2025-12-13T22:55:37.928+0000] {logging_mixin.py:188} INFO - [2025-12-13T22:55:37.927+0000] {dag.py:3033} INFO - Sync 1 DAGs
[2025-12-13T22:55:38.071+0000] {logging_mixin.py:188} INFO - [2025-12-13T22:55:38.071+0000] {dag.py:3820} INFO - Setting next_dagrun for seismic_etl_pipeline to 2025-12-13T00:00:00+00:00, run_after=2025-12-14T00:00:00+00:00
[2025-12-13T22:55:38.081+0000] {processor.py:183} INFO - Processing /opt/airflow/dags/seismic_etl_pipeline.py took 0.354 seconds
[2025-12-13T22:56:08.204+0000] {processor.py:161} INFO - Started process (PID=9979) to work on /opt/airflow/dags/seismic_etl_pipeline.py
[2025-12-13T22:56:08.205+0000] {processor.py:830} INFO - Processing file /opt/airflow/dags/seismic_etl_pipeline.py for tasks to queue
[2025-12-13T22:56:08.205+0000] {logging_mixin.py:188} INFO - [2025-12-13T22:56:08.205+0000] {dagbag.py:538} INFO - Filling up the DagBag from /opt/airflow/dags/seismic_etl_pipeline.py
[2025-12-13T22:56:08.384+0000] {processor.py:840} INFO - DAG(s) 'seismic_etl_pipeline' retrieved from /opt/airflow/dags/seismic_etl_pipeline.py
[2025-12-13T22:56:08.403+0000] {logging_mixin.py:188} INFO - [2025-12-13T22:56:08.403+0000] {dag.py:3033} INFO - Sync 1 DAGs
[2025-12-13T22:56:08.417+0000] {logging_mixin.py:188} INFO - [2025-12-13T22:56:08.417+0000] {dag.py:3820} INFO - Setting next_dagrun for seismic_etl_pipeline to 2025-12-13T00:00:00+00:00, run_after=2025-12-14T00:00:00+00:00
[2025-12-13T22:56:08.429+0000] {processor.py:183} INFO - Processing /opt/airflow/dags/seismic_etl_pipeline.py took 0.227 seconds
[2025-12-13T22:56:38.701+0000] {processor.py:161} INFO - Started process (PID=10002) to work on /opt/airflow/dags/seismic_etl_pipeline.py
[2025-12-13T22:56:38.702+0000] {processor.py:830} INFO - Processing file /opt/airflow/dags/seismic_etl_pipeline.py for tasks to queue
[2025-12-13T22:56:38.702+0000] {logging_mixin.py:188} INFO - [2025-12-13T22:56:38.702+0000] {dagbag.py:538} INFO - Filling up the DagBag from /opt/airflow/dags/seismic_etl_pipeline.py
[2025-12-13T22:56:38.881+0000] {processor.py:840} INFO - DAG(s) 'seismic_etl_pipeline' retrieved from /opt/airflow/dags/seismic_etl_pipeline.py
[2025-12-13T22:56:38.899+0000] {logging_mixin.py:188} INFO - [2025-12-13T22:56:38.899+0000] {dag.py:3033} INFO - Sync 1 DAGs
[2025-12-13T22:56:39.054+0000] {logging_mixin.py:188} INFO - [2025-12-13T22:56:39.054+0000] {dag.py:3820} INFO - Setting next_dagrun for seismic_etl_pipeline to 2025-12-13T00:00:00+00:00, run_after=2025-12-14T00:00:00+00:00
[2025-12-13T22:56:39.064+0000] {processor.py:183} INFO - Processing /opt/airflow/dags/seismic_etl_pipeline.py took 0.366 seconds
[2025-12-13T22:57:09.200+0000] {processor.py:161} INFO - Started process (PID=10025) to work on /opt/airflow/dags/seismic_etl_pipeline.py
[2025-12-13T22:57:09.200+0000] {processor.py:830} INFO - Processing file /opt/airflow/dags/seismic_etl_pipeline.py for tasks to queue
[2025-12-13T22:57:09.201+0000] {logging_mixin.py:188} INFO - [2025-12-13T22:57:09.201+0000] {dagbag.py:538} INFO - Filling up the DagBag from /opt/airflow/dags/seismic_etl_pipeline.py
[2025-12-13T22:57:09.381+0000] {processor.py:840} INFO - DAG(s) 'seismic_etl_pipeline' retrieved from /opt/airflow/dags/seismic_etl_pipeline.py
[2025-12-13T22:57:09.398+0000] {logging_mixin.py:188} INFO - [2025-12-13T22:57:09.398+0000] {dag.py:3033} INFO - Sync 1 DAGs
[2025-12-13T22:57:09.412+0000] {logging_mixin.py:188} INFO - [2025-12-13T22:57:09.412+0000] {dag.py:3820} INFO - Setting next_dagrun for seismic_etl_pipeline to 2025-12-13T00:00:00+00:00, run_after=2025-12-14T00:00:00+00:00
[2025-12-13T22:57:09.422+0000] {processor.py:183} INFO - Processing /opt/airflow/dags/seismic_etl_pipeline.py took 0.225 seconds
[2025-12-13T22:57:39.713+0000] {processor.py:161} INFO - Started process (PID=10048) to work on /opt/airflow/dags/seismic_etl_pipeline.py
[2025-12-13T22:57:39.714+0000] {processor.py:830} INFO - Processing file /opt/airflow/dags/seismic_etl_pipeline.py for tasks to queue
[2025-12-13T22:57:39.714+0000] {logging_mixin.py:188} INFO - [2025-12-13T22:57:39.714+0000] {dagbag.py:538} INFO - Filling up the DagBag from /opt/airflow/dags/seismic_etl_pipeline.py
[2025-12-13T22:57:39.892+0000] {processor.py:840} INFO - DAG(s) 'seismic_etl_pipeline' retrieved from /opt/airflow/dags/seismic_etl_pipeline.py
[2025-12-13T22:57:39.910+0000] {logging_mixin.py:188} INFO - [2025-12-13T22:57:39.910+0000] {dag.py:3033} INFO - Sync 1 DAGs
[2025-12-13T22:57:40.054+0000] {logging_mixin.py:188} INFO - [2025-12-13T22:57:40.054+0000] {dag.py:3820} INFO - Setting next_dagrun for seismic_etl_pipeline to 2025-12-13T00:00:00+00:00, run_after=2025-12-14T00:00:00+00:00
[2025-12-13T22:57:40.065+0000] {processor.py:183} INFO - Processing /opt/airflow/dags/seismic_etl_pipeline.py took 0.355 seconds
[2025-12-13T22:58:10.201+0000] {processor.py:161} INFO - Started process (PID=10071) to work on /opt/airflow/dags/seismic_etl_pipeline.py
[2025-12-13T22:58:10.202+0000] {processor.py:830} INFO - Processing file /opt/airflow/dags/seismic_etl_pipeline.py for tasks to queue
[2025-12-13T22:58:10.202+0000] {logging_mixin.py:188} INFO - [2025-12-13T22:58:10.202+0000] {dagbag.py:538} INFO - Filling up the DagBag from /opt/airflow/dags/seismic_etl_pipeline.py
[2025-12-13T22:58:10.381+0000] {processor.py:840} INFO - DAG(s) 'seismic_etl_pipeline' retrieved from /opt/airflow/dags/seismic_etl_pipeline.py
[2025-12-13T22:58:10.400+0000] {logging_mixin.py:188} INFO - [2025-12-13T22:58:10.399+0000] {dag.py:3033} INFO - Sync 1 DAGs
[2025-12-13T22:58:10.413+0000] {logging_mixin.py:188} INFO - [2025-12-13T22:58:10.413+0000] {dag.py:3820} INFO - Setting next_dagrun for seismic_etl_pipeline to 2025-12-13T00:00:00+00:00, run_after=2025-12-14T00:00:00+00:00
[2025-12-13T22:58:10.424+0000] {processor.py:183} INFO - Processing /opt/airflow/dags/seismic_etl_pipeline.py took 0.225 seconds
[2025-12-13T22:58:40.701+0000] {processor.py:161} INFO - Started process (PID=10094) to work on /opt/airflow/dags/seismic_etl_pipeline.py
[2025-12-13T22:58:40.702+0000] {processor.py:830} INFO - Processing file /opt/airflow/dags/seismic_etl_pipeline.py for tasks to queue
[2025-12-13T22:58:40.702+0000] {logging_mixin.py:188} INFO - [2025-12-13T22:58:40.702+0000] {dagbag.py:538} INFO - Filling up the DagBag from /opt/airflow/dags/seismic_etl_pipeline.py
[2025-12-13T22:58:40.884+0000] {processor.py:840} INFO - DAG(s) 'seismic_etl_pipeline' retrieved from /opt/airflow/dags/seismic_etl_pipeline.py
[2025-12-13T22:58:40.902+0000] {logging_mixin.py:188} INFO - [2025-12-13T22:58:40.901+0000] {dag.py:3033} INFO - Sync 1 DAGs
[2025-12-13T22:58:41.043+0000] {logging_mixin.py:188} INFO - [2025-12-13T22:58:41.043+0000] {dag.py:3820} INFO - Setting next_dagrun for seismic_etl_pipeline to 2025-12-13T00:00:00+00:00, run_after=2025-12-14T00:00:00+00:00
[2025-12-13T22:58:41.053+0000] {processor.py:183} INFO - Processing /opt/airflow/dags/seismic_etl_pipeline.py took 0.354 seconds
[2025-12-13T22:59:11.187+0000] {processor.py:161} INFO - Started process (PID=10117) to work on /opt/airflow/dags/seismic_etl_pipeline.py
[2025-12-13T22:59:11.188+0000] {processor.py:830} INFO - Processing file /opt/airflow/dags/seismic_etl_pipeline.py for tasks to queue
[2025-12-13T22:59:11.188+0000] {logging_mixin.py:188} INFO - [2025-12-13T22:59:11.188+0000] {dagbag.py:538} INFO - Filling up the DagBag from /opt/airflow/dags/seismic_etl_pipeline.py
[2025-12-13T22:59:11.496+0000] {processor.py:840} INFO - DAG(s) 'seismic_etl_pipeline' retrieved from /opt/airflow/dags/seismic_etl_pipeline.py
[2025-12-13T22:59:11.512+0000] {logging_mixin.py:188} INFO - [2025-12-13T22:59:11.512+0000] {dag.py:3033} INFO - Sync 1 DAGs
[2025-12-13T22:59:11.523+0000] {logging_mixin.py:188} INFO - [2025-12-13T22:59:11.523+0000] {dag.py:3820} INFO - Setting next_dagrun for seismic_etl_pipeline to 2025-12-13T00:00:00+00:00, run_after=2025-12-14T00:00:00+00:00
[2025-12-13T22:59:11.533+0000] {processor.py:183} INFO - Processing /opt/airflow/dags/seismic_etl_pipeline.py took 0.349 seconds
[2025-12-13T22:59:41.664+0000] {processor.py:161} INFO - Started process (PID=10140) to work on /opt/airflow/dags/seismic_etl_pipeline.py
[2025-12-13T22:59:41.665+0000] {processor.py:830} INFO - Processing file /opt/airflow/dags/seismic_etl_pipeline.py for tasks to queue
[2025-12-13T22:59:41.665+0000] {logging_mixin.py:188} INFO - [2025-12-13T22:59:41.665+0000] {dagbag.py:538} INFO - Filling up the DagBag from /opt/airflow/dags/seismic_etl_pipeline.py
[2025-12-13T22:59:41.844+0000] {processor.py:840} INFO - DAG(s) 'seismic_etl_pipeline' retrieved from /opt/airflow/dags/seismic_etl_pipeline.py
[2025-12-13T22:59:41.863+0000] {logging_mixin.py:188} INFO - [2025-12-13T22:59:41.862+0000] {dag.py:3033} INFO - Sync 1 DAGs
[2025-12-13T22:59:42.004+0000] {logging_mixin.py:188} INFO - [2025-12-13T22:59:42.004+0000] {dag.py:3820} INFO - Setting next_dagrun for seismic_etl_pipeline to 2025-12-13T00:00:00+00:00, run_after=2025-12-14T00:00:00+00:00
[2025-12-13T22:59:42.015+0000] {processor.py:183} INFO - Processing /opt/airflow/dags/seismic_etl_pipeline.py took 0.353 seconds
[2025-12-13T23:00:12.157+0000] {processor.py:161} INFO - Started process (PID=10163) to work on /opt/airflow/dags/seismic_etl_pipeline.py
[2025-12-13T23:00:12.157+0000] {processor.py:830} INFO - Processing file /opt/airflow/dags/seismic_etl_pipeline.py for tasks to queue
[2025-12-13T23:00:12.158+0000] {logging_mixin.py:188} INFO - [2025-12-13T23:00:12.157+0000] {dagbag.py:538} INFO - Filling up the DagBag from /opt/airflow/dags/seismic_etl_pipeline.py
[2025-12-13T23:00:12.466+0000] {processor.py:840} INFO - DAG(s) 'seismic_etl_pipeline' retrieved from /opt/airflow/dags/seismic_etl_pipeline.py
[2025-12-13T23:00:12.481+0000] {logging_mixin.py:188} INFO - [2025-12-13T23:00:12.481+0000] {dag.py:3033} INFO - Sync 1 DAGs
[2025-12-13T23:00:12.493+0000] {logging_mixin.py:188} INFO - [2025-12-13T23:00:12.493+0000] {dag.py:3820} INFO - Setting next_dagrun for seismic_etl_pipeline to 2025-12-13T00:00:00+00:00, run_after=2025-12-14T00:00:00+00:00
[2025-12-13T23:00:12.505+0000] {processor.py:183} INFO - Processing /opt/airflow/dags/seismic_etl_pipeline.py took 0.351 seconds
[2025-12-13T23:00:42.636+0000] {processor.py:161} INFO - Started process (PID=10186) to work on /opt/airflow/dags/seismic_etl_pipeline.py
[2025-12-13T23:00:42.636+0000] {processor.py:830} INFO - Processing file /opt/airflow/dags/seismic_etl_pipeline.py for tasks to queue
[2025-12-13T23:00:42.637+0000] {logging_mixin.py:188} INFO - [2025-12-13T23:00:42.636+0000] {dagbag.py:538} INFO - Filling up the DagBag from /opt/airflow/dags/seismic_etl_pipeline.py
[2025-12-13T23:00:42.944+0000] {processor.py:840} INFO - DAG(s) 'seismic_etl_pipeline' retrieved from /opt/airflow/dags/seismic_etl_pipeline.py
[2025-12-13T23:00:42.959+0000] {logging_mixin.py:188} INFO - [2025-12-13T23:00:42.959+0000] {dag.py:3033} INFO - Sync 1 DAGs
[2025-12-13T23:00:42.971+0000] {logging_mixin.py:188} INFO - [2025-12-13T23:00:42.971+0000] {dag.py:3820} INFO - Setting next_dagrun for seismic_etl_pipeline to 2025-12-13T00:00:00+00:00, run_after=2025-12-14T00:00:00+00:00
[2025-12-13T23:00:42.989+0000] {processor.py:183} INFO - Processing /opt/airflow/dags/seismic_etl_pipeline.py took 0.356 seconds
[2025-12-13T23:01:13.114+0000] {processor.py:161} INFO - Started process (PID=10209) to work on /opt/airflow/dags/seismic_etl_pipeline.py
[2025-12-13T23:01:13.115+0000] {processor.py:830} INFO - Processing file /opt/airflow/dags/seismic_etl_pipeline.py for tasks to queue
[2025-12-13T23:01:13.115+0000] {logging_mixin.py:188} INFO - [2025-12-13T23:01:13.115+0000] {dagbag.py:538} INFO - Filling up the DagBag from /opt/airflow/dags/seismic_etl_pipeline.py
[2025-12-13T23:01:13.426+0000] {processor.py:840} INFO - DAG(s) 'seismic_etl_pipeline' retrieved from /opt/airflow/dags/seismic_etl_pipeline.py
[2025-12-13T23:01:13.441+0000] {logging_mixin.py:188} INFO - [2025-12-13T23:01:13.441+0000] {dag.py:3033} INFO - Sync 1 DAGs
[2025-12-13T23:01:13.452+0000] {logging_mixin.py:188} INFO - [2025-12-13T23:01:13.452+0000] {dag.py:3820} INFO - Setting next_dagrun for seismic_etl_pipeline to 2025-12-13T00:00:00+00:00, run_after=2025-12-14T00:00:00+00:00
[2025-12-13T23:01:13.462+0000] {processor.py:183} INFO - Processing /opt/airflow/dags/seismic_etl_pipeline.py took 0.350 seconds
[2025-12-13T23:01:43.600+0000] {processor.py:161} INFO - Started process (PID=10232) to work on /opt/airflow/dags/seismic_etl_pipeline.py
[2025-12-13T23:01:43.600+0000] {processor.py:830} INFO - Processing file /opt/airflow/dags/seismic_etl_pipeline.py for tasks to queue
[2025-12-13T23:01:43.601+0000] {logging_mixin.py:188} INFO - [2025-12-13T23:01:43.600+0000] {dagbag.py:538} INFO - Filling up the DagBag from /opt/airflow/dags/seismic_etl_pipeline.py
[2025-12-13T23:01:43.907+0000] {processor.py:840} INFO - DAG(s) 'seismic_etl_pipeline' retrieved from /opt/airflow/dags/seismic_etl_pipeline.py
[2025-12-13T23:01:43.922+0000] {logging_mixin.py:188} INFO - [2025-12-13T23:01:43.922+0000] {dag.py:3033} INFO - Sync 1 DAGs
[2025-12-13T23:01:43.934+0000] {logging_mixin.py:188} INFO - [2025-12-13T23:01:43.934+0000] {dag.py:3820} INFO - Setting next_dagrun for seismic_etl_pipeline to 2025-12-13T00:00:00+00:00, run_after=2025-12-14T00:00:00+00:00
[2025-12-13T23:01:43.944+0000] {processor.py:183} INFO - Processing /opt/airflow/dags/seismic_etl_pipeline.py took 0.347 seconds
[2025-12-13T23:02:14.076+0000] {processor.py:161} INFO - Started process (PID=10255) to work on /opt/airflow/dags/seismic_etl_pipeline.py
[2025-12-13T23:02:14.077+0000] {processor.py:830} INFO - Processing file /opt/airflow/dags/seismic_etl_pipeline.py for tasks to queue
[2025-12-13T23:02:14.077+0000] {logging_mixin.py:188} INFO - [2025-12-13T23:02:14.077+0000] {dagbag.py:538} INFO - Filling up the DagBag from /opt/airflow/dags/seismic_etl_pipeline.py
[2025-12-13T23:02:14.386+0000] {processor.py:840} INFO - DAG(s) 'seismic_etl_pipeline' retrieved from /opt/airflow/dags/seismic_etl_pipeline.py
[2025-12-13T23:02:14.401+0000] {logging_mixin.py:188} INFO - [2025-12-13T23:02:14.401+0000] {dag.py:3033} INFO - Sync 1 DAGs
[2025-12-13T23:02:14.412+0000] {logging_mixin.py:188} INFO - [2025-12-13T23:02:14.412+0000] {dag.py:3820} INFO - Setting next_dagrun for seismic_etl_pipeline to 2025-12-13T00:00:00+00:00, run_after=2025-12-14T00:00:00+00:00
[2025-12-13T23:02:14.422+0000] {processor.py:183} INFO - Processing /opt/airflow/dags/seismic_etl_pipeline.py took 0.348 seconds
[2025-12-13T23:02:44.558+0000] {processor.py:161} INFO - Started process (PID=10278) to work on /opt/airflow/dags/seismic_etl_pipeline.py
[2025-12-13T23:02:44.559+0000] {processor.py:830} INFO - Processing file /opt/airflow/dags/seismic_etl_pipeline.py for tasks to queue
[2025-12-13T23:02:44.559+0000] {logging_mixin.py:188} INFO - [2025-12-13T23:02:44.559+0000] {dagbag.py:538} INFO - Filling up the DagBag from /opt/airflow/dags/seismic_etl_pipeline.py
[2025-12-13T23:02:44.871+0000] {processor.py:840} INFO - DAG(s) 'seismic_etl_pipeline' retrieved from /opt/airflow/dags/seismic_etl_pipeline.py
[2025-12-13T23:02:44.886+0000] {logging_mixin.py:188} INFO - [2025-12-13T23:02:44.886+0000] {dag.py:3033} INFO - Sync 1 DAGs
[2025-12-13T23:02:44.898+0000] {logging_mixin.py:188} INFO - [2025-12-13T23:02:44.898+0000] {dag.py:3820} INFO - Setting next_dagrun for seismic_etl_pipeline to 2025-12-13T00:00:00+00:00, run_after=2025-12-14T00:00:00+00:00
[2025-12-13T23:02:44.908+0000] {processor.py:183} INFO - Processing /opt/airflow/dags/seismic_etl_pipeline.py took 0.353 seconds
[2025-12-13T23:03:15.038+0000] {processor.py:161} INFO - Started process (PID=10301) to work on /opt/airflow/dags/seismic_etl_pipeline.py
[2025-12-13T23:03:15.038+0000] {processor.py:830} INFO - Processing file /opt/airflow/dags/seismic_etl_pipeline.py for tasks to queue
[2025-12-13T23:03:15.039+0000] {logging_mixin.py:188} INFO - [2025-12-13T23:03:15.039+0000] {dagbag.py:538} INFO - Filling up the DagBag from /opt/airflow/dags/seismic_etl_pipeline.py
[2025-12-13T23:03:15.350+0000] {processor.py:840} INFO - DAG(s) 'seismic_etl_pipeline' retrieved from /opt/airflow/dags/seismic_etl_pipeline.py
[2025-12-13T23:03:15.365+0000] {logging_mixin.py:188} INFO - [2025-12-13T23:03:15.365+0000] {dag.py:3033} INFO - Sync 1 DAGs
[2025-12-13T23:03:15.376+0000] {logging_mixin.py:188} INFO - [2025-12-13T23:03:15.376+0000] {dag.py:3820} INFO - Setting next_dagrun for seismic_etl_pipeline to 2025-12-13T00:00:00+00:00, run_after=2025-12-14T00:00:00+00:00
[2025-12-13T23:03:15.386+0000] {processor.py:183} INFO - Processing /opt/airflow/dags/seismic_etl_pipeline.py took 0.351 seconds
[2025-12-13T23:03:45.516+0000] {processor.py:161} INFO - Started process (PID=10324) to work on /opt/airflow/dags/seismic_etl_pipeline.py
[2025-12-13T23:03:45.517+0000] {processor.py:830} INFO - Processing file /opt/airflow/dags/seismic_etl_pipeline.py for tasks to queue
[2025-12-13T23:03:45.517+0000] {logging_mixin.py:188} INFO - [2025-12-13T23:03:45.517+0000] {dagbag.py:538} INFO - Filling up the DagBag from /opt/airflow/dags/seismic_etl_pipeline.py
[2025-12-13T23:03:45.827+0000] {processor.py:840} INFO - DAG(s) 'seismic_etl_pipeline' retrieved from /opt/airflow/dags/seismic_etl_pipeline.py
[2025-12-13T23:03:45.842+0000] {logging_mixin.py:188} INFO - [2025-12-13T23:03:45.842+0000] {dag.py:3033} INFO - Sync 1 DAGs
[2025-12-13T23:03:45.854+0000] {logging_mixin.py:188} INFO - [2025-12-13T23:03:45.854+0000] {dag.py:3820} INFO - Setting next_dagrun for seismic_etl_pipeline to 2025-12-13T00:00:00+00:00, run_after=2025-12-14T00:00:00+00:00
[2025-12-13T23:03:45.864+0000] {processor.py:183} INFO - Processing /opt/airflow/dags/seismic_etl_pipeline.py took 0.350 seconds
[2025-12-13T23:04:15.997+0000] {processor.py:161} INFO - Started process (PID=10347) to work on /opt/airflow/dags/seismic_etl_pipeline.py
[2025-12-13T23:04:15.998+0000] {processor.py:830} INFO - Processing file /opt/airflow/dags/seismic_etl_pipeline.py for tasks to queue
[2025-12-13T23:04:15.998+0000] {logging_mixin.py:188} INFO - [2025-12-13T23:04:15.998+0000] {dagbag.py:538} INFO - Filling up the DagBag from /opt/airflow/dags/seismic_etl_pipeline.py
[2025-12-13T23:04:16.309+0000] {processor.py:840} INFO - DAG(s) 'seismic_etl_pipeline' retrieved from /opt/airflow/dags/seismic_etl_pipeline.py
[2025-12-13T23:04:16.325+0000] {logging_mixin.py:188} INFO - [2025-12-13T23:04:16.325+0000] {dag.py:3033} INFO - Sync 1 DAGs
[2025-12-13T23:04:16.336+0000] {logging_mixin.py:188} INFO - [2025-12-13T23:04:16.336+0000] {dag.py:3820} INFO - Setting next_dagrun for seismic_etl_pipeline to 2025-12-13T00:00:00+00:00, run_after=2025-12-14T00:00:00+00:00
[2025-12-13T23:04:16.347+0000] {processor.py:183} INFO - Processing /opt/airflow/dags/seismic_etl_pipeline.py took 0.352 seconds
[2025-12-13T23:04:46.473+0000] {processor.py:161} INFO - Started process (PID=10370) to work on /opt/airflow/dags/seismic_etl_pipeline.py
[2025-12-13T23:04:46.474+0000] {processor.py:830} INFO - Processing file /opt/airflow/dags/seismic_etl_pipeline.py for tasks to queue
[2025-12-13T23:04:46.474+0000] {logging_mixin.py:188} INFO - [2025-12-13T23:04:46.474+0000] {dagbag.py:538} INFO - Filling up the DagBag from /opt/airflow/dags/seismic_etl_pipeline.py
[2025-12-13T23:04:46.782+0000] {processor.py:840} INFO - DAG(s) 'seismic_etl_pipeline' retrieved from /opt/airflow/dags/seismic_etl_pipeline.py
[2025-12-13T23:04:46.797+0000] {logging_mixin.py:188} INFO - [2025-12-13T23:04:46.797+0000] {dag.py:3033} INFO - Sync 1 DAGs
[2025-12-13T23:04:46.809+0000] {logging_mixin.py:188} INFO - [2025-12-13T23:04:46.809+0000] {dag.py:3820} INFO - Setting next_dagrun for seismic_etl_pipeline to 2025-12-13T00:00:00+00:00, run_after=2025-12-14T00:00:00+00:00
[2025-12-13T23:04:46.819+0000] {processor.py:183} INFO - Processing /opt/airflow/dags/seismic_etl_pipeline.py took 0.349 seconds
[2025-12-13T23:05:16.944+0000] {processor.py:161} INFO - Started process (PID=10393) to work on /opt/airflow/dags/seismic_etl_pipeline.py
[2025-12-13T23:05:16.945+0000] {processor.py:830} INFO - Processing file /opt/airflow/dags/seismic_etl_pipeline.py for tasks to queue
[2025-12-13T23:05:16.946+0000] {logging_mixin.py:188} INFO - [2025-12-13T23:05:16.945+0000] {dagbag.py:538} INFO - Filling up the DagBag from /opt/airflow/dags/seismic_etl_pipeline.py
[2025-12-13T23:05:17.256+0000] {processor.py:840} INFO - DAG(s) 'seismic_etl_pipeline' retrieved from /opt/airflow/dags/seismic_etl_pipeline.py
[2025-12-13T23:05:17.271+0000] {logging_mixin.py:188} INFO - [2025-12-13T23:05:17.271+0000] {dag.py:3033} INFO - Sync 1 DAGs
[2025-12-13T23:05:17.283+0000] {logging_mixin.py:188} INFO - [2025-12-13T23:05:17.282+0000] {dag.py:3820} INFO - Setting next_dagrun for seismic_etl_pipeline to 2025-12-13T00:00:00+00:00, run_after=2025-12-14T00:00:00+00:00
[2025-12-13T23:05:17.295+0000] {processor.py:183} INFO - Processing /opt/airflow/dags/seismic_etl_pipeline.py took 0.353 seconds
[2025-12-13T23:05:47.420+0000] {processor.py:161} INFO - Started process (PID=10416) to work on /opt/airflow/dags/seismic_etl_pipeline.py
[2025-12-13T23:05:47.420+0000] {processor.py:830} INFO - Processing file /opt/airflow/dags/seismic_etl_pipeline.py for tasks to queue
[2025-12-13T23:05:47.421+0000] {logging_mixin.py:188} INFO - [2025-12-13T23:05:47.421+0000] {dagbag.py:538} INFO - Filling up the DagBag from /opt/airflow/dags/seismic_etl_pipeline.py
[2025-12-13T23:05:47.729+0000] {processor.py:840} INFO - DAG(s) 'seismic_etl_pipeline' retrieved from /opt/airflow/dags/seismic_etl_pipeline.py
[2025-12-13T23:05:47.745+0000] {logging_mixin.py:188} INFO - [2025-12-13T23:05:47.744+0000] {dag.py:3033} INFO - Sync 1 DAGs
[2025-12-13T23:05:47.756+0000] {logging_mixin.py:188} INFO - [2025-12-13T23:05:47.756+0000] {dag.py:3820} INFO - Setting next_dagrun for seismic_etl_pipeline to 2025-12-13T00:00:00+00:00, run_after=2025-12-14T00:00:00+00:00
[2025-12-13T23:05:47.767+0000] {processor.py:183} INFO - Processing /opt/airflow/dags/seismic_etl_pipeline.py took 0.349 seconds
[2025-12-13T23:06:17.908+0000] {processor.py:161} INFO - Started process (PID=10439) to work on /opt/airflow/dags/seismic_etl_pipeline.py
[2025-12-13T23:06:17.909+0000] {processor.py:830} INFO - Processing file /opt/airflow/dags/seismic_etl_pipeline.py for tasks to queue
[2025-12-13T23:06:17.909+0000] {logging_mixin.py:188} INFO - [2025-12-13T23:06:17.909+0000] {dagbag.py:538} INFO - Filling up the DagBag from /opt/airflow/dags/seismic_etl_pipeline.py
[2025-12-13T23:06:18.220+0000] {processor.py:840} INFO - DAG(s) 'seismic_etl_pipeline' retrieved from /opt/airflow/dags/seismic_etl_pipeline.py
[2025-12-13T23:06:18.236+0000] {logging_mixin.py:188} INFO - [2025-12-13T23:06:18.236+0000] {dag.py:3033} INFO - Sync 1 DAGs
[2025-12-13T23:06:18.247+0000] {logging_mixin.py:188} INFO - [2025-12-13T23:06:18.247+0000] {dag.py:3820} INFO - Setting next_dagrun for seismic_etl_pipeline to 2025-12-13T00:00:00+00:00, run_after=2025-12-14T00:00:00+00:00
[2025-12-13T23:06:18.257+0000] {processor.py:183} INFO - Processing /opt/airflow/dags/seismic_etl_pipeline.py took 0.352 seconds
[2025-12-13T23:06:48.380+0000] {processor.py:161} INFO - Started process (PID=10462) to work on /opt/airflow/dags/seismic_etl_pipeline.py
[2025-12-13T23:06:48.380+0000] {processor.py:830} INFO - Processing file /opt/airflow/dags/seismic_etl_pipeline.py for tasks to queue
[2025-12-13T23:06:48.381+0000] {logging_mixin.py:188} INFO - [2025-12-13T23:06:48.381+0000] {dagbag.py:538} INFO - Filling up the DagBag from /opt/airflow/dags/seismic_etl_pipeline.py
[2025-12-13T23:06:48.689+0000] {processor.py:840} INFO - DAG(s) 'seismic_etl_pipeline' retrieved from /opt/airflow/dags/seismic_etl_pipeline.py
[2025-12-13T23:06:48.705+0000] {logging_mixin.py:188} INFO - [2025-12-13T23:06:48.704+0000] {dag.py:3033} INFO - Sync 1 DAGs
[2025-12-13T23:06:48.717+0000] {logging_mixin.py:188} INFO - [2025-12-13T23:06:48.717+0000] {dag.py:3820} INFO - Setting next_dagrun for seismic_etl_pipeline to 2025-12-13T00:00:00+00:00, run_after=2025-12-14T00:00:00+00:00
[2025-12-13T23:06:48.727+0000] {processor.py:183} INFO - Processing /opt/airflow/dags/seismic_etl_pipeline.py took 0.349 seconds
[2025-12-13T23:07:18.858+0000] {processor.py:161} INFO - Started process (PID=10485) to work on /opt/airflow/dags/seismic_etl_pipeline.py
[2025-12-13T23:07:18.859+0000] {processor.py:830} INFO - Processing file /opt/airflow/dags/seismic_etl_pipeline.py for tasks to queue
[2025-12-13T23:07:18.859+0000] {logging_mixin.py:188} INFO - [2025-12-13T23:07:18.859+0000] {dagbag.py:538} INFO - Filling up the DagBag from /opt/airflow/dags/seismic_etl_pipeline.py
[2025-12-13T23:07:19.170+0000] {processor.py:840} INFO - DAG(s) 'seismic_etl_pipeline' retrieved from /opt/airflow/dags/seismic_etl_pipeline.py
[2025-12-13T23:07:19.186+0000] {logging_mixin.py:188} INFO - [2025-12-13T23:07:19.185+0000] {dag.py:3033} INFO - Sync 1 DAGs
[2025-12-13T23:07:19.197+0000] {logging_mixin.py:188} INFO - [2025-12-13T23:07:19.197+0000] {dag.py:3820} INFO - Setting next_dagrun for seismic_etl_pipeline to 2025-12-13T00:00:00+00:00, run_after=2025-12-14T00:00:00+00:00
[2025-12-13T23:07:19.207+0000] {processor.py:183} INFO - Processing /opt/airflow/dags/seismic_etl_pipeline.py took 0.351 seconds
[2025-12-13T23:07:49.344+0000] {processor.py:161} INFO - Started process (PID=10508) to work on /opt/airflow/dags/seismic_etl_pipeline.py
[2025-12-13T23:07:49.344+0000] {processor.py:830} INFO - Processing file /opt/airflow/dags/seismic_etl_pipeline.py for tasks to queue
[2025-12-13T23:07:49.345+0000] {logging_mixin.py:188} INFO - [2025-12-13T23:07:49.345+0000] {dagbag.py:538} INFO - Filling up the DagBag from /opt/airflow/dags/seismic_etl_pipeline.py
[2025-12-13T23:07:49.656+0000] {processor.py:840} INFO - DAG(s) 'seismic_etl_pipeline' retrieved from /opt/airflow/dags/seismic_etl_pipeline.py
[2025-12-13T23:07:49.671+0000] {logging_mixin.py:188} INFO - [2025-12-13T23:07:49.671+0000] {dag.py:3033} INFO - Sync 1 DAGs
[2025-12-13T23:07:49.683+0000] {logging_mixin.py:188} INFO - [2025-12-13T23:07:49.683+0000] {dag.py:3820} INFO - Setting next_dagrun for seismic_etl_pipeline to 2025-12-13T00:00:00+00:00, run_after=2025-12-14T00:00:00+00:00
[2025-12-13T23:07:49.693+0000] {processor.py:183} INFO - Processing /opt/airflow/dags/seismic_etl_pipeline.py took 0.352 seconds
[2025-12-13T23:08:19.824+0000] {processor.py:161} INFO - Started process (PID=10531) to work on /opt/airflow/dags/seismic_etl_pipeline.py
[2025-12-13T23:08:19.825+0000] {processor.py:830} INFO - Processing file /opt/airflow/dags/seismic_etl_pipeline.py for tasks to queue
[2025-12-13T23:08:19.825+0000] {logging_mixin.py:188} INFO - [2025-12-13T23:08:19.825+0000] {dagbag.py:538} INFO - Filling up the DagBag from /opt/airflow/dags/seismic_etl_pipeline.py
[2025-12-13T23:08:20.134+0000] {processor.py:840} INFO - DAG(s) 'seismic_etl_pipeline' retrieved from /opt/airflow/dags/seismic_etl_pipeline.py
[2025-12-13T23:08:20.150+0000] {logging_mixin.py:188} INFO - [2025-12-13T23:08:20.150+0000] {dag.py:3033} INFO - Sync 1 DAGs
[2025-12-13T23:08:20.161+0000] {logging_mixin.py:188} INFO - [2025-12-13T23:08:20.161+0000] {dag.py:3820} INFO - Setting next_dagrun for seismic_etl_pipeline to 2025-12-13T00:00:00+00:00, run_after=2025-12-14T00:00:00+00:00
[2025-12-13T23:08:20.177+0000] {processor.py:183} INFO - Processing /opt/airflow/dags/seismic_etl_pipeline.py took 0.355 seconds
[2025-12-13T23:08:50.303+0000] {processor.py:161} INFO - Started process (PID=10554) to work on /opt/airflow/dags/seismic_etl_pipeline.py
[2025-12-13T23:08:50.303+0000] {processor.py:830} INFO - Processing file /opt/airflow/dags/seismic_etl_pipeline.py for tasks to queue
[2025-12-13T23:08:50.304+0000] {logging_mixin.py:188} INFO - [2025-12-13T23:08:50.303+0000] {dagbag.py:538} INFO - Filling up the DagBag from /opt/airflow/dags/seismic_etl_pipeline.py
[2025-12-13T23:08:50.614+0000] {processor.py:840} INFO - DAG(s) 'seismic_etl_pipeline' retrieved from /opt/airflow/dags/seismic_etl_pipeline.py
[2025-12-13T23:08:50.629+0000] {logging_mixin.py:188} INFO - [2025-12-13T23:08:50.629+0000] {dag.py:3033} INFO - Sync 1 DAGs
[2025-12-13T23:08:50.641+0000] {logging_mixin.py:188} INFO - [2025-12-13T23:08:50.641+0000] {dag.py:3820} INFO - Setting next_dagrun for seismic_etl_pipeline to 2025-12-13T00:00:00+00:00, run_after=2025-12-14T00:00:00+00:00
[2025-12-13T23:08:50.651+0000] {processor.py:183} INFO - Processing /opt/airflow/dags/seismic_etl_pipeline.py took 0.351 seconds
[2025-12-13T23:09:20.781+0000] {processor.py:161} INFO - Started process (PID=10577) to work on /opt/airflow/dags/seismic_etl_pipeline.py
[2025-12-13T23:09:20.782+0000] {processor.py:830} INFO - Processing file /opt/airflow/dags/seismic_etl_pipeline.py for tasks to queue
[2025-12-13T23:09:20.783+0000] {logging_mixin.py:188} INFO - [2025-12-13T23:09:20.782+0000] {dagbag.py:538} INFO - Filling up the DagBag from /opt/airflow/dags/seismic_etl_pipeline.py
[2025-12-13T23:09:21.091+0000] {processor.py:840} INFO - DAG(s) 'seismic_etl_pipeline' retrieved from /opt/airflow/dags/seismic_etl_pipeline.py
[2025-12-13T23:09:21.107+0000] {logging_mixin.py:188} INFO - [2025-12-13T23:09:21.106+0000] {dag.py:3033} INFO - Sync 1 DAGs
[2025-12-13T23:09:21.118+0000] {logging_mixin.py:188} INFO - [2025-12-13T23:09:21.118+0000] {dag.py:3820} INFO - Setting next_dagrun for seismic_etl_pipeline to 2025-12-13T00:00:00+00:00, run_after=2025-12-14T00:00:00+00:00
[2025-12-13T23:09:21.128+0000] {processor.py:183} INFO - Processing /opt/airflow/dags/seismic_etl_pipeline.py took 0.349 seconds
[2025-12-13T23:09:51.263+0000] {processor.py:161} INFO - Started process (PID=10600) to work on /opt/airflow/dags/seismic_etl_pipeline.py
[2025-12-13T23:09:51.263+0000] {processor.py:830} INFO - Processing file /opt/airflow/dags/seismic_etl_pipeline.py for tasks to queue
[2025-12-13T23:09:51.263+0000] {logging_mixin.py:188} INFO - [2025-12-13T23:09:51.263+0000] {dagbag.py:538} INFO - Filling up the DagBag from /opt/airflow/dags/seismic_etl_pipeline.py
[2025-12-13T23:09:51.571+0000] {processor.py:840} INFO - DAG(s) 'seismic_etl_pipeline' retrieved from /opt/airflow/dags/seismic_etl_pipeline.py
[2025-12-13T23:09:51.586+0000] {logging_mixin.py:188} INFO - [2025-12-13T23:09:51.586+0000] {dag.py:3033} INFO - Sync 1 DAGs
[2025-12-13T23:09:51.598+0000] {logging_mixin.py:188} INFO - [2025-12-13T23:09:51.598+0000] {dag.py:3820} INFO - Setting next_dagrun for seismic_etl_pipeline to 2025-12-13T00:00:00+00:00, run_after=2025-12-14T00:00:00+00:00
[2025-12-13T23:09:51.608+0000] {processor.py:183} INFO - Processing /opt/airflow/dags/seismic_etl_pipeline.py took 0.348 seconds
[2025-12-13T23:10:21.747+0000] {processor.py:161} INFO - Started process (PID=10623) to work on /opt/airflow/dags/seismic_etl_pipeline.py
[2025-12-13T23:10:21.748+0000] {processor.py:830} INFO - Processing file /opt/airflow/dags/seismic_etl_pipeline.py for tasks to queue
[2025-12-13T23:10:21.748+0000] {logging_mixin.py:188} INFO - [2025-12-13T23:10:21.748+0000] {dagbag.py:538} INFO - Filling up the DagBag from /opt/airflow/dags/seismic_etl_pipeline.py
[2025-12-13T23:10:22.055+0000] {processor.py:840} INFO - DAG(s) 'seismic_etl_pipeline' retrieved from /opt/airflow/dags/seismic_etl_pipeline.py
[2025-12-13T23:10:22.070+0000] {logging_mixin.py:188} INFO - [2025-12-13T23:10:22.070+0000] {dag.py:3033} INFO - Sync 1 DAGs
[2025-12-13T23:10:22.081+0000] {logging_mixin.py:188} INFO - [2025-12-13T23:10:22.081+0000] {dag.py:3820} INFO - Setting next_dagrun for seismic_etl_pipeline to 2025-12-13T00:00:00+00:00, run_after=2025-12-14T00:00:00+00:00
[2025-12-13T23:10:22.092+0000] {processor.py:183} INFO - Processing /opt/airflow/dags/seismic_etl_pipeline.py took 0.347 seconds
[2025-12-13T23:10:52.227+0000] {processor.py:161} INFO - Started process (PID=10646) to work on /opt/airflow/dags/seismic_etl_pipeline.py
[2025-12-13T23:10:52.228+0000] {processor.py:830} INFO - Processing file /opt/airflow/dags/seismic_etl_pipeline.py for tasks to queue
[2025-12-13T23:10:52.228+0000] {logging_mixin.py:188} INFO - [2025-12-13T23:10:52.228+0000] {dagbag.py:538} INFO - Filling up the DagBag from /opt/airflow/dags/seismic_etl_pipeline.py
[2025-12-13T23:10:52.534+0000] {processor.py:840} INFO - DAG(s) 'seismic_etl_pipeline' retrieved from /opt/airflow/dags/seismic_etl_pipeline.py
[2025-12-13T23:10:52.549+0000] {logging_mixin.py:188} INFO - [2025-12-13T23:10:52.549+0000] {dag.py:3033} INFO - Sync 1 DAGs
[2025-12-13T23:10:52.561+0000] {logging_mixin.py:188} INFO - [2025-12-13T23:10:52.561+0000] {dag.py:3820} INFO - Setting next_dagrun for seismic_etl_pipeline to 2025-12-13T00:00:00+00:00, run_after=2025-12-14T00:00:00+00:00
[2025-12-13T23:10:52.571+0000] {processor.py:183} INFO - Processing /opt/airflow/dags/seismic_etl_pipeline.py took 0.346 seconds
[2025-12-13T23:11:22.703+0000] {processor.py:161} INFO - Started process (PID=10669) to work on /opt/airflow/dags/seismic_etl_pipeline.py
[2025-12-13T23:11:22.704+0000] {processor.py:830} INFO - Processing file /opt/airflow/dags/seismic_etl_pipeline.py for tasks to queue
[2025-12-13T23:11:22.704+0000] {logging_mixin.py:188} INFO - [2025-12-13T23:11:22.704+0000] {dagbag.py:538} INFO - Filling up the DagBag from /opt/airflow/dags/seismic_etl_pipeline.py
[2025-12-13T23:11:23.010+0000] {processor.py:840} INFO - DAG(s) 'seismic_etl_pipeline' retrieved from /opt/airflow/dags/seismic_etl_pipeline.py
[2025-12-13T23:11:23.025+0000] {logging_mixin.py:188} INFO - [2025-12-13T23:11:23.025+0000] {dag.py:3033} INFO - Sync 1 DAGs
[2025-12-13T23:11:23.037+0000] {logging_mixin.py:188} INFO - [2025-12-13T23:11:23.036+0000] {dag.py:3820} INFO - Setting next_dagrun for seismic_etl_pipeline to 2025-12-13T00:00:00+00:00, run_after=2025-12-14T00:00:00+00:00
[2025-12-13T23:11:23.047+0000] {processor.py:183} INFO - Processing /opt/airflow/dags/seismic_etl_pipeline.py took 0.346 seconds
[2025-12-13T23:11:53.183+0000] {processor.py:161} INFO - Started process (PID=10692) to work on /opt/airflow/dags/seismic_etl_pipeline.py
[2025-12-13T23:11:53.184+0000] {processor.py:830} INFO - Processing file /opt/airflow/dags/seismic_etl_pipeline.py for tasks to queue
[2025-12-13T23:11:53.185+0000] {logging_mixin.py:188} INFO - [2025-12-13T23:11:53.184+0000] {dagbag.py:538} INFO - Filling up the DagBag from /opt/airflow/dags/seismic_etl_pipeline.py
[2025-12-13T23:11:53.489+0000] {processor.py:840} INFO - DAG(s) 'seismic_etl_pipeline' retrieved from /opt/airflow/dags/seismic_etl_pipeline.py
[2025-12-13T23:11:53.504+0000] {logging_mixin.py:188} INFO - [2025-12-13T23:11:53.504+0000] {dag.py:3033} INFO - Sync 1 DAGs
[2025-12-13T23:11:53.516+0000] {logging_mixin.py:188} INFO - [2025-12-13T23:11:53.516+0000] {dag.py:3820} INFO - Setting next_dagrun for seismic_etl_pipeline to 2025-12-13T00:00:00+00:00, run_after=2025-12-14T00:00:00+00:00
[2025-12-13T23:11:53.526+0000] {processor.py:183} INFO - Processing /opt/airflow/dags/seismic_etl_pipeline.py took 0.344 seconds
[2025-12-13T23:12:23.658+0000] {processor.py:161} INFO - Started process (PID=10715) to work on /opt/airflow/dags/seismic_etl_pipeline.py
[2025-12-13T23:12:23.658+0000] {processor.py:830} INFO - Processing file /opt/airflow/dags/seismic_etl_pipeline.py for tasks to queue
[2025-12-13T23:12:23.659+0000] {logging_mixin.py:188} INFO - [2025-12-13T23:12:23.659+0000] {dagbag.py:538} INFO - Filling up the DagBag from /opt/airflow/dags/seismic_etl_pipeline.py
[2025-12-13T23:12:23.966+0000] {processor.py:840} INFO - DAG(s) 'seismic_etl_pipeline' retrieved from /opt/airflow/dags/seismic_etl_pipeline.py
[2025-12-13T23:12:23.981+0000] {logging_mixin.py:188} INFO - [2025-12-13T23:12:23.981+0000] {dag.py:3033} INFO - Sync 1 DAGs
[2025-12-13T23:12:23.993+0000] {logging_mixin.py:188} INFO - [2025-12-13T23:12:23.992+0000] {dag.py:3820} INFO - Setting next_dagrun for seismic_etl_pipeline to 2025-12-13T00:00:00+00:00, run_after=2025-12-14T00:00:00+00:00
[2025-12-13T23:12:24.003+0000] {processor.py:183} INFO - Processing /opt/airflow/dags/seismic_etl_pipeline.py took 0.347 seconds
[2025-12-13T23:12:54.140+0000] {processor.py:161} INFO - Started process (PID=10738) to work on /opt/airflow/dags/seismic_etl_pipeline.py
[2025-12-13T23:12:54.140+0000] {processor.py:830} INFO - Processing file /opt/airflow/dags/seismic_etl_pipeline.py for tasks to queue
[2025-12-13T23:12:54.141+0000] {logging_mixin.py:188} INFO - [2025-12-13T23:12:54.141+0000] {dagbag.py:538} INFO - Filling up the DagBag from /opt/airflow/dags/seismic_etl_pipeline.py
[2025-12-13T23:12:54.447+0000] {processor.py:840} INFO - DAG(s) 'seismic_etl_pipeline' retrieved from /opt/airflow/dags/seismic_etl_pipeline.py
[2025-12-13T23:12:54.463+0000] {logging_mixin.py:188} INFO - [2025-12-13T23:12:54.462+0000] {dag.py:3033} INFO - Sync 1 DAGs
[2025-12-13T23:12:54.474+0000] {logging_mixin.py:188} INFO - [2025-12-13T23:12:54.474+0000] {dag.py:3820} INFO - Setting next_dagrun for seismic_etl_pipeline to 2025-12-13T00:00:00+00:00, run_after=2025-12-14T00:00:00+00:00
[2025-12-13T23:12:54.485+0000] {processor.py:183} INFO - Processing /opt/airflow/dags/seismic_etl_pipeline.py took 0.347 seconds
[2025-12-13T23:13:24.611+0000] {processor.py:161} INFO - Started process (PID=10761) to work on /opt/airflow/dags/seismic_etl_pipeline.py
[2025-12-13T23:13:24.612+0000] {processor.py:830} INFO - Processing file /opt/airflow/dags/seismic_etl_pipeline.py for tasks to queue
[2025-12-13T23:13:24.612+0000] {logging_mixin.py:188} INFO - [2025-12-13T23:13:24.612+0000] {dagbag.py:538} INFO - Filling up the DagBag from /opt/airflow/dags/seismic_etl_pipeline.py
[2025-12-13T23:13:24.920+0000] {processor.py:840} INFO - DAG(s) 'seismic_etl_pipeline' retrieved from /opt/airflow/dags/seismic_etl_pipeline.py
[2025-12-13T23:13:24.935+0000] {logging_mixin.py:188} INFO - [2025-12-13T23:13:24.935+0000] {dag.py:3033} INFO - Sync 1 DAGs
[2025-12-13T23:13:24.946+0000] {logging_mixin.py:188} INFO - [2025-12-13T23:13:24.946+0000] {dag.py:3820} INFO - Setting next_dagrun for seismic_etl_pipeline to 2025-12-13T00:00:00+00:00, run_after=2025-12-14T00:00:00+00:00
[2025-12-13T23:13:24.956+0000] {processor.py:183} INFO - Processing /opt/airflow/dags/seismic_etl_pipeline.py took 0.348 seconds
[2025-12-13T23:13:55.092+0000] {processor.py:161} INFO - Started process (PID=10784) to work on /opt/airflow/dags/seismic_etl_pipeline.py
[2025-12-13T23:13:55.093+0000] {processor.py:830} INFO - Processing file /opt/airflow/dags/seismic_etl_pipeline.py for tasks to queue
[2025-12-13T23:13:55.093+0000] {logging_mixin.py:188} INFO - [2025-12-13T23:13:55.093+0000] {dagbag.py:538} INFO - Filling up the DagBag from /opt/airflow/dags/seismic_etl_pipeline.py
[2025-12-13T23:13:55.401+0000] {processor.py:840} INFO - DAG(s) 'seismic_etl_pipeline' retrieved from /opt/airflow/dags/seismic_etl_pipeline.py
[2025-12-13T23:13:55.417+0000] {logging_mixin.py:188} INFO - [2025-12-13T23:13:55.417+0000] {dag.py:3033} INFO - Sync 1 DAGs
[2025-12-13T23:13:55.430+0000] {logging_mixin.py:188} INFO - [2025-12-13T23:13:55.430+0000] {dag.py:3820} INFO - Setting next_dagrun for seismic_etl_pipeline to 2025-12-13T00:00:00+00:00, run_after=2025-12-14T00:00:00+00:00
[2025-12-13T23:13:55.440+0000] {processor.py:183} INFO - Processing /opt/airflow/dags/seismic_etl_pipeline.py took 0.350 seconds
[2025-12-13T23:14:25.570+0000] {processor.py:161} INFO - Started process (PID=10807) to work on /opt/airflow/dags/seismic_etl_pipeline.py
[2025-12-13T23:14:25.570+0000] {processor.py:830} INFO - Processing file /opt/airflow/dags/seismic_etl_pipeline.py for tasks to queue
[2025-12-13T23:14:25.571+0000] {logging_mixin.py:188} INFO - [2025-12-13T23:14:25.571+0000] {dagbag.py:538} INFO - Filling up the DagBag from /opt/airflow/dags/seismic_etl_pipeline.py
[2025-12-13T23:14:25.888+0000] {processor.py:840} INFO - DAG(s) 'seismic_etl_pipeline' retrieved from /opt/airflow/dags/seismic_etl_pipeline.py
[2025-12-13T23:14:25.904+0000] {logging_mixin.py:188} INFO - [2025-12-13T23:14:25.903+0000] {dag.py:3033} INFO - Sync 1 DAGs
[2025-12-13T23:14:25.915+0000] {logging_mixin.py:188} INFO - [2025-12-13T23:14:25.915+0000] {dag.py:3820} INFO - Setting next_dagrun for seismic_etl_pipeline to 2025-12-13T00:00:00+00:00, run_after=2025-12-14T00:00:00+00:00
[2025-12-13T23:14:25.925+0000] {processor.py:183} INFO - Processing /opt/airflow/dags/seismic_etl_pipeline.py took 0.357 seconds
[2025-12-13T23:14:56.043+0000] {processor.py:161} INFO - Started process (PID=10830) to work on /opt/airflow/dags/seismic_etl_pipeline.py
[2025-12-13T23:14:56.044+0000] {processor.py:830} INFO - Processing file /opt/airflow/dags/seismic_etl_pipeline.py for tasks to queue
[2025-12-13T23:14:56.045+0000] {logging_mixin.py:188} INFO - [2025-12-13T23:14:56.044+0000] {dagbag.py:538} INFO - Filling up the DagBag from /opt/airflow/dags/seismic_etl_pipeline.py
[2025-12-13T23:14:56.352+0000] {processor.py:840} INFO - DAG(s) 'seismic_etl_pipeline' retrieved from /opt/airflow/dags/seismic_etl_pipeline.py
[2025-12-13T23:14:56.368+0000] {logging_mixin.py:188} INFO - [2025-12-13T23:14:56.367+0000] {dag.py:3033} INFO - Sync 1 DAGs
[2025-12-13T23:14:56.380+0000] {logging_mixin.py:188} INFO - [2025-12-13T23:14:56.380+0000] {dag.py:3820} INFO - Setting next_dagrun for seismic_etl_pipeline to 2025-12-13T00:00:00+00:00, run_after=2025-12-14T00:00:00+00:00
[2025-12-13T23:14:56.390+0000] {processor.py:183} INFO - Processing /opt/airflow/dags/seismic_etl_pipeline.py took 0.349 seconds
[2025-12-13T23:15:26.520+0000] {processor.py:161} INFO - Started process (PID=10853) to work on /opt/airflow/dags/seismic_etl_pipeline.py
[2025-12-13T23:15:26.521+0000] {processor.py:830} INFO - Processing file /opt/airflow/dags/seismic_etl_pipeline.py for tasks to queue
[2025-12-13T23:15:26.521+0000] {logging_mixin.py:188} INFO - [2025-12-13T23:15:26.521+0000] {dagbag.py:538} INFO - Filling up the DagBag from /opt/airflow/dags/seismic_etl_pipeline.py
[2025-12-13T23:15:26.831+0000] {processor.py:840} INFO - DAG(s) 'seismic_etl_pipeline' retrieved from /opt/airflow/dags/seismic_etl_pipeline.py
[2025-12-13T23:15:26.846+0000] {logging_mixin.py:188} INFO - [2025-12-13T23:15:26.846+0000] {dag.py:3033} INFO - Sync 1 DAGs
[2025-12-13T23:15:26.858+0000] {logging_mixin.py:188} INFO - [2025-12-13T23:15:26.857+0000] {dag.py:3820} INFO - Setting next_dagrun for seismic_etl_pipeline to 2025-12-13T00:00:00+00:00, run_after=2025-12-14T00:00:00+00:00
[2025-12-13T23:15:26.869+0000] {processor.py:183} INFO - Processing /opt/airflow/dags/seismic_etl_pipeline.py took 0.351 seconds
[2025-12-13T23:15:57.002+0000] {processor.py:161} INFO - Started process (PID=10876) to work on /opt/airflow/dags/seismic_etl_pipeline.py
[2025-12-13T23:15:57.003+0000] {processor.py:830} INFO - Processing file /opt/airflow/dags/seismic_etl_pipeline.py for tasks to queue
[2025-12-13T23:15:57.003+0000] {logging_mixin.py:188} INFO - [2025-12-13T23:15:57.003+0000] {dagbag.py:538} INFO - Filling up the DagBag from /opt/airflow/dags/seismic_etl_pipeline.py
[2025-12-13T23:15:57.307+0000] {processor.py:840} INFO - DAG(s) 'seismic_etl_pipeline' retrieved from /opt/airflow/dags/seismic_etl_pipeline.py
[2025-12-13T23:15:57.322+0000] {logging_mixin.py:188} INFO - [2025-12-13T23:15:57.322+0000] {dag.py:3033} INFO - Sync 1 DAGs
[2025-12-13T23:15:57.334+0000] {logging_mixin.py:188} INFO - [2025-12-13T23:15:57.334+0000] {dag.py:3820} INFO - Setting next_dagrun for seismic_etl_pipeline to 2025-12-13T00:00:00+00:00, run_after=2025-12-14T00:00:00+00:00
[2025-12-13T23:15:57.344+0000] {processor.py:183} INFO - Processing /opt/airflow/dags/seismic_etl_pipeline.py took 0.344 seconds
[2025-12-13T23:16:27.476+0000] {processor.py:161} INFO - Started process (PID=10899) to work on /opt/airflow/dags/seismic_etl_pipeline.py
[2025-12-13T23:16:27.477+0000] {processor.py:830} INFO - Processing file /opt/airflow/dags/seismic_etl_pipeline.py for tasks to queue
[2025-12-13T23:16:27.477+0000] {logging_mixin.py:188} INFO - [2025-12-13T23:16:27.477+0000] {dagbag.py:538} INFO - Filling up the DagBag from /opt/airflow/dags/seismic_etl_pipeline.py
[2025-12-13T23:16:27.781+0000] {processor.py:840} INFO - DAG(s) 'seismic_etl_pipeline' retrieved from /opt/airflow/dags/seismic_etl_pipeline.py
[2025-12-13T23:16:27.797+0000] {logging_mixin.py:188} INFO - [2025-12-13T23:16:27.797+0000] {dag.py:3033} INFO - Sync 1 DAGs
[2025-12-13T23:16:27.808+0000] {logging_mixin.py:188} INFO - [2025-12-13T23:16:27.808+0000] {dag.py:3820} INFO - Setting next_dagrun for seismic_etl_pipeline to 2025-12-13T00:00:00+00:00, run_after=2025-12-14T00:00:00+00:00
[2025-12-13T23:16:27.819+0000] {processor.py:183} INFO - Processing /opt/airflow/dags/seismic_etl_pipeline.py took 0.345 seconds
[2025-12-13T23:16:57.953+0000] {processor.py:161} INFO - Started process (PID=10922) to work on /opt/airflow/dags/seismic_etl_pipeline.py
[2025-12-13T23:16:57.954+0000] {processor.py:830} INFO - Processing file /opt/airflow/dags/seismic_etl_pipeline.py for tasks to queue
[2025-12-13T23:16:57.954+0000] {logging_mixin.py:188} INFO - [2025-12-13T23:16:57.954+0000] {dagbag.py:538} INFO - Filling up the DagBag from /opt/airflow/dags/seismic_etl_pipeline.py
[2025-12-13T23:16:58.259+0000] {processor.py:840} INFO - DAG(s) 'seismic_etl_pipeline' retrieved from /opt/airflow/dags/seismic_etl_pipeline.py
[2025-12-13T23:16:58.275+0000] {logging_mixin.py:188} INFO - [2025-12-13T23:16:58.274+0000] {dag.py:3033} INFO - Sync 1 DAGs
[2025-12-13T23:16:58.287+0000] {logging_mixin.py:188} INFO - [2025-12-13T23:16:58.286+0000] {dag.py:3820} INFO - Setting next_dagrun for seismic_etl_pipeline to 2025-12-13T00:00:00+00:00, run_after=2025-12-14T00:00:00+00:00
[2025-12-13T23:16:58.297+0000] {processor.py:183} INFO - Processing /opt/airflow/dags/seismic_etl_pipeline.py took 0.346 seconds
[2025-12-13T23:17:28.428+0000] {processor.py:161} INFO - Started process (PID=10945) to work on /opt/airflow/dags/seismic_etl_pipeline.py
[2025-12-13T23:17:28.428+0000] {processor.py:830} INFO - Processing file /opt/airflow/dags/seismic_etl_pipeline.py for tasks to queue
[2025-12-13T23:17:28.428+0000] {logging_mixin.py:188} INFO - [2025-12-13T23:17:28.428+0000] {dagbag.py:538} INFO - Filling up the DagBag from /opt/airflow/dags/seismic_etl_pipeline.py
[2025-12-13T23:17:28.734+0000] {processor.py:840} INFO - DAG(s) 'seismic_etl_pipeline' retrieved from /opt/airflow/dags/seismic_etl_pipeline.py
[2025-12-13T23:17:28.750+0000] {logging_mixin.py:188} INFO - [2025-12-13T23:17:28.749+0000] {dag.py:3033} INFO - Sync 1 DAGs
[2025-12-13T23:17:28.761+0000] {logging_mixin.py:188} INFO - [2025-12-13T23:17:28.761+0000] {dag.py:3820} INFO - Setting next_dagrun for seismic_etl_pipeline to 2025-12-13T00:00:00+00:00, run_after=2025-12-14T00:00:00+00:00
[2025-12-13T23:17:28.772+0000] {processor.py:183} INFO - Processing /opt/airflow/dags/seismic_etl_pipeline.py took 0.347 seconds
[2025-12-13T23:17:58.907+0000] {processor.py:161} INFO - Started process (PID=10968) to work on /opt/airflow/dags/seismic_etl_pipeline.py
[2025-12-13T23:17:58.908+0000] {processor.py:830} INFO - Processing file /opt/airflow/dags/seismic_etl_pipeline.py for tasks to queue
[2025-12-13T23:17:58.908+0000] {logging_mixin.py:188} INFO - [2025-12-13T23:17:58.908+0000] {dagbag.py:538} INFO - Filling up the DagBag from /opt/airflow/dags/seismic_etl_pipeline.py
[2025-12-13T23:17:59.213+0000] {processor.py:840} INFO - DAG(s) 'seismic_etl_pipeline' retrieved from /opt/airflow/dags/seismic_etl_pipeline.py
[2025-12-13T23:17:59.228+0000] {logging_mixin.py:188} INFO - [2025-12-13T23:17:59.228+0000] {dag.py:3033} INFO - Sync 1 DAGs
[2025-12-13T23:17:59.240+0000] {logging_mixin.py:188} INFO - [2025-12-13T23:17:59.240+0000] {dag.py:3820} INFO - Setting next_dagrun for seismic_etl_pipeline to 2025-12-13T00:00:00+00:00, run_after=2025-12-14T00:00:00+00:00
[2025-12-13T23:17:59.250+0000] {processor.py:183} INFO - Processing /opt/airflow/dags/seismic_etl_pipeline.py took 0.345 seconds
[2025-12-13T23:18:29.378+0000] {processor.py:161} INFO - Started process (PID=10991) to work on /opt/airflow/dags/seismic_etl_pipeline.py
[2025-12-13T23:18:29.379+0000] {processor.py:830} INFO - Processing file /opt/airflow/dags/seismic_etl_pipeline.py for tasks to queue
[2025-12-13T23:18:29.379+0000] {logging_mixin.py:188} INFO - [2025-12-13T23:18:29.379+0000] {dagbag.py:538} INFO - Filling up the DagBag from /opt/airflow/dags/seismic_etl_pipeline.py
[2025-12-13T23:18:29.680+0000] {processor.py:840} INFO - DAG(s) 'seismic_etl_pipeline' retrieved from /opt/airflow/dags/seismic_etl_pipeline.py
[2025-12-13T23:18:29.696+0000] {logging_mixin.py:188} INFO - [2025-12-13T23:18:29.695+0000] {dag.py:3033} INFO - Sync 1 DAGs
[2025-12-13T23:18:29.707+0000] {logging_mixin.py:188} INFO - [2025-12-13T23:18:29.707+0000] {dag.py:3820} INFO - Setting next_dagrun for seismic_etl_pipeline to 2025-12-13T00:00:00+00:00, run_after=2025-12-14T00:00:00+00:00
[2025-12-13T23:18:29.717+0000] {processor.py:183} INFO - Processing /opt/airflow/dags/seismic_etl_pipeline.py took 0.341 seconds
[2025-12-13T23:18:59.858+0000] {processor.py:161} INFO - Started process (PID=11014) to work on /opt/airflow/dags/seismic_etl_pipeline.py
[2025-12-13T23:18:59.858+0000] {processor.py:830} INFO - Processing file /opt/airflow/dags/seismic_etl_pipeline.py for tasks to queue
[2025-12-13T23:18:59.859+0000] {logging_mixin.py:188} INFO - [2025-12-13T23:18:59.858+0000] {dagbag.py:538} INFO - Filling up the DagBag from /opt/airflow/dags/seismic_etl_pipeline.py
[2025-12-13T23:19:00.161+0000] {processor.py:840} INFO - DAG(s) 'seismic_etl_pipeline' retrieved from /opt/airflow/dags/seismic_etl_pipeline.py
[2025-12-13T23:19:00.177+0000] {logging_mixin.py:188} INFO - [2025-12-13T23:19:00.176+0000] {dag.py:3033} INFO - Sync 1 DAGs
[2025-12-13T23:19:00.189+0000] {logging_mixin.py:188} INFO - [2025-12-13T23:19:00.189+0000] {dag.py:3820} INFO - Setting next_dagrun for seismic_etl_pipeline to 2025-12-13T00:00:00+00:00, run_after=2025-12-14T00:00:00+00:00
[2025-12-13T23:19:00.199+0000] {processor.py:183} INFO - Processing /opt/airflow/dags/seismic_etl_pipeline.py took 0.343 seconds
[2025-12-13T23:19:30.326+0000] {processor.py:161} INFO - Started process (PID=11037) to work on /opt/airflow/dags/seismic_etl_pipeline.py
[2025-12-13T23:19:30.326+0000] {processor.py:830} INFO - Processing file /opt/airflow/dags/seismic_etl_pipeline.py for tasks to queue
[2025-12-13T23:19:30.326+0000] {logging_mixin.py:188} INFO - [2025-12-13T23:19:30.326+0000] {dagbag.py:538} INFO - Filling up the DagBag from /opt/airflow/dags/seismic_etl_pipeline.py
[2025-12-13T23:19:30.628+0000] {processor.py:840} INFO - DAG(s) 'seismic_etl_pipeline' retrieved from /opt/airflow/dags/seismic_etl_pipeline.py
[2025-12-13T23:19:30.643+0000] {logging_mixin.py:188} INFO - [2025-12-13T23:19:30.643+0000] {dag.py:3033} INFO - Sync 1 DAGs
[2025-12-13T23:19:30.654+0000] {logging_mixin.py:188} INFO - [2025-12-13T23:19:30.654+0000] {dag.py:3820} INFO - Setting next_dagrun for seismic_etl_pipeline to 2025-12-13T00:00:00+00:00, run_after=2025-12-14T00:00:00+00:00
[2025-12-13T23:19:30.664+0000] {processor.py:183} INFO - Processing /opt/airflow/dags/seismic_etl_pipeline.py took 0.341 seconds
[2025-12-13T23:20:00.799+0000] {processor.py:161} INFO - Started process (PID=11060) to work on /opt/airflow/dags/seismic_etl_pipeline.py
[2025-12-13T23:20:00.799+0000] {processor.py:830} INFO - Processing file /opt/airflow/dags/seismic_etl_pipeline.py for tasks to queue
[2025-12-13T23:20:00.800+0000] {logging_mixin.py:188} INFO - [2025-12-13T23:20:00.799+0000] {dagbag.py:538} INFO - Filling up the DagBag from /opt/airflow/dags/seismic_etl_pipeline.py
[2025-12-13T23:20:01.104+0000] {processor.py:840} INFO - DAG(s) 'seismic_etl_pipeline' retrieved from /opt/airflow/dags/seismic_etl_pipeline.py
[2025-12-13T23:20:01.119+0000] {logging_mixin.py:188} INFO - [2025-12-13T23:20:01.119+0000] {dag.py:3033} INFO - Sync 1 DAGs
[2025-12-13T23:20:01.131+0000] {logging_mixin.py:188} INFO - [2025-12-13T23:20:01.131+0000] {dag.py:3820} INFO - Setting next_dagrun for seismic_etl_pipeline to 2025-12-13T00:00:00+00:00, run_after=2025-12-14T00:00:00+00:00
[2025-12-13T23:20:01.141+0000] {processor.py:183} INFO - Processing /opt/airflow/dags/seismic_etl_pipeline.py took 0.344 seconds
[2025-12-13T23:20:31.278+0000] {processor.py:161} INFO - Started process (PID=11083) to work on /opt/airflow/dags/seismic_etl_pipeline.py
[2025-12-13T23:20:31.279+0000] {processor.py:830} INFO - Processing file /opt/airflow/dags/seismic_etl_pipeline.py for tasks to queue
[2025-12-13T23:20:31.279+0000] {logging_mixin.py:188} INFO - [2025-12-13T23:20:31.279+0000] {dagbag.py:538} INFO - Filling up the DagBag from /opt/airflow/dags/seismic_etl_pipeline.py
[2025-12-13T23:20:31.591+0000] {processor.py:840} INFO - DAG(s) 'seismic_etl_pipeline' retrieved from /opt/airflow/dags/seismic_etl_pipeline.py
[2025-12-13T23:20:31.606+0000] {logging_mixin.py:188} INFO - [2025-12-13T23:20:31.606+0000] {dag.py:3033} INFO - Sync 1 DAGs
[2025-12-13T23:20:31.618+0000] {logging_mixin.py:188} INFO - [2025-12-13T23:20:31.618+0000] {dag.py:3820} INFO - Setting next_dagrun for seismic_etl_pipeline to 2025-12-13T00:00:00+00:00, run_after=2025-12-14T00:00:00+00:00
[2025-12-13T23:20:31.628+0000] {processor.py:183} INFO - Processing /opt/airflow/dags/seismic_etl_pipeline.py took 0.352 seconds
[2025-12-13T23:21:01.756+0000] {processor.py:161} INFO - Started process (PID=11106) to work on /opt/airflow/dags/seismic_etl_pipeline.py
[2025-12-13T23:21:01.756+0000] {processor.py:830} INFO - Processing file /opt/airflow/dags/seismic_etl_pipeline.py for tasks to queue
[2025-12-13T23:21:01.757+0000] {logging_mixin.py:188} INFO - [2025-12-13T23:21:01.757+0000] {dagbag.py:538} INFO - Filling up the DagBag from /opt/airflow/dags/seismic_etl_pipeline.py
[2025-12-13T23:21:02.062+0000] {processor.py:840} INFO - DAG(s) 'seismic_etl_pipeline' retrieved from /opt/airflow/dags/seismic_etl_pipeline.py
[2025-12-13T23:21:02.078+0000] {logging_mixin.py:188} INFO - [2025-12-13T23:21:02.078+0000] {dag.py:3033} INFO - Sync 1 DAGs
[2025-12-13T23:21:02.090+0000] {logging_mixin.py:188} INFO - [2025-12-13T23:21:02.090+0000] {dag.py:3820} INFO - Setting next_dagrun for seismic_etl_pipeline to 2025-12-13T00:00:00+00:00, run_after=2025-12-14T00:00:00+00:00
[2025-12-13T23:21:02.100+0000] {processor.py:183} INFO - Processing /opt/airflow/dags/seismic_etl_pipeline.py took 0.347 seconds
[2025-12-13T23:21:32.233+0000] {processor.py:161} INFO - Started process (PID=11129) to work on /opt/airflow/dags/seismic_etl_pipeline.py
[2025-12-13T23:21:32.234+0000] {processor.py:830} INFO - Processing file /opt/airflow/dags/seismic_etl_pipeline.py for tasks to queue
[2025-12-13T23:21:32.234+0000] {logging_mixin.py:188} INFO - [2025-12-13T23:21:32.234+0000] {dagbag.py:538} INFO - Filling up the DagBag from /opt/airflow/dags/seismic_etl_pipeline.py
[2025-12-13T23:21:32.541+0000] {processor.py:840} INFO - DAG(s) 'seismic_etl_pipeline' retrieved from /opt/airflow/dags/seismic_etl_pipeline.py
[2025-12-13T23:21:32.557+0000] {logging_mixin.py:188} INFO - [2025-12-13T23:21:32.556+0000] {dag.py:3033} INFO - Sync 1 DAGs
[2025-12-13T23:21:32.568+0000] {logging_mixin.py:188} INFO - [2025-12-13T23:21:32.568+0000] {dag.py:3820} INFO - Setting next_dagrun for seismic_etl_pipeline to 2025-12-13T00:00:00+00:00, run_after=2025-12-14T00:00:00+00:00
[2025-12-13T23:21:32.578+0000] {processor.py:183} INFO - Processing /opt/airflow/dags/seismic_etl_pipeline.py took 0.347 seconds
[2025-12-13T23:22:02.708+0000] {processor.py:161} INFO - Started process (PID=11152) to work on /opt/airflow/dags/seismic_etl_pipeline.py
[2025-12-13T23:22:02.714+0000] {processor.py:830} INFO - Processing file /opt/airflow/dags/seismic_etl_pipeline.py for tasks to queue
[2025-12-13T23:22:02.715+0000] {logging_mixin.py:188} INFO - [2025-12-13T23:22:02.715+0000] {dagbag.py:538} INFO - Filling up the DagBag from /opt/airflow/dags/seismic_etl_pipeline.py
[2025-12-13T23:22:03.019+0000] {processor.py:840} INFO - DAG(s) 'seismic_etl_pipeline' retrieved from /opt/airflow/dags/seismic_etl_pipeline.py
[2025-12-13T23:22:03.034+0000] {logging_mixin.py:188} INFO - [2025-12-13T23:22:03.034+0000] {dag.py:3033} INFO - Sync 1 DAGs
[2025-12-13T23:22:03.046+0000] {logging_mixin.py:188} INFO - [2025-12-13T23:22:03.046+0000] {dag.py:3820} INFO - Setting next_dagrun for seismic_etl_pipeline to 2025-12-13T00:00:00+00:00, run_after=2025-12-14T00:00:00+00:00
[2025-12-13T23:22:03.056+0000] {processor.py:183} INFO - Processing /opt/airflow/dags/seismic_etl_pipeline.py took 0.351 seconds
[2025-12-13T23:22:33.184+0000] {processor.py:161} INFO - Started process (PID=11175) to work on /opt/airflow/dags/seismic_etl_pipeline.py
[2025-12-13T23:22:33.184+0000] {processor.py:830} INFO - Processing file /opt/airflow/dags/seismic_etl_pipeline.py for tasks to queue
[2025-12-13T23:22:33.185+0000] {logging_mixin.py:188} INFO - [2025-12-13T23:22:33.185+0000] {dagbag.py:538} INFO - Filling up the DagBag from /opt/airflow/dags/seismic_etl_pipeline.py
[2025-12-13T23:22:33.494+0000] {processor.py:840} INFO - DAG(s) 'seismic_etl_pipeline' retrieved from /opt/airflow/dags/seismic_etl_pipeline.py
[2025-12-13T23:22:33.509+0000] {logging_mixin.py:188} INFO - [2025-12-13T23:22:33.509+0000] {dag.py:3033} INFO - Sync 1 DAGs
[2025-12-13T23:22:33.521+0000] {logging_mixin.py:188} INFO - [2025-12-13T23:22:33.520+0000] {dag.py:3820} INFO - Setting next_dagrun for seismic_etl_pipeline to 2025-12-13T00:00:00+00:00, run_after=2025-12-14T00:00:00+00:00
[2025-12-13T23:22:33.530+0000] {processor.py:183} INFO - Processing /opt/airflow/dags/seismic_etl_pipeline.py took 0.349 seconds
[2025-12-13T23:23:03.665+0000] {processor.py:161} INFO - Started process (PID=11198) to work on /opt/airflow/dags/seismic_etl_pipeline.py
[2025-12-13T23:23:03.666+0000] {processor.py:830} INFO - Processing file /opt/airflow/dags/seismic_etl_pipeline.py for tasks to queue
[2025-12-13T23:23:03.667+0000] {logging_mixin.py:188} INFO - [2025-12-13T23:23:03.666+0000] {dagbag.py:538} INFO - Filling up the DagBag from /opt/airflow/dags/seismic_etl_pipeline.py
[2025-12-13T23:23:03.974+0000] {processor.py:840} INFO - DAG(s) 'seismic_etl_pipeline' retrieved from /opt/airflow/dags/seismic_etl_pipeline.py
[2025-12-13T23:23:03.990+0000] {logging_mixin.py:188} INFO - [2025-12-13T23:23:03.990+0000] {dag.py:3033} INFO - Sync 1 DAGs
[2025-12-13T23:23:04.002+0000] {logging_mixin.py:188} INFO - [2025-12-13T23:23:04.002+0000] {dag.py:3820} INFO - Setting next_dagrun for seismic_etl_pipeline to 2025-12-13T00:00:00+00:00, run_after=2025-12-14T00:00:00+00:00
[2025-12-13T23:23:04.012+0000] {processor.py:183} INFO - Processing /opt/airflow/dags/seismic_etl_pipeline.py took 0.349 seconds
[2025-12-13T23:23:34.138+0000] {processor.py:161} INFO - Started process (PID=11221) to work on /opt/airflow/dags/seismic_etl_pipeline.py
[2025-12-13T23:23:34.139+0000] {processor.py:830} INFO - Processing file /opt/airflow/dags/seismic_etl_pipeline.py for tasks to queue
[2025-12-13T23:23:34.140+0000] {logging_mixin.py:188} INFO - [2025-12-13T23:23:34.139+0000] {dagbag.py:538} INFO - Filling up the DagBag from /opt/airflow/dags/seismic_etl_pipeline.py
[2025-12-13T23:23:34.450+0000] {processor.py:840} INFO - DAG(s) 'seismic_etl_pipeline' retrieved from /opt/airflow/dags/seismic_etl_pipeline.py
[2025-12-13T23:23:34.466+0000] {logging_mixin.py:188} INFO - [2025-12-13T23:23:34.466+0000] {dag.py:3033} INFO - Sync 1 DAGs
[2025-12-13T23:23:34.478+0000] {logging_mixin.py:188} INFO - [2025-12-13T23:23:34.477+0000] {dag.py:3820} INFO - Setting next_dagrun for seismic_etl_pipeline to 2025-12-13T00:00:00+00:00, run_after=2025-12-14T00:00:00+00:00
[2025-12-13T23:23:34.488+0000] {processor.py:183} INFO - Processing /opt/airflow/dags/seismic_etl_pipeline.py took 0.352 seconds
[2025-12-13T23:24:04.620+0000] {processor.py:161} INFO - Started process (PID=11244) to work on /opt/airflow/dags/seismic_etl_pipeline.py
[2025-12-13T23:24:04.620+0000] {processor.py:830} INFO - Processing file /opt/airflow/dags/seismic_etl_pipeline.py for tasks to queue
[2025-12-13T23:24:04.621+0000] {logging_mixin.py:188} INFO - [2025-12-13T23:24:04.621+0000] {dagbag.py:538} INFO - Filling up the DagBag from /opt/airflow/dags/seismic_etl_pipeline.py
[2025-12-13T23:24:04.921+0000] {processor.py:840} INFO - DAG(s) 'seismic_etl_pipeline' retrieved from /opt/airflow/dags/seismic_etl_pipeline.py
[2025-12-13T23:24:04.936+0000] {logging_mixin.py:188} INFO - [2025-12-13T23:24:04.936+0000] {dag.py:3033} INFO - Sync 1 DAGs
[2025-12-13T23:24:04.948+0000] {logging_mixin.py:188} INFO - [2025-12-13T23:24:04.948+0000] {dag.py:3820} INFO - Setting next_dagrun for seismic_etl_pipeline to 2025-12-13T00:00:00+00:00, run_after=2025-12-14T00:00:00+00:00
[2025-12-13T23:24:04.959+0000] {processor.py:183} INFO - Processing /opt/airflow/dags/seismic_etl_pipeline.py took 0.341 seconds
[2025-12-13T23:24:35.110+0000] {processor.py:161} INFO - Started process (PID=11267) to work on /opt/airflow/dags/seismic_etl_pipeline.py
[2025-12-13T23:24:35.111+0000] {processor.py:830} INFO - Processing file /opt/airflow/dags/seismic_etl_pipeline.py for tasks to queue
[2025-12-13T23:24:35.111+0000] {logging_mixin.py:188} INFO - [2025-12-13T23:24:35.111+0000] {dagbag.py:538} INFO - Filling up the DagBag from /opt/airflow/dags/seismic_etl_pipeline.py
[2025-12-13T23:24:35.412+0000] {processor.py:840} INFO - DAG(s) 'seismic_etl_pipeline' retrieved from /opt/airflow/dags/seismic_etl_pipeline.py
[2025-12-13T23:24:35.427+0000] {logging_mixin.py:188} INFO - [2025-12-13T23:24:35.427+0000] {dag.py:3033} INFO - Sync 1 DAGs
[2025-12-13T23:24:35.438+0000] {logging_mixin.py:188} INFO - [2025-12-13T23:24:35.438+0000] {dag.py:3820} INFO - Setting next_dagrun for seismic_etl_pipeline to 2025-12-13T00:00:00+00:00, run_after=2025-12-14T00:00:00+00:00
[2025-12-13T23:24:35.448+0000] {processor.py:183} INFO - Processing /opt/airflow/dags/seismic_etl_pipeline.py took 0.341 seconds
[2025-12-13T23:25:05.582+0000] {processor.py:161} INFO - Started process (PID=11290) to work on /opt/airflow/dags/seismic_etl_pipeline.py
[2025-12-13T23:25:05.583+0000] {processor.py:830} INFO - Processing file /opt/airflow/dags/seismic_etl_pipeline.py for tasks to queue
[2025-12-13T23:25:05.583+0000] {logging_mixin.py:188} INFO - [2025-12-13T23:25:05.583+0000] {dagbag.py:538} INFO - Filling up the DagBag from /opt/airflow/dags/seismic_etl_pipeline.py
[2025-12-13T23:25:05.881+0000] {processor.py:840} INFO - DAG(s) 'seismic_etl_pipeline' retrieved from /opt/airflow/dags/seismic_etl_pipeline.py
[2025-12-13T23:25:05.896+0000] {logging_mixin.py:188} INFO - [2025-12-13T23:25:05.896+0000] {dag.py:3033} INFO - Sync 1 DAGs
[2025-12-13T23:25:05.908+0000] {logging_mixin.py:188} INFO - [2025-12-13T23:25:05.908+0000] {dag.py:3820} INFO - Setting next_dagrun for seismic_etl_pipeline to 2025-12-13T00:00:00+00:00, run_after=2025-12-14T00:00:00+00:00
[2025-12-13T23:25:05.918+0000] {processor.py:183} INFO - Processing /opt/airflow/dags/seismic_etl_pipeline.py took 0.338 seconds
